timestamp,F2_UT_STK01_NOX_DRY,F2_UT_STK01_FLOW,F2_UT_STK01_TEMP,F2_UT_SCR01_FAN_SP,F2_UT_SCR01_DP,F2_FAB_DRY_UTIL,F2_FAB_CVD_UTIL,F2_FAB_WET_UTIL,F2_FAB_IMP_UTIL,F2_UT_AMB_TEMP,F2_UT_SCR01_FAN_HZ
2025-03-01 00:00:00,56.597,11299.34,38.653,353.996,96.886,47.7,43.57,53.59,45.41,-0.22,58.8
2025-03-01 00:05:00,60.09,11111.627,38.74,357.304,107.262,48.12,43.66,53.66,45.46,-0.27,58.81
2025-03-01 00:10:00,51.617,10954.593,38.283,356.93,99.183,47.4,43.28,52.94,46.01,-0.48,58.82
2025-03-01 00:15:00,60.296,10729.291,38.933,351.65,96.42,46.7,42.94,52.46,43.71,0.31,58.83
2025-03-01 00:20:00,56.472,11115.308,38.808,349.225,100.971,46.52,42.52,52.89,45.21,-0.48,58.83
2025-03-01 00:25:00,58.333,11017.738,39.291,354.174,105.734,46.92,42.72,52.08,44.91,-0.75,58.84
2025-03-01 00:30:00,57.994,11017.335,39.262,349.925,98.785,47.26,43.01,53.91,45.04,-0.24,58.85
2025-03-01 00:35:00,53.818,11081.206,38.813,353.635,95.524,46.52,42.02,51.78,44.19,-0.03,58.86
2025-03-01 00:40:00,55.552,10966.415,38.427,348.979,97.783,47.29,42.68,53.28,45.5,0.42,58.87
2025-03-01 00:45:00,57.39,11311.427,39.423,356.58,105.14,47.53,44.05,53.4,44.8,0.57,58.88
2025-03-01 00:50:00,49.6,10983.359,39.067,357.501,102.569,47.42,43.5,53.53,45.59,-0.41,58.89
2025-03-01 00:55:00,52.429,11152.316,39.319,351.801,102.212,46.49,42.97,52.39,45.62,-0.27,58.9
2025-03-01 01:00:00,59.762,10989.64,39.025,357.656,98.103,46.64,42.3,53.19,44.79,-0.7,58.9
2025-03-01 01:05:00,50.99,10976.188,39.139,353.373,98.3,47.37,42.8,53.2,45.55,-0.96,58.91
2025-03-01 01:10:00,61.917,11009.424,38.786,349.853,104.541,47.78,43.01,54.08,45.72,-1.14,58.92
2025-03-01 01:15:00,57.879,11183.038,39.101,351.697,101.244,47.34,43.92,53.68,46.65,-1.53,58.93
2025-03-01 01:20:00,53.371,11166.999,39.077,351.014,94.145,47.68,44.12,53.81,45.51,0.96,58.94
2025-03-01 01:25:00,53.478,11204.392,38.91,345.635,102.038,48.04,44.0,54.38,46.41,-1.25,58.95
2025-03-01 01:30:00,60.955,10990.032,39.136,349.264,98.415,48.14,44.01,54.63,46.48,0.72,58.96
2025-03-01 01:35:00,54.25,11102.051,38.754,345.766,100.268,48.19,44.33,53.52,46.3,-1.88,58.97
2025-03-01 01:40:00,61.097,11469.881,40.018,347.144,96.437,47.28,43.3,52.52,44.82,-0.78,58.97
2025-03-01 01:45:00,56.863,11292.544,38.84,352.207,104.921,47.97,43.36,53.02,45.32,-0.69,58.98
2025-03-01 01:50:00,62.327,11224.083,38.635,353.207,102.815,47.31,43.26,53.82,45.48,-0.2,58.99
2025-03-01 01:55:00,57.563,11229.378,39.356,357.86,98.612,47.25,43.05,53.75,45.62,-0.43,59.0
2025-03-01 02:00:00,53.016,11339.96,39.12,351.397,101.497,48.8,44.08,54.24,45.51,0.57,59.01
2025-03-01 02:05:00,50.928,11073.022,39.201,356.405,98.921,46.65,43.03,53.0,45.1,-1.96,59.02
2025-03-01 02:10:00,56.441,11076.848,39.316,351.239,100.527,47.32,41.93,53.2,44.81,0.47,59.03
2025-03-01 02:15:00,58.437,10986.652,38.62,352.762,98.081,47.5,43.66,53.18,45.17,-0.46,59.03
2025-03-01 02:20:00,60.722,11219.123,38.67,361.048,96.789,47.14,43.47,54.03,45.41,-1.05,59.04
2025-03-01 02:25:00,57.556,11162.828,38.981,347.637,101.438,47.82,43.75,53.36,45.19,-1.8,59.05
2025-03-01 02:30:00,59.151,11147.245,39.271,348.588,101.297,47.56,44.15,53.14,45.52,0.28,59.06
2025-03-01 02:35:00,54.695,10948.082,38.646,354.216,101.942,47.91,43.72,53.99,45.58,-1.77,59.07
2025-03-01 02:40:00,57.582,11377.941,38.372,349.589,98.967,47.84,43.36,53.21,45.45,-1.96,59.08
2025-03-01 02:45:00,56.914,11143.039,39.007,350.48,99.263,47.66,43.01,53.02,45.97,-2.32,59.09
2025-03-01 02:50:00,58.799,11150.603,38.882,346.926,98.304,46.75,42.6,53.83,44.94,-1.46,59.09
2025-03-01 02:55:00,55.257,11268.706,39.36,357.826,100.028,47.18,43.11,53.45,45.57,0.13,59.1
2025-03-01 03:00:00,54.275,11436.285,38.904,360.815,101.091,47.49,43.42,54.16,45.22,-1.31,59.11
2025-03-01 03:05:00,54.092,11287.947,39.598,353.322,101.128,47.94,44.57,54.87,45.8,0.62,59.12
2025-03-01 03:10:00,59.177,11437.285,39.205,354.53,100.262,48.97,45.46,55.96,46.64,-1.09,59.13
2025-03-01 03:15:00,55.158,11383.397,38.323,345.206,103.43,49.87,46.46,55.47,48.4,0.33,59.14
2025-03-01 03:20:00,57.666,11350.043,38.845,346.289,102.632,49.58,46.55,55.23,47.26,-1.99,59.14
2025-03-01 03:25:00,56.745,11271.659,39.154,357.031,106.325,50.19,45.96,55.91,47.63,0.79,59.15
2025-03-01 03:30:00,59.618,11304.222,38.955,356.561,100.106,49.43,45.18,55.8,46.71,0.13,59.16
2025-03-01 03:35:00,57.587,11086.238,39.053,351.281,102.143,48.76,45.36,55.17,47.29,1.5,59.17
2025-03-01 03:40:00,56.672,11504.263,38.607,354.094,101.935,49.87,46.07,55.66,46.75,-1.1,59.18
2025-03-01 03:45:00,64.943,11323.925,38.97,353.257,101.792,50.14,45.74,56.63,48.12,-0.01,59.19
2025-03-01 03:50:00,55.473,11462.617,39.595,355.237,97.887,49.92,45.92,56.17,48.18,1.03,59.19
2025-03-01 03:55:00,55.925,11571.447,38.76,356.181,105.313,49.62,46.05,56.26,47.84,0.45,59.2
2025-03-01 04:00:00,61.046,11328.274,38.851,351.258,101.757,49.58,45.77,55.64,47.87,1.12,59.21
2025-03-01 04:05:00,56.387,11300.34,39.207,347.334,105.214,49.96,46.21,56.73,47.98,-0.26,59.22
2025-03-01 04:10:00,58.37,11158.25,38.965,348.608,100.814,50.01,46.41,56.24,47.79,-0.37,59.23
2025-03-01 04:15:00,57.577,11605.978,38.228,344.644,105.078,50.68,45.48,56.46,48.09,0.14,59.23
2025-03-01 04:20:00,59.644,11302.782,38.507,352.334,108.018,51.35,46.89,57.46,49.55,-0.14,59.24
2025-03-01 04:25:00,57.502,11343.078,39.494,354.897,104.68,51.41,47.01,56.9,48.91,0.56,59.25
2025-03-01 04:30:00,56.061,11830.275,38.896,354.216,102.512,50.17,46.73,55.77,49.02,0.51,59.26
2025-03-01 04:35:00,59.965,11777.697,39.079,354.604,106.361,50.55,45.75,56.21,47.82,0.04,59.27
2025-03-01 04:40:00,57.314,11419.7,38.777,355.779,104.38,49.67,46.37,55.88,48.28,-0.97,59.28
2025-03-01 04:45:00,59.406,11578.345,38.99,354.558,101.673,48.92,44.78,54.84,47.15,1.17,59.28
2025-03-01 04:50:00,54.918,11202.503,38.795,356.76,102.972,48.73,44.94,54.52,46.04,1.71,59.29
2025-03-01 04:55:00,61.282,11244.759,40.056,361.807,107.576,49.24,44.76,55.0,48.15,2.09,59.3
2025-03-01 05:00:00,57.365,11145.048,38.772,358.614,105.383,49.72,45.7,55.4,47.5,1.63,59.31
2025-03-01 05:05:00,56.465,11178.832,39.492,361.253,104.216,50.4,45.83,56.22,47.57,-0.11,59.32
2025-03-01 05:10:00,59.786,11479.928,38.216,347.792,103.492,49.56,45.33,55.25,46.76,0.61,59.32
2025-03-01 05:15:00,61.345,11309.339,39.516,353.009,102.029,49.51,45.99,55.27,47.32,3.06,59.33
2025-03-01 05:20:00,53.369,11259.064,38.775,348.567,102.218,48.49,44.76,55.16,46.26,2.2,59.34
2025-03-01 05:25:00,61.921,11401.898,39.444,352.762,102.295,48.82,44.56,54.39,46.16,1.46,59.35
2025-03-01 05:30:00,58.807,11478.429,39.428,350.872,101.035,48.94,45.61,55.64,46.72,2.93,59.35
2025-03-01 05:35:00,57.227,11539.121,39.384,354.956,97.396,48.83,44.82,54.59,46.15,0.99,59.36
2025-03-01 05:40:00,57.305,11494.439,39.496,355.137,105.332,49.67,45.29,56.4,47.45,1.64,59.37
2025-03-01 05:45:00,61.862,11135.984,39.551,348.2,108.516,48.78,45.35,55.07,46.61,1.26,59.38
2025-03-01 05:50:00,55.748,11014.984,39.457,353.106,98.2,48.24,44.3,54.5,46.18,3.18,59.38
2025-03-01 05:55:00,55.01,11398.685,39.475,357.747,101.317,48.45,44.98,55.5,47.12,2.05,59.39
2025-03-01 06:00:00,59.424,11128.044,39.139,354.719,100.605,49.9,44.68,55.19,47.39,3.0,59.4
2025-03-01 06:05:00,55.197,11236.193,39.593,356.752,103.699,50.21,45.73,56.65,48.19,2.71,59.41
2025-03-01 06:10:00,56.087,11172.126,39.799,358.771,101.108,49.49,45.15,55.28,47.27,3.52,59.42
2025-03-01 06:15:00,57.664,11263.041,39.499,359.278,107.212,49.68,44.48,55.41,47.33,3.22,59.42
2025-03-01 06:20:00,58.123,11249.861,39.152,354.628,98.48,49.21,45.0,54.93,47.67,2.56,59.43
2025-03-01 06:25:00,58.849,11567.299,39.827,352.277,102.243,50.02,45.12,55.92,47.97,3.14,59.44
2025-03-01 06:30:00,60.429,11368.64,39.315,348.564,104.922,50.19,46.13,55.99,48.72,3.91,59.44
2025-03-01 06:35:00,57.568,11404.033,39.242,359.946,102.897,49.71,46.43,56.03,48.0,3.86,59.45
2025-03-01 06:40:00,61.195,11350.39,38.992,355.649,107.081,49.41,46.3,56.08,47.92,1.89,59.46
2025-03-01 06:45:00,57.971,11270.476,39.174,360.531,105.124,49.2,46.4,55.14,47.67,3.7,59.47
2025-03-01 06:50:00,58.868,11666.944,38.832,349.513,103.421,49.96,46.26,55.89,47.87,2.29,59.47
2025-03-01 06:55:00,55.727,11715.778,38.899,355.978,103.59,50.54,46.46,56.43,47.96,2.32,59.48
2025-03-01 07:00:00,55.335,11363.22,39.308,354.107,111.565,50.49,47.56,57.0,49.14,3.27,59.49
2025-03-01 07:05:00,59.106,11576.678,39.517,349.877,105.927,52.69,48.32,58.04,50.08,3.34,59.5
2025-03-01 07:10:00,56.842,11460.232,39.169,352.891,106.35,51.77,48.04,57.9,50.07,3.0,59.5
2025-03-01 07:15:00,59.759,11480.468,39.793,360.626,102.34,51.16,46.93,56.83,48.63,3.51,59.51
2025-03-01 07:20:00,57.799,11439.979,38.722,360.776,99.016,50.13,46.26,56.81,47.51,5.43,59.52
2025-03-01 07:25:00,53.346,11664.514,39.007,356.385,107.52,51.37,46.95,56.87,49.31,3.79,59.52
2025-03-01 07:30:00,57.077,11635.316,39.968,354.781,104.886,50.89,47.62,57.04,49.22,5.08,59.53
2025-03-01 07:35:00,60.642,11659.819,39.063,359.836,110.908,50.94,47.18,56.72,49.16,5.44,59.54
2025-03-01 07:40:00,54.247,11307.987,39.485,361.621,103.71,51.75,47.77,57.55,49.06,4.51,59.54
2025-03-01 07:45:00,60.76,11375.274,39.889,357.406,107.083,51.24,47.13,57.13,48.46,5.58,59.55
2025-03-01 07:50:00,63.369,11461.816,39.394,349.031,107.768,51.53,47.92,58.42,49.91,4.04,59.56
2025-03-01 07:55:00,54.457,11590.745,39.047,355.926,107.323,52.25,48.06,57.82,49.72,6.84,59.56
2025-03-01 08:00:00,58.341,11477.46,39.916,352.773,107.598,50.81,46.61,57.58,49.89,5.65,59.57
2025-03-01 08:05:00,58.509,11520.5,39.919,357.308,104.333,51.88,47.42,57.41,49.3,4.11,59.58
2025-03-01 08:10:00,65.246,11402.907,39.254,356.502,110.545,52.03,47.7,57.79,49.68,4.17,59.58
2025-03-01 08:15:00,55.74,11549.701,40.142,351.082,105.135,51.19,46.88,56.35,49.16,5.71,59.59
2025-03-01 08:20:00,59.473,11265.129,39.792,355.113,103.832,51.16,46.82,57.41,48.8,6.04,59.6
2025-03-01 08:25:00,58.308,11622.232,39.97,358.107,105.433,50.86,46.96,56.96,49.49,6.94,59.6
2025-03-01 08:30:00,59.324,11310.337,39.586,363.517,105.855,50.26,46.33,56.81,49.29,7.78,59.61
2025-03-01 08:35:00,53.211,11167.109,39.244,357.861,106.435,50.67,47.12,56.99,48.7,6.16,59.62
2025-03-01 08:40:00,59.028,11522.89,39.515,352.664,104.311,51.4,47.15,56.91,49.56,6.47,59.62
2025-03-01 08:45:00,57.002,11302.496,39.929,356.723,104.586,49.79,46.54,56.74,47.09,5.62,59.63
2025-03-01 08:50:00,58.491,11494.911,39.515,357.139,105.587,49.38,45.61,55.96,47.74,6.11,59.64
2025-03-01 08:55:00,59.673,11625.522,40.463,349.921,102.131,50.44,46.14,56.15,47.43,8.34,59.64
2025-03-01 09:00:00,59.248,11806.34,39.185,355.999,102.193,51.19,46.89,57.16,49.23,5.31,59.65
2025-03-01 09:05:00,56.823,11544.482,39.983,361.074,106.542,51.31,48.36,57.63,49.92,5.83,59.65
2025-03-01 09:10:00,60.173,11250.137,39.656,360.461,105.879,50.09,45.86,56.52,48.6,6.38,59.66
2025-03-01 09:15:00,62.067,11620.615,39.285,357.257,101.164,50.52,46.63,56.43,48.57,6.84,59.67
2025-03-01 09:20:00,55.801,11194.258,39.834,353.04,104.13,51.85,47.02,56.29,48.62,6.93,59.67
2025-03-01 09:25:00,59.813,11417.829,39.457,355.965,107.256,51.02,48.14,57.42,50.49,6.61,59.68
2025-03-01 09:30:00,58.143,11648.976,40.045,359.118,108.627,52.31,49.09,59.04,49.92,8.45,59.68
2025-03-01 09:35:00,59.184,11606.457,40.222,356.232,105.364,51.48,48.56,57.57,49.55,6.64,59.69
2025-03-01 09:40:00,61.638,11475.607,39.468,353.355,103.304,50.67,46.85,57.28,49.32,6.01,59.7
2025-03-01 09:45:00,59.613,11405.58,40.466,349.068,104.667,51.19,46.08,56.16,48.89,8.05,59.7
2025-03-01 09:50:00,58.343,11489.666,39.767,355.26,108.941,51.09,47.41,56.74,48.67,7.55,59.71
2025-03-01 09:55:00,56.036,11343.645,39.759,351.771,104.342,50.54,47.61,57.29,48.85,7.59,59.71
2025-03-01 10:00:00,58.66,11295.284,39.23,351.255,105.627,51.31,47.07,57.6,49.35,9.15,59.72
2025-03-01 10:05:00,60.717,11329.814,39.733,350.64,105.683,51.3,48.15,57.64,48.69,9.51,59.72
2025-03-01 10:10:00,62.865,11481.544,40.019,359.601,106.375,52.92,48.61,57.9,50.86,8.87,59.73
2025-03-01 10:15:00,61.628,11733.482,39.81,358.136,103.44,52.01,47.86,58.59,49.32,6.52,59.74
2025-03-01 10:20:00,58.581,11540.601,39.944,351.551,101.774,51.39,48.34,58.48,50.19,8.24,59.74
2025-03-01 10:25:00,57.487,11528.196,39.757,359.472,106.752,51.28,47.33,57.49,48.92,8.73,59.75
2025-03-01 10:30:00,57.391,11684.546,39.631,357.321,104.412,50.78,46.92,56.9,48.54,8.65,59.75
2025-03-01 10:35:00,56.753,11358.032,39.717,355.151,105.709,49.46,45.82,55.56,47.79,9.25,59.76
2025-03-01 10:40:00,59.665,10987.679,39.824,358.677,105.219,49.3,46.04,54.69,48.15,7.67,59.76
2025-03-01 10:45:00,57.906,11383.772,39.636,362.824,104.569,49.64,45.83,55.78,47.33,8.23,59.77
2025-03-01 10:50:00,63.785,11503.522,40.205,348.307,103.677,50.18,47.42,57.3,48.72,9.12,59.77
2025-03-01 10:55:00,57.77,11440.871,39.878,356.511,103.082,51.54,47.5,57.16,49.68,9.47,59.78
2025-03-01 11:00:00,59.748,11210.846,39.809,355.561,98.678,50.13,47.21,57.13,48.62,8.32,59.78
2025-03-01 11:05:00,56.992,11506.522,39.714,358.242,104.298,51.23,47.0,57.39,49.56,8.97,59.79
2025-03-01 11:10:00,57.926,11915.056,39.593,358.503,106.158,51.24,48.1,57.14,49.61,8.47,59.79
2025-03-01 11:15:00,59.197,11578.557,40.356,359.786,110.239,52.44,48.6,58.97,50.55,8.41,59.8
2025-03-01 11:20:00,59.223,11777.145,39.639,354.997,105.635,52.35,47.58,57.88,51.07,9.63,59.8
2025-03-01 11:25:00,60.41,11554.046,40.037,357.733,107.356,52.42,49.52,58.71,49.72,8.5,59.81
2025-03-01 11:30:00,60.733,11576.314,39.999,363.263,108.964,51.85,48.53,59.11,51.01,10.24,59.81
2025-03-01 11:35:00,57.522,11827.459,40.427,361.991,107.424,53.59,48.69,59.63,51.01,8.48,59.82
2025-03-01 11:40:00,59.506,11641.615,40.313,354.888,108.511,53.46,49.81,60.88,52.18,9.25,59.82
2025-03-01 11:45:00,65.198,11525.685,40.553,365.667,107.643,54.55,51.38,59.24,52.27,9.38,59.83
2025-03-01 11:50:00,60.209,11427.11,39.781,356.855,106.728,54.28,49.93,60.11,51.93,8.9,59.83
2025-03-01 11:55:00,66.993,11784.746,39.672,357.076,107.567,54.64,50.33,59.86,52.91,9.95,59.83
2025-03-01 12:00:00,63.888,11839.923,39.519,350.405,110.775,54.77,50.64,61.22,52.44,7.89,59.84
2025-03-01 12:05:00,62.486,11659.096,39.304,348.967,107.629,54.07,50.44,60.59,50.68,9.65,59.84
2025-03-01 12:10:00,63.651,11851.951,40.174,352.508,112.146,54.87,50.89,59.75,52.61,9.98,59.85
2025-03-01 12:15:00,56.966,12075.468,39.882,348.591,108.234,54.95,51.09,61.51,52.81,10.09,59.85
2025-03-01 12:20:00,60.413,11370.292,39.766,348.955,111.59,54.78,51.34,60.98,53.15,11.06,59.86
2025-03-01 12:25:00,63.518,11892.293,40.335,363.171,111.154,54.56,51.14,61.21,53.05,10.05,59.86
2025-03-01 12:30:00,60.29,11924.882,39.875,357.44,109.378,55.04,50.49,60.85,52.13,10.58,59.86
2025-03-01 12:35:00,65.042,11465.517,40.497,353.238,113.04,55.11,51.08,61.7,52.94,10.36,59.87
2025-03-01 12:40:00,62.272,11594.356,39.69,354.423,107.765,54.33,50.23,60.3,52.88,9.01,59.87
2025-03-01 12:45:00,59.867,11452.032,40.162,352.885,110.982,54.97,50.82,60.87,52.93,9.48,59.88
2025-03-01 12:50:00,56.75,11504.701,39.558,356.863,111.394,54.19,49.84,60.21,51.87,9.45,59.88
2025-03-01 12:55:00,66.158,11549.66,40.001,354.346,110.18,54.79,50.41,60.88,52.56,9.84,59.88
2025-03-01 13:00:00,63.626,11925.14,39.419,355.99,110.1,55.19,51.04,60.34,52.96,9.82,59.89
2025-03-01 13:05:00,62.623,11750.553,40.252,354.97,110.682,53.99,50.21,59.52,52.04,11.33,59.89
2025-03-01 13:10:00,60.821,11745.608,39.998,352.109,109.505,55.69,50.81,61.48,53.73,9.54,59.89
2025-03-01 13:15:00,61.603,11630.99,39.759,359.526,107.563,54.27,50.49,60.74,52.65,9.08,59.9
2025-03-01 13:20:00,60.41,11520.556,40.058,355.952,107.415,53.99,50.04,60.21,51.91,11.1,59.9
2025-03-01 13:25:00,64.54,11559.855,39.592,349.778,113.515,55.49,51.03,61.57,53.79,10.89,59.91
2025-03-01 13:30:00,62.923,11582.397,39.412,356.025,111.116,55.04,51.9,61.2,53.96,8.94,59.91
2025-03-01 13:35:00,68.654,11917.482,40.151,351.87,111.604,56.46,52.8,62.18,54.04,10.66,59.91
2025-03-01 13:40:00,59.597,11993.361,39.695,349.84,109.345,56.53,52.86,62.51,54.59,10.31,59.92
2025-03-01 13:45:00,63.979,11748.957,39.622,358.192,110.969,56.49,52.24,62.7,54.05,8.64,59.92
2025-03-01 13:50:00,58.451,11814.841,39.425,361.241,112.584,54.97,50.6,61.77,53.15,9.14,59.92
2025-03-01 13:55:00,55.409,11993.837,39.642,356.123,114.881,55.89,51.01,62.13,53.7,9.35,59.92
2025-03-01 14:00:00,65.347,11088.37,39.954,358.434,108.063,55.44,51.8,61.47,52.99,11.22,59.93
2025-03-01 14:05:00,63.188,11990.503,40.53,359.764,110.239,54.93,51.22,61.0,53.96,10.68,59.93
2025-03-01 14:10:00,60.257,11647.874,39.817,350.598,107.965,55.1,51.56,61.09,53.54,9.11,59.93
2025-03-01 14:15:00,63.835,11813.904,40.297,356.78,110.713,55.47,51.44,61.38,54.14,9.94,59.94
2025-03-01 14:20:00,62.896,11928.594,39.76,353.055,109.14,55.74,51.09,60.91,53.98,10.11,59.94
2025-03-01 14:25:00,59.523,11924.577,39.352,350.775,108.598,55.62,51.6,61.96,53.29,9.69,59.94
2025-03-01 14:30:00,61.509,11767.632,39.825,351.52,111.321,56.47,51.77,61.48,53.57,11.23,59.94
2025-03-01 14:35:00,61.629,11932.243,39.519,354.747,110.974,56.81,52.21,62.55,55.02,11.09,59.95
2025-03-01 14:40:00,62.638,11703.591,40.614,353.056,111.646,57.26,52.16,62.33,53.79,9.63,59.95
2025-03-01 14:45:00,61.659,11619.296,40.423,350.752,108.884,56.84,53.11,63.15,54.95,10.12,59.95
2025-03-01 14:50:00,65.811,11979.246,39.732,353.095,112.701,57.55,54.13,63.63,55.6,10.78,59.95
2025-03-01 14:55:00,64.699,11780.392,40.282,350.099,109.193,57.52,54.25,64.79,56.14,9.44,59.96
2025-03-01 15:00:00,61.214,12206.295,39.697,353.511,115.151,58.9,54.13,65.6,56.79,9.18,59.96
2025-03-01 15:05:00,61.526,11799.9,39.9,361.001,113.484,59.67,55.6,65.87,56.9,9.06,59.96
2025-03-01 15:10:00,69.296,11761.435,39.44,350.813,113.761,60.31,55.85,66.74,58.26,8.98,59.96
2025-03-01 15:15:00,64.316,11625.341,39.61,355.476,114.78,58.95,55.4,64.93,56.84,8.54,59.97
2025-03-01 15:20:00,61.325,11692.008,39.893,354.473,116.321,58.06,54.07,64.79,56.37,8.47,59.97
2025-03-01 15:25:00,65.939,12088.205,39.458,359.262,111.733,58.03,54.86,64.24,56.92,9.71,59.97
2025-03-01 15:30:00,68.998,11950.025,40.447,349.549,113.615,59.41,55.79,64.92,57.39,9.5,59.97
2025-03-01 15:35:00,59.447,11690.721,39.953,354.55,116.937,59.35,55.92,66.87,57.66,10.36,59.97
2025-03-01 15:40:00,60.919,11950.884,39.646,354.781,114.468,59.49,56.37,66.05,57.6,8.84,59.98
2025-03-01 15:45:00,65.081,12133.173,39.757,350.091,115.669,60.88,57.0,67.52,59.17,8.62,59.98
2025-03-01 15:50:00,68.504,12005.933,39.709,352.686,115.934,60.67,57.0,66.04,58.32,9.0,59.98
2025-03-01 15:55:00,66.514,11891.211,40.544,348.297,112.58,61.07,57.55,67.63,59.03,9.76,59.98
2025-03-01 16:00:00,67.565,12269.603,39.566,351.665,116.192,61.74,57.69,68.27,59.9,8.23,59.98
2025-03-01 16:05:00,67.139,12173.05,39.918,352.871,114.324,60.89,57.1,66.49,58.34,9.46,59.98
2025-03-01 16:10:00,65.553,11803.494,39.637,357.651,111.824,59.95,55.77,66.49,58.41,8.56,59.98
2025-03-01 16:15:00,65.024,12185.552,39.692,354.423,117.947,60.03,55.66,66.23,58.72,9.08,59.99
2025-03-01 16:20:00,61.095,11958.345,39.991,353.527,116.07,59.87,54.77,65.78,57.77,8.42,59.99
2025-03-01 16:25:00,67.625,11992.92,39.477,355.991,114.118,59.67,56.0,66.37,57.9,8.61,59.99
2025-03-01 16:30:00,69.211,11826.014,39.811,364.992,111.414,60.18,55.99,65.86,57.59,10.34,59.99
2025-03-01 16:35:00,66.136,11658.375,39.9,352.571,115.6,59.02,55.48,65.25,57.04,7.35,59.99
2025-03-01 16:40:00,67.532,11811.183,39.718,352.619,113.257,59.27,55.25,65.53,58.42,7.7,59.99
2025-03-01 16:45:00,61.185,11852.2,39.35,351.327,115.373,60.19,57.13,66.06,57.73,7.43,59.99
2025-03-01 16:50:00,60.688,11897.657,39.949,358.745,113.952,60.38,56.73,67.37,58.66,7.84,59.99
2025-03-01 16:55:00,66.727,11949.429,39.834,356.658,117.07,60.41,56.73,66.56,57.99,9.41,59.99
2025-03-01 17:00:00,63.73,11430.589,38.771,353.33,109.267,60.12,54.79,65.2,57.64,6.98,60.0
2025-03-01 17:05:00,65.598,11822.779,40.683,357.387,110.257,59.87,55.53,65.44,56.89,8.79,60.0
2025-03-01 17:10:00,64.3,12192.038,39.411,357.507,115.968,58.19,54.8,64.54,56.61,8.56,60.0
2025-03-01 17:15:00,59.804,11799.592,40.109,354.491,112.439,58.26,53.89,64.91,56.22,7.69,60.0
2025-03-01 17:20:00,65.858,11650.972,40.448,360.486,110.175,57.31,53.09,63.66,55.77,7.86,60.0
2025-03-01 17:25:00,63.011,11874.236,39.981,352.729,108.825,58.43,54.36,63.88,56.14,6.77,60.0
2025-03-01 17:30:00,66.135,11733.559,39.138,352.765,117.418,58.59,54.49,64.76,56.38,8.17,60.0
2025-03-01 17:35:00,66.292,11815.358,39.888,359.152,111.706,58.07,53.07,63.23,56.22,7.72,60.0
2025-03-01 17:40:00,68.165,11679.071,39.845,358.128,109.616,58.38,54.17,63.7,56.46,8.21,60.0
2025-03-01 17:45:00,66.264,11834.311,39.55,353.692,110.157,58.65,54.59,64.63,57.19,6.84,60.0
2025-03-01 17:50:00,62.78,11764.425,39.908,351.714,116.898,58.95,55.11,66.22,57.46,6.74,60.0
2025-03-01 17:55:00,64.014,12035.857,40.279,352.476,113.033,59.59,55.59,66.04,58.83,7.51,60.0
2025-03-01 18:00:00,67.812,11876.955,39.856,352.628,115.572,59.23,55.45,65.44,56.82,7.14,60.0
2025-03-01 18:05:00,63.485,12242.595,39.511,360.957,111.912,58.98,55.02,65.6,57.38,6.27,60.0
2025-03-01 18:10:00,62.394,12196.127,39.558,350.788,113.511,58.93,55.72,65.22,57.18,6.25,60.0
2025-03-01 18:15:00,65.602,11612.782,39.736,353.815,115.73,58.6,55.54,65.01,56.56,6.37,60.0
2025-03-01 18:20:00,65.541,11848.071,39.523,356.431,113.042,59.07,54.02,64.55,56.84,6.21,60.0
2025-03-01 18:25:00,67.269,11761.327,40.575,354.282,114.659,58.64,55.62,65.01,56.53,6.89,60.0
2025-03-01 18:30:00,66.097,11878.878,39.822,356.411,116.227,59.02,54.7,65.62,57.34,5.64,60.0
2025-03-01 18:35:00,67.196,12160.921,39.424,358.342,115.827,59.72,56.08,65.71,57.36,6.95,60.0
2025-03-01 18:40:00,62.498,12176.982,39.543,362.101,110.936,58.44,54.89,64.22,57.7,5.03,60.0
2025-03-01 18:45:00,66.841,12163.967,40.303,355.725,110.362,58.97,54.25,64.43,56.89,5.93,60.0
2025-03-01 18:50:00,62.277,11725.331,39.841,346.496,114.109,58.42,54.14,64.1,56.68,5.36,60.0
2025-03-01 18:55:00,67.563,11848.512,39.195,361.107,111.757,58.87,54.46,64.45,56.96,7.07,60.0
2025-03-01 19:00:00,59.481,11590.593,39.688,352.393,112.707,58.2,54.14,64.28,56.75,5.26,60.0
2025-03-01 19:05:00,63.866,11834.387,39.789,352.727,110.848,58.04,55.05,64.09,57.31,5.09,59.99
2025-03-01 19:10:00,62.853,11812.676,39.061,353.607,110.431,57.67,54.33,63.86,56.33,5.83,59.99
2025-03-01 19:15:00,63.578,11535.3,38.973,363.068,113.315,58.42,53.73,65.02,56.26,4.0,59.99
2025-03-01 19:20:00,62.239,11895.741,39.203,351.3,115.465,58.36,54.6,63.49,56.01,5.46,59.99
2025-03-01 19:25:00,65.206,12126.222,39.25,353.908,109.207,59.1,54.98,64.88,56.86,3.87,59.99
2025-03-01 19:30:00,66.422,11636.476,39.634,362.149,113.168,58.89,55.58,65.07,57.31,4.53,59.99
2025-03-01 19:35:00,64.025,12011.814,39.836,354.343,116.988,60.12,56.2,66.04,57.26,6.23,59.99
2025-03-01 19:40:00,62.02,11946.193,39.272,358.015,115.729,60.97,56.35,66.93,58.87,5.03,59.99
2025-03-01 19:45:00,66.896,12129.893,39.506,353.94,115.794,60.1,56.7,67.64,59.15,3.55,59.99
2025-03-01 19:50:00,67.05,11933.235,39.842,350.606,114.562,61.36,56.93,67.14,59.47,4.6,59.98
2025-03-01 19:55:00,64.427,12049.069,39.325,350.368,111.891,61.32,57.04,66.63,59.45,4.63,59.98
2025-03-01 20:00:00,64.975,12091.078,38.697,362.599,116.194,60.47,57.02,66.24,58.37,4.02,59.98
2025-03-01 20:05:00,64.338,11878.018,39.758,356.747,114.642,61.89,58.02,67.88,59.67,3.88,59.98
2025-03-01 20:10:00,69.378,11894.738,39.148,353.441,115.238,62.6,59.95,68.95,61.29,3.41,59.98
2025-03-01 20:15:00,67.204,11845.843,40.181,347.156,116.716,62.69,58.62,69.11,60.96,5.11,59.98
2025-03-01 20:20:00,62.218,12145.752,39.749,352.216,116.887,63.61,59.37,70.83,61.18,3.16,59.98
2025-03-01 20:25:00,69.279,12141.28,40.113,348.394,113.601,64.22,59.2,69.7,61.22,3.57,59.97
2025-03-01 20:30:00,69.677,12341.273,39.742,354.38,119.928,63.16,59.34,68.89,61.43,3.67,59.97
2025-03-01 20:35:00,65.627,12196.444,38.701,346.24,116.11,64.04,59.05,68.68,61.07,3.56,59.97
2025-03-01 20:40:00,66.453,11904.481,40.01,353.86,117.272,62.92,58.15,68.84,61.1,4.73,59.97
2025-03-01 20:45:00,68.597,11999.473,40.329,354.148,117.492,62.71,58.74,68.82,60.81,3.54,59.97
2025-03-01 20:50:00,64.114,12145.251,39.144,349.801,119.839,62.92,60.02,70.3,62.37,3.13,59.96
2025-03-01 20:55:00,64.518,11935.376,39.028,355.599,115.897,63.42,59.89,70.09,61.98,2.4,59.96
2025-03-01 21:00:00,67.495,11955.719,39.287,351.097,114.263,62.73,59.15,70.36,61.54,2.16,59.96
2025-03-01 21:05:00,67.825,12199.517,39.213,354.767,116.454,64.26,61.47,70.75,62.85,2.0,59.96
2025-03-01 21:10:00,68.594,12115.485,39.228,350.906,121.367,66.01,61.42,71.76,63.77,2.9,59.95
2025-03-01 21:15:00,68.749,11750.51,38.991,345.829,117.747,65.43,62.18,71.79,63.5,1.16,59.95
2025-03-01 21:20:00,73.317,12154.77,38.907,352.223,115.95,64.87,60.9,71.6,63.02,1.39,59.95
2025-03-01 21:25:00,67.844,12335.503,39.877,355.904,120.425,65.01,60.94,71.5,63.61,2.1,59.95
2025-03-01 21:30:00,71.518,12334.714,39.487,352.244,116.126,66.06,61.22,71.96,64.07,1.51,59.94
2025-03-01 21:35:00,64.325,11922.33,39.105,351.125,124.289,64.95,61.37,71.33,62.96,2.25,59.94
2025-03-01 21:40:00,64.976,12219.114,39.676,350.493,114.251,65.11,60.81,71.99,62.73,0.54,59.94
2025-03-01 21:45:00,64.896,12264.434,39.746,353.21,117.992,65.71,61.12,70.79,63.22,1.05,59.94
2025-03-01 21:50:00,68.35,12438.083,39.583,350.705,118.475,65.3,61.04,72.75,63.93,1.31,59.93
2025-03-01 21:55:00,62.931,11895.816,39.735,348.098,116.793,65.53,61.63,71.62,64.25,2.06,59.93
2025-03-01 22:00:00,67.468,12233.481,39.77,345.146,119.278,67.51,63.03,73.29,64.77,0.58,59.93
2025-03-01 22:05:00,67.414,11854.447,39.148,348.708,116.818,66.41,63.22,73.08,64.33,3.08,59.92
2025-03-01 22:10:00,73.627,12449.497,39.49,349.633,117.506,67.85,64.74,73.67,66.15,-0.71,59.92
2025-03-01 22:15:00,68.844,12575.484,39.89,352.631,119.066,67.41,63.81,73.36,65.73,0.83,59.92
2025-03-01 22:20:00,70.178,12137.576,39.268,356.919,120.312,68.7,63.64,73.52,65.94,0.85,59.92
2025-03-01 22:25:00,69.168,11818.436,39.693,351.738,117.744,68.8,64.01,73.8,66.48,1.42,59.91
2025-03-01 22:30:00,69.863,12091.789,39.23,350.084,122.352,69.25,64.94,75.05,66.42,1.75,59.91
2025-03-01 22:35:00,69.588,12322.556,39.343,348.306,120.458,68.86,64.72,74.01,65.95,1.25,59.91
2025-03-01 22:40:00,72.549,12294.678,39.47,348.276,121.281,68.17,62.94,73.39,65.46,0.99,59.9
2025-03-01 22:45:00,69.885,12403.322,38.774,340.902,117.075,68.78,64.36,74.71,65.75,0.06,59.9
2025-03-01 22:50:00,72.263,12127.938,39.064,345.142,118.023,69.75,65.58,74.4,67.25,1.25,59.89
2025-03-01 22:55:00,72.543,12101.612,39.23,346.556,116.791,69.99,65.42,75.69,67.41,1.4,59.89
2025-03-01 23:00:00,74.655,12109.113,38.802,346.515,116.298,69.02,65.38,75.08,66.68,0.99,59.89
2025-03-01 23:05:00,69.328,12388.146,39.827,357.707,119.235,68.95,65.45,74.57,66.88,0.3,59.88
2025-03-01 23:10:00,68.118,12313.744,39.65,352.693,120.365,69.59,65.97,76.28,67.68,0.41,59.88
2025-03-01 23:15:00,69.899,12067.172,38.881,352.651,118.625,68.76,65.17,74.99,66.68,0.26,59.88
2025-03-01 23:20:00,69.886,12118.93,39.051,353.476,120.079,68.91,64.6,74.88,66.48,0.41,59.87
2025-03-01 23:25:00,72.374,12113.853,39.365,346.967,113.5,69.3,64.55,74.31,66.97,-2.62,59.87
2025-03-01 23:30:00,71.484,12144.288,39.095,345.334,123.781,68.25,65.21,73.92,66.07,0.43,59.86
2025-03-01 23:35:00,66.355,12094.008,38.897,342.397,116.495,67.38,63.26,74.28,65.92,0.78,59.86
2025-03-01 23:40:00,71.005,12273.041,38.793,346.736,116.27,67.82,64.28,74.72,66.49,-0.5,59.86
2025-03-01 23:45:00,71.652,12253.29,39.375,347.898,118.882,68.5,64.5,73.68,66.27,0.4,59.85
2025-03-01 23:50:00,69.881,12211.94,39.365,349.361,120.34,68.24,64.17,75.11,66.16,-0.68,59.85
2025-03-01 23:55:00,72.769,12040.999,39.941,347.544,116.847,68.98,65.22,75.22,67.11,0.54,59.84
2025-03-02 00:00:00,72.915,12599.962,39.486,343.298,118.346,68.64,65.32,74.7,66.55,-1.29,59.84
2025-03-02 00:05:00,69.755,12010.647,39.416,347.809,122.05,69.51,65.3,74.46,66.9,-1.18,59.83
2025-03-02 00:10:00,72.312,12205.726,38.515,352.672,125.322,69.47,65.0,75.55,68.07,0.05,59.83
2025-03-02 00:15:00,67.278,12327.091,39.217,342.637,120.128,69.44,65.44,75.88,67.93,-0.48,59.83
2025-03-02 00:20:00,67.93,12152.113,39.063,348.247,117.361,70.16,65.56,75.68,68.05,-0.58,59.82
2025-03-02 00:25:00,66.086,11899.647,39.47,348.375,118.198,69.08,65.56,74.38,66.03,-1.34,59.82
2025-03-02 00:30:00,65.764,12010.331,38.527,345.475,118.865,68.12,65.63,74.5,66.7,-1.87,59.81
2025-03-02 00:35:00,75.593,12191.58,39.161,349.811,119.399,69.06,65.57,74.91,66.75,0.12,59.81
2025-03-02 00:40:00,75.877,12153.888,39.453,353.594,119.264,70.42,65.99,75.02,67.59,-0.07,59.8
2025-03-02 00:45:00,69.979,12447.119,39.567,350.067,120.369,69.46,65.6,75.83,67.06,-0.34,59.8
2025-03-02 00:50:00,67.6,12529.899,39.299,349.25,121.143,69.09,64.13,75.67,67.21,-0.37,59.79
2025-03-02 00:55:00,70.482,12351.154,39.48,343.308,116.005,68.54,65.29,75.08,66.81,-0.85,59.79
2025-03-02 01:00:00,72.294,12327.207,39.182,349.725,124.549,69.49,65.44,75.54,67.38,-0.15,59.78
2025-03-02 01:05:00,75.342,12253.156,39.245,355.133,120.201,67.63,63.59,73.91,65.46,-1.26,59.78
2025-03-02 01:10:00,69.473,12101.604,38.174,347.635,119.701,68.77,64.83,74.56,65.86,-2.28,59.77
2025-03-02 01:15:00,69.945,12068.65,39.017,353.433,117.794,67.79,64.44,74.19,65.87,-1.14,59.77
2025-03-02 01:20:00,69.434,11964.396,39.246,346.332,118.327,67.63,63.58,73.85,65.62,-1.27,59.76
2025-03-02 01:25:00,72.07,12338.057,39.564,345.546,118.356,68.56,64.25,74.85,65.22,0.31,59.76
2025-03-02 01:30:00,69.807,12279.277,38.812,349.475,119.997,67.6,63.87,74.06,65.92,-1.41,59.75
2025-03-02 01:35:00,75.333,11800.769,39.248,349.185,118.628,67.72,64.38,74.22,66.25,-1.36,59.75
2025-03-02 01:40:00,70.374,12108.054,39.112,345.21,119.386,66.75,62.83,72.71,66.24,-0.0,59.74
2025-03-02 01:45:00,67.51,12058.243,38.966,344.35,117.308,68.23,64.0,74.13,66.3,-0.57,59.74
2025-03-02 01:50:00,67.306,11827.296,38.94,341.739,117.385,68.2,64.28,73.85,66.56,0.33,59.73
2025-03-02 01:55:00,69.986,11990.781,39.048,342.989,117.115,68.13,63.55,74.0,66.07,-0.43,59.72
2025-03-02 02:00:00,74.703,11961.969,39.246,351.504,118.768,65.92,63.04,72.63,63.97,-1.21,59.72
2025-03-02 02:05:00,70.824,11844.478,38.254,348.384,118.899,66.75,62.55,72.1,64.56,-0.91,59.71
2025-03-02 02:10:00,67.606,12342.184,39.262,345.306,118.3,66.12,62.45,71.73,64.27,-1.49,59.71
2025-03-02 02:15:00,68.623,11991.752,38.812,357.998,118.643,66.25,62.36,73.22,64.07,-0.92,59.7
2025-03-02 02:20:00,70.339,12196.245,39.504,350.94,118.428,66.27,62.78,71.53,64.07,-0.91,59.7
2025-03-02 02:25:00,68.523,11821.464,39.01,352.818,115.846,65.71,62.58,72.02,65.03,-0.69,59.69
2025-03-02 02:30:00,67.88,12099.419,39.619,346.703,118.486,66.38,62.67,72.44,63.74,0.82,59.68
2025-03-02 02:35:00,69.42,12216.451,39.266,341.5,115.699,66.71,63.61,72.96,64.79,0.18,59.68
2025-03-02 02:40:00,74.407,12357.073,39.22,352.012,119.406,67.62,62.87,73.51,64.67,-1.3,59.67
2025-03-02 02:45:00,69.65,12278.085,39.811,351.356,117.545,67.56,62.7,72.68,64.91,0.01,59.67
2025-03-02 02:50:00,70.123,12150.344,39.613,347.123,118.904,65.91,61.98,72.39,64.07,-0.11,59.66
2025-03-02 02:55:00,70.846,12301.578,39.388,346.505,117.667,66.42,62.75,73.5,64.6,-0.69,59.65
2025-03-02 03:00:00,69.963,12560.869,39.254,347.015,118.824,66.25,61.77,72.25,63.78,0.65,59.65
2025-03-02 03:05:00,70.561,12120.27,38.974,347.194,112.859,64.96,61.84,71.48,64.14,-0.22,59.64
2025-03-02 03:10:00,72.484,11890.85,39.114,347.802,117.297,66.75,62.29,72.18,64.74,0.4,59.64
2025-03-02 03:15:00,68.098,12203.633,38.884,356.556,118.857,66.69,63.27,72.63,64.46,-1.19,59.63
2025-03-02 03:20:00,71.634,12421.392,39.428,346.117,115.236,66.21,61.89,71.84,64.13,1.0,59.62
2025-03-02 03:25:00,71.178,12034.198,39.366,339.086,115.957,67.05,62.9,72.57,64.21,-1.11,59.62
2025-03-02 03:30:00,72.589,12211.03,39.16,342.09,114.226,67.04,62.93,73.22,65.93,-2.02,59.61
2025-03-02 03:35:00,76.255,12535.396,38.7,342.335,117.876,67.36,63.46,73.78,65.77,0.44,59.6
2025-03-02 03:40:00,69.989,12062.821,39.28,339.533,122.439,68.18,64.25,73.63,65.74,1.82,59.6
2025-03-02 03:45:00,71.296,11907.509,39.776,347.508,120.156,67.66,63.78,72.8,65.39,0.54,59.59
2025-03-02 03:50:00,65.647,12178.107,39.569,347.735,117.611,66.46,63.06,73.0,63.67,0.75,59.58
2025-03-02 03:55:00,70.746,12014.131,39.573,343.71,115.585,66.26,62.3,72.14,64.27,0.59,59.58
2025-03-02 04:00:00,70.374,12072.615,39.368,337.254,119.486,65.27,61.74,71.63,62.01,0.26,59.57
2025-03-02 04:05:00,68.238,11800.382,38.653,343.007,114.378,64.12,60.33,71.01,61.9,1.21,59.56
2025-03-02 04:10:00,64.805,12012.506,38.853,338.774,115.884,64.19,59.77,70.35,62.42,0.35,59.56
2025-03-02 04:15:00,61.231,12184.248,38.842,355.947,114.541,64.1,60.62,70.15,62.32,1.54,59.55
2025-03-02 04:20:00,69.813,11936.226,38.78,341.481,117.981,65.08,60.71,71.12,63.05,-0.94,59.54
2025-03-02 04:25:00,70.762,12179.893,39.378,348.311,112.988,65.62,61.38,72.04,63.99,-0.06,59.54
2025-03-02 04:30:00,72.223,12247.633,39.276,350.848,113.203,65.64,62.03,71.82,63.37,0.78,59.53
2025-03-02 04:35:00,69.146,12211.745,39.384,347.03,115.034,65.14,60.9,70.74,63.11,-0.1,59.52
2025-03-02 04:40:00,67.616,11817.035,39.306,340.833,112.991,65.21,61.19,71.57,63.66,0.35,59.52
2025-03-02 04:45:00,69.48,11842.553,39.277,349.553,115.14,64.51,60.58,70.06,62.22,0.72,59.51
2025-03-02 04:50:00,67.63,11984.903,39.273,353.578,111.982,65.18,60.75,70.99,63.28,0.87,59.5
2025-03-02 04:55:00,68.537,12222.644,39.159,349.412,120.358,64.39,61.0,71.14,63.1,1.61,59.5
2025-03-02 05:00:00,65.958,12096.01,39.079,347.983,117.395,64.54,60.46,70.55,62.93,0.99,59.49
2025-03-02 05:05:00,69.395,12027.579,39.586,342.364,119.221,64.21,61.05,69.97,62.5,0.85,59.48
2025-03-02 05:10:00,67.986,11731.356,39.318,349.826,108.531,64.0,60.04,70.22,61.83,3.93,59.47
2025-03-02 05:15:00,69.378,12113.315,39.457,351.082,117.885,63.7,60.22,70.62,62.36,0.88,59.47
2025-03-02 05:20:00,68.995,12008.993,39.058,349.768,115.74,64.22,59.2,70.08,62.1,3.26,59.46
2025-03-02 05:25:00,66.236,12138.6,39.015,347.41,111.2,63.31,58.9,69.06,60.91,0.91,59.45
2025-03-02 05:30:00,66.576,11683.977,39.63,340.033,109.516,62.92,58.37,68.8,60.78,0.61,59.44
2025-03-02 05:35:00,67.339,11703.311,39.567,347.466,114.984,62.92,58.14,69.04,60.15,1.39,59.44
2025-03-02 05:40:00,68.568,11975.381,38.876,349.956,108.42,61.77,57.68,68.44,59.95,1.44,59.43
2025-03-02 05:45:00,62.899,11557.421,39.699,346.346,111.349,61.7,58.54,68.57,59.38,1.18,59.42
2025-03-02 05:50:00,66.725,12073.446,39.425,348.013,109.226,62.02,57.4,66.97,60.29,2.3,59.42
2025-03-02 05:55:00,69.833,11788.015,39.194,348.279,106.647,62.75,58.22,67.97,59.99,2.79,59.41
2025-03-02 06:00:00,68.903,11807.17,38.571,344.652,111.556,62.88,58.05,68.15,60.09,2.0,59.4
2025-03-02 06:05:00,65.919,11868.428,39.349,340.126,113.896,63.76,58.53,69.37,60.31,3.15,59.39
2025-03-02 06:10:00,71.034,12055.512,39.399,347.379,117.453,63.01,59.64,69.24,61.59,2.58,59.38
2025-03-02 06:15:00,70.376,11877.925,39.264,352.318,113.058,62.94,58.55,69.01,60.97,2.43,59.38
2025-03-02 06:20:00,69.542,11655.182,39.124,340.547,110.961,62.24,58.54,67.99,60.8,3.19,59.37
2025-03-02 06:25:00,71.709,12052.636,39.154,353.034,114.722,63.77,59.59,69.58,61.66,3.03,59.36
2025-03-02 06:30:00,73.748,11990.782,39.764,346.288,114.115,64.5,59.86,69.64,61.88,3.02,59.35
2025-03-02 06:35:00,68.315,12272.589,39.807,339.673,116.874,62.98,60.31,70.73,61.97,2.8,59.35
2025-03-02 06:40:00,69.657,12008.36,39.507,341.231,115.212,64.71,59.97,70.89,62.45,3.35,59.34
2025-03-02 06:45:00,68.025,12339.237,39.187,347.804,114.453,64.91,61.09,70.91,62.56,3.55,59.33
2025-03-02 06:50:00,68.917,12130.358,39.088,345.274,112.452,65.27,60.63,70.64,63.08,3.46,59.32
2025-03-02 06:55:00,68.162,12095.605,40.108,340.95,117.21,65.25,60.82,70.71,63.07,2.35,59.32
2025-03-02 07:00:00,64.524,11863.747,39.592,343.78,113.458,64.32,60.29,71.28,62.57,4.39,59.31
2025-03-02 07:05:00,66.792,11905.693,39.728,343.676,117.153,63.98,60.37,70.07,61.93,4.96,59.3
2025-03-02 07:10:00,65.429,11951.071,39.701,344.455,110.905,63.76,59.9,70.35,61.94,4.72,59.29
2025-03-02 07:15:00,65.811,11949.18,39.368,341.098,115.557,64.84,60.45,70.19,61.54,4.09,59.28
2025-03-02 07:20:00,70.05,11811.946,39.545,333.968,117.388,64.62,61.02,71.08,63.15,4.23,59.28
2025-03-02 07:25:00,64.098,12026.875,39.353,337.143,107.869,65.65,61.83,71.43,63.4,3.87,59.27
2025-03-02 07:30:00,68.24,11913.208,39.555,339.475,115.86,64.82,60.98,71.16,62.76,4.52,59.26
2025-03-02 07:35:00,68.752,11996.161,39.119,344.409,110.803,63.95,59.95,70.25,61.47,4.83,59.25
2025-03-02 07:40:00,66.94,11957.204,39.651,346.937,112.534,65.13,61.3,71.49,62.52,6.31,59.24
2025-03-02 07:45:00,71.055,12333.171,39.147,343.633,116.281,67.29,62.96,73.11,63.38,5.49,59.23
2025-03-02 07:50:00,67.804,11949.157,39.918,344.339,115.266,65.82,62.57,72.36,64.51,2.12,59.23
2025-03-02 07:55:00,73.126,12082.518,39.134,346.366,114.272,66.03,62.8,72.43,64.84,6.2,59.22
2025-03-02 08:00:00,70.092,11815.092,39.27,342.723,114.289,65.86,61.72,70.94,64.41,4.29,59.21
2025-03-02 08:05:00,68.474,12087.862,39.804,341.628,118.85,66.73,62.18,72.17,63.7,4.72,59.2
2025-03-02 08:10:00,69.188,11896.905,40.052,339.524,115.603,67.44,64.0,73.22,66.22,5.59,59.19
2025-03-02 08:15:00,72.154,12236.744,39.642,340.858,117.833,66.44,62.32,71.75,64.22,5.96,59.19
2025-03-02 08:20:00,70.278,12144.605,39.831,346.018,116.451,65.27,61.53,71.57,63.95,5.46,59.18
2025-03-02 08:25:00,69.264,11760.906,39.516,342.851,114.255,65.62,61.56,72.55,63.29,5.26,59.17
2025-03-02 08:30:00,64.887,12209.273,39.351,342.911,115.309,66.61,62.39,72.49,63.73,4.93,59.16
2025-03-02 08:35:00,72.549,12293.916,39.247,345.767,113.41,65.83,62.13,72.47,64.68,7.26,59.15
2025-03-02 08:40:00,71.389,12021.451,39.096,336.542,115.274,66.11,62.55,71.77,65.11,6.11,59.14
2025-03-02 08:45:00,66.974,11802.805,39.432,348.661,112.365,65.58,62.19,71.32,64.14,5.92,59.14
2025-03-02 08:50:00,67.442,11886.628,39.974,350.013,115.476,67.11,62.52,72.25,64.63,5.74,59.13
2025-03-02 08:55:00,68.43,11808.001,39.551,336.255,111.195,66.38,62.15,72.6,64.82,5.3,59.12
2025-03-02 09:00:00,66.408,12125.431,39.885,346.994,117.808,66.59,62.9,72.22,64.37,7.67,59.11
2025-03-02 09:05:00,71.686,11968.619,39.263,335.702,113.05,66.98,63.09,74.07,65.47,6.8,59.1
2025-03-02 09:10:00,71.403,11728.775,39.332,338.153,115.711,67.27,63.14,73.74,64.9,8.38,59.09
2025-03-02 09:15:00,66.75,11777.707,39.715,341.334,113.018,67.09,64.0,73.72,66.06,5.32,59.09
2025-03-02 09:20:00,70.415,11888.469,39.285,341.908,113.733,67.81,63.98,73.92,64.53,6.36,59.08
2025-03-02 09:25:00,71.262,11870.008,39.142,338.218,115.811,67.88,64.21,73.81,65.61,5.96,59.07
2025-03-02 09:30:00,70.017,12120.48,39.371,343.317,115.614,67.31,63.65,73.75,66.0,7.41,59.06
2025-03-02 09:35:00,68.632,12324.509,39.077,346.842,112.722,66.77,62.29,72.53,64.14,6.91,59.05
2025-03-02 09:40:00,72.226,11775.695,39.333,342.626,117.496,67.3,64.13,72.95,66.08,8.16,59.04
2025-03-02 09:45:00,68.589,12212.321,39.834,336.921,115.277,66.59,62.82,72.8,64.4,7.55,59.03
2025-03-02 09:50:00,68.967,11983.985,39.637,344.673,116.961,66.79,62.65,72.53,65.06,7.1,59.03
2025-03-02 09:55:00,72.447,12111.858,39.806,336.443,117.423,68.12,63.84,73.51,65.78,7.75,59.02
2025-03-02 10:00:00,71.059,12041.266,39.596,337.0,116.474,67.17,62.98,73.61,65.63,9.53,59.01
2025-03-02 10:05:00,69.439,12027.319,39.673,334.88,113.051,66.46,63.26,72.42,64.79,7.52,59.0
2025-03-02 10:10:00,71.968,11968.706,39.207,344.638,115.314,66.27,62.57,71.77,64.83,7.97,58.99
2025-03-02 10:15:00,71.428,11785.171,39.597,341.32,113.661,65.78,60.94,71.77,63.72,7.53,58.98
2025-03-02 10:20:00,71.747,12016.723,39.453,342.224,116.297,65.5,60.99,70.93,63.36,9.09,58.97
2025-03-02 10:25:00,65.178,11734.348,39.938,344.854,110.757,64.85,59.82,69.9,62.34,8.61,58.97
2025-03-02 10:30:00,69.946,11747.226,40.019,342.673,114.281,63.77,60.47,69.84,62.58,9.48,58.96
2025-03-02 10:35:00,68.766,11907.77,40.537,334.499,113.588,64.17,60.77,70.35,62.36,9.95,58.95
2025-03-02 10:40:00,67.981,11919.806,39.41,344.416,114.484,64.8,61.24,70.21,62.12,8.68,58.94
2025-03-02 10:45:00,66.15,11761.708,40.16,340.252,110.713,64.76,60.85,71.26,63.15,8.73,58.93
2025-03-02 10:50:00,69.911,12007.21,39.777,341.795,112.851,64.49,60.66,71.26,63.19,7.86,58.92
2025-03-02 10:55:00,71.336,11927.388,39.885,337.383,112.205,64.19,60.61,70.03,62.43,9.52,58.91
2025-03-02 11:00:00,67.698,11934.848,40.119,338.777,109.918,65.85,61.29,71.74,62.57,9.47,58.9
2025-03-02 11:05:00,68.577,11923.835,39.526,335.645,113.45,63.8,60.79,70.46,63.8,10.46,58.9
2025-03-02 11:10:00,71.138,12117.785,39.837,342.836,110.364,64.86,60.9,70.63,62.06,8.9,58.89
2025-03-02 11:15:00,72.256,11664.011,39.942,340.058,115.283,65.44,61.07,71.04,63.28,9.92,58.88
2025-03-02 11:20:00,71.414,11736.456,40.095,335.554,113.176,65.93,60.76,70.73,62.32,9.47,58.87
2025-03-02 11:25:00,73.174,11880.576,39.572,339.935,114.36,64.63,59.89,70.75,62.31,8.96,58.86
2025-03-02 11:30:00,67.923,11991.845,39.754,341.337,114.448,63.55,59.19,69.29,60.67,9.68,58.85
2025-03-02 11:35:00,69.968,11604.051,39.413,331.676,115.863,62.39,58.86,68.92,60.45,10.45,58.84
2025-03-02 11:40:00,67.466,11946.649,39.531,346.084,115.322,61.98,59.31,68.28,60.5,10.34,58.83
2025-03-02 11:45:00,68.52,11584.595,39.79,342.084,113.39,62.9,59.03,69.29,60.72,9.14,58.83
2025-03-02 11:50:00,69.359,11587.926,39.796,342.216,110.937,62.9,58.67,69.54,60.54,10.32,58.82
2025-03-02 11:55:00,70.308,11926.512,39.346,340.76,108.629,63.73,59.64,68.86,61.49,9.91,58.81
2025-03-02 12:00:00,72.247,11808.235,39.406,343.065,109.272,62.41,58.81,68.32,60.43,9.27,58.8
2025-03-02 12:05:00,67.944,11667.672,39.422,333.996,109.34,62.41,58.54,68.08,60.07,9.93,58.79
2025-03-02 12:10:00,68.967,11205.15,39.193,344.285,111.196,61.44,57.21,66.81,59.2,9.52,58.78
2025-03-02 12:15:00,68.238,11830.512,40.388,339.801,108.072,60.94,56.54,66.35,58.23,9.88,58.77
2025-03-02 12:20:00,64.968,11660.406,39.826,339.99,108.769,61.66,56.67,66.78,59.12,10.79,58.77
2025-03-02 12:25:00,68.067,11514.26,39.964,336.343,109.636,61.39,56.34,67.01,59.34,8.92,58.76
2025-03-02 12:30:00,70.414,11506.762,39.596,340.052,108.401,59.86,56.62,66.78,59.19,10.85,58.75
2025-03-02 12:35:00,72.38,11922.982,39.779,342.216,108.051,60.43,55.95,66.6,58.41,9.73,58.74
2025-03-02 12:40:00,64.584,11551.663,39.7,336.817,108.915,60.07,56.23,65.36,57.16,9.21,58.73
2025-03-02 12:45:00,68.398,11576.795,39.768,342.758,109.988,59.97,56.77,66.68,58.45,10.2,58.72
2025-03-02 12:50:00,65.129,11438.178,39.283,343.787,108.234,61.2,57.53,67.69,58.59,9.02,58.71
2025-03-02 12:55:00,65.396,11856.312,39.268,333.242,108.663,60.36,56.45,66.71,59.32,10.49,58.7
2025-03-02 13:00:00,66.482,11685.061,39.833,337.421,108.916,61.03,56.89,66.94,58.38,8.72,58.7
2025-03-02 13:05:00,66.749,11936.984,39.464,332.639,109.711,61.13,56.89,66.96,58.32,11.14,58.69
2025-03-02 13:10:00,68.033,11892.135,39.544,336.294,106.676,60.11,57.11,66.39,58.11,9.6,58.68
2025-03-02 13:15:00,64.326,11524.075,39.636,329.867,108.269,60.46,56.39,66.33,57.91,11.44,58.67
2025-03-02 13:20:00,62.534,11384.759,39.625,341.903,102.466,59.1,55.5,65.78,58.21,10.59,58.66
2025-03-02 13:25:00,70.472,11847.031,39.79,338.276,110.275,59.69,55.41,64.96,57.24,11.39,58.65
2025-03-02 13:30:00,61.627,11512.778,39.786,342.016,108.049,57.89,55.15,64.83,56.38,9.92,58.64
2025-03-02 13:35:00,65.517,11498.119,39.881,342.677,109.917,58.0,53.13,63.97,55.21,10.21,58.63
2025-03-02 13:40:00,66.987,11555.022,39.625,339.354,111.751,57.23,53.52,63.88,55.34,11.07,58.63
2025-03-02 13:45:00,66.206,11374.142,39.862,334.868,108.637,58.12,53.92,63.74,55.71,10.19,58.62
2025-03-02 13:50:00,64.592,11605.009,39.595,339.726,107.805,58.01,54.25,63.99,55.69,10.17,58.61
2025-03-02 13:55:00,60.902,11619.607,39.254,338.756,109.299,58.73,53.3,64.16,56.38,9.79,58.6
2025-03-02 14:00:00,66.75,11797.075,39.597,335.964,108.31,59.15,54.24,64.44,56.48,10.22,58.59
2025-03-02 14:05:00,63.749,11284.079,39.958,338.584,105.883,58.38,54.57,64.11,56.45,11.09,58.58
2025-03-02 14:10:00,63.384,11782.32,39.975,340.84,107.646,58.76,54.4,65.06,56.67,10.29,58.57
2025-03-02 14:15:00,69.339,11668.347,39.926,339.289,111.78,59.03,54.06,64.91,56.76,9.85,58.57
2025-03-02 14:20:00,66.577,11524.78,39.431,333.871,107.182,58.78,54.33,65.06,57.19,9.54,58.56
2025-03-02 14:25:00,69.779,11485.783,40.198,340.783,106.939,58.54,55.3,65.38,56.86,11.48,58.55
2025-03-02 14:30:00,63.144,11739.868,38.94,336.547,107.456,58.32,55.37,65.2,56.38,9.54,58.54
2025-03-02 14:35:00,63.73,11579.04,40.619,336.675,107.371,57.93,54.93,63.71,56.05,8.36,58.53
2025-03-02 14:40:00,64.474,11390.054,39.843,338.298,104.826,58.77,54.81,64.6,56.6,10.04,58.52
2025-03-02 14:45:00,65.318,11447.537,40.269,338.205,110.239,58.14,54.14,64.73,55.29,10.32,58.51
2025-03-02 14:50:00,64.303,11986.713,39.501,338.987,103.222,58.32,54.6,65.28,55.57,9.59,58.51
2025-03-02 14:55:00,66.02,11797.016,39.942,335.42,109.711,59.53,55.24,64.82,55.96,9.71,58.5
2025-03-02 15:00:00,64.619,11614.856,39.671,346.584,106.525,57.78,53.66,64.88,55.92,9.87,58.49
2025-03-02 15:05:00,64.931,11578.963,39.485,339.481,108.367,58.46,54.14,64.73,56.46,9.46,58.48
2025-03-02 15:10:00,65.787,11588.014,40.012,340.931,106.965,58.2,54.14,65.77,56.59,10.38,58.47
2025-03-02 15:15:00,68.465,11565.022,39.226,333.531,111.202,59.77,55.4,65.14,56.79,9.03,58.46
2025-03-02 15:20:00,65.09,11615.701,39.719,342.166,109.171,59.61,54.59,64.95,57.37,10.14,58.46
2025-03-02 15:25:00,68.553,11392.794,39.791,332.13,106.19,59.1,55.17,64.44,56.75,9.1,58.45
2025-03-02 15:30:00,66.974,11932.315,39.78,337.041,109.22,59.31,54.94,65.8,57.11,9.26,58.44
2025-03-02 15:35:00,61.868,11646.558,39.653,338.27,109.029,60.03,55.49,65.69,58.27,9.9,58.43
2025-03-02 15:40:00,66.118,11420.028,39.343,334.417,107.331,60.16,55.11,65.18,58.24,9.74,58.42
2025-03-02 15:45:00,63.272,11713.941,39.213,328.649,109.268,60.36,55.94,66.25,57.15,9.06,58.41
2025-03-02 15:50:00,66.947,11781.524,40.079,331.371,109.368,60.31,55.76,65.85,57.81,11.55,58.41
2025-03-02 15:55:00,62.396,11626.208,39.415,336.417,110.028,59.96,55.96,66.5,58.25,9.58,58.4
2025-03-02 16:00:00,68.746,11399.013,40.045,335.71,106.135,59.6,54.61,65.41,57.82,9.53,58.39
2025-03-02 16:05:00,66.269,11582.737,40.19,331.471,108.989,59.37,56.15,66.07,57.68,9.42,58.38
2025-03-02 16:10:00,67.351,11477.259,40.509,340.106,110.623,59.28,55.54,64.9,56.97,10.21,58.37
2025-03-02 16:15:00,67.893,11458.966,39.698,342.55,105.054,58.85,55.3,66.39,58.08,8.88,58.37
2025-03-02 16:20:00,67.158,11465.974,40.181,331.438,110.08,59.31,55.69,64.68,57.58,9.88,58.36
2025-03-02 16:25:00,65.655,11589.703,38.86,335.692,109.255,58.46,55.52,65.26,56.66,10.62,58.35
2025-03-02 16:30:00,64.603,11381.249,39.308,337.582,107.281,59.52,55.34,65.15,58.28,6.67,58.34
2025-03-02 16:35:00,69.242,11939.173,40.078,328.958,111.362,59.71,57.11,66.2,58.3,9.59,58.33
2025-03-02 16:40:00,59.179,11387.667,39.669,342.722,107.54,59.35,55.27,65.77,57.8,8.64,58.32
2025-03-02 16:45:00,63.015,11866.389,39.372,327.748,107.808,58.55,54.6,65.22,57.2,8.33,58.32
2025-03-02 16:50:00,64.924,11616.774,39.43,335.282,106.633,58.93,54.95,65.0,56.49,8.82,58.31
2025-03-02 16:55:00,65.231,11390.616,39.636,332.747,108.18,59.02,55.09,64.98,56.91,9.71,58.3
2025-03-02 17:00:00,65.105,11784.325,39.874,339.825,110.115,60.25,55.22,65.54,57.87,9.31,58.29
2025-03-02 17:05:00,73.703,11611.829,39.118,336.801,108.118,60.36,56.1,65.57,57.88,7.17,58.28
2025-03-02 17:10:00,67.775,11913.1,40.264,335.278,108.865,60.16,56.37,65.75,57.77,7.86,58.28
2025-03-02 17:15:00,65.193,11503.67,39.177,334.071,107.985,61.18,57.13,67.6,58.55,9.34,58.27
2025-03-02 17:20:00,72.507,11779.356,39.528,333.526,113.651,61.7,57.5,67.9,59.41,8.68,58.26
2025-03-02 17:25:00,68.923,11750.094,39.426,330.275,106.522,60.98,57.15,66.87,58.43,6.53,58.25
2025-03-02 17:30:00,66.756,11655.135,39.735,336.285,111.333,60.51,56.48,66.18,57.99,7.23,58.25
2025-03-02 17:35:00,68.825,11790.737,38.944,329.636,105.329,61.42,56.54,67.28,59.33,6.94,58.24
2025-03-02 17:40:00,66.64,11788.649,39.114,331.739,107.936,61.15,56.88,67.04,58.6,7.2,58.23
2025-03-02 17:45:00,70.137,11988.362,39.702,335.292,106.043,62.02,57.83,68.42,59.82,7.07,58.22
2025-03-02 17:50:00,67.405,11937.027,39.445,328.246,105.287,61.85,58.53,68.62,60.15,5.67,58.22
2025-03-02 17:55:00,64.985,11821.482,38.529,328.232,106.956,62.58,58.37,68.65,60.91,6.1,58.21
2025-03-02 18:00:00,66.779,11785.345,39.087,329.684,113.156,63.87,60.07,70.5,61.64,6.97,58.2
2025-03-02 18:05:00,73.095,11796.021,39.32,327.557,109.135,64.15,60.78,71.14,62.77,7.63,58.19
2025-03-02 18:10:00,72.272,11352.419,39.479,329.839,110.458,63.69,60.12,69.46,62.02,7.95,58.18
2025-03-02 18:15:00,68.022,11897.013,39.143,335.077,114.574,63.65,59.67,69.49,62.29,6.19,58.18
2025-03-02 18:20:00,69.234,11743.082,39.072,337.987,116.421,63.34,58.01,68.4,60.17,6.01,58.17
2025-03-02 18:25:00,69.954,11870.509,39.503,329.664,112.674,62.02,59.53,68.68,60.27,5.83,58.16
2025-03-02 18:30:00,65.407,11745.062,39.662,328.35,109.187,62.0,57.57,67.72,59.8,6.9,58.16
2025-03-02 18:35:00,71.421,11830.99,39.865,325.101,106.11,62.21,58.55,69.04,60.7,6.19,58.15
2025-03-02 18:40:00,65.985,11631.311,39.501,327.109,104.334,61.37,57.91,67.7,59.9,6.39,58.14
2025-03-02 18:45:00,69.24,11375.475,39.532,333.762,109.573,63.14,58.04,67.9,60.55,7.01,58.13
2025-03-02 18:50:00,66.561,11569.354,39.614,334.566,104.331,62.82,58.78,68.6,60.74,5.69,58.13
2025-03-02 18:55:00,69.585,11748.198,39.077,330.856,109.803,63.42,59.55,69.02,61.4,7.02,58.12
2025-03-02 19:00:00,69.14,11640.16,38.958,331.746,112.069,62.72,59.79,69.47,61.36,6.02,58.11
2025-03-02 19:05:00,67.285,11892.783,38.809,328.326,114.562,63.0,59.07,68.8,61.06,5.04,58.1
2025-03-02 19:10:00,65.79,11797.37,39.809,332.478,104.474,64.28,59.41,70.76,62.33,4.75,58.1
2025-03-02 19:15:00,68.742,11593.81,39.233,331.111,110.57,64.85,60.68,70.64,62.86,5.43,58.09
2025-03-02 19:20:00,74.506,11640.603,39.842,328.664,109.666,65.72,60.91,71.64,63.84,3.88,58.08
2025-03-02 19:25:00,68.205,11468.95,38.427,326.092,112.284,64.5,61.2,71.42,62.68,4.05,58.08
2025-03-02 19:30:00,69.855,11765.921,39.625,327.6,107.257,64.19,59.73,70.67,62.74,6.56,58.07
2025-03-02 19:35:00,71.09,11835.746,39.006,338.376,111.709,64.5,60.42,70.36,62.77,4.26,58.06
2025-03-02 19:40:00,72.972,12012.093,38.824,326.619,114.743,65.34,61.76,71.49,63.29,3.64,58.06
2025-03-02 19:45:00,70.678,11736.032,39.559,329.422,112.253,66.4,62.06,71.31,64.34,4.36,58.05
2025-03-02 19:50:00,69.015,11652.301,39.569,324.323,112.876,66.18,61.93,72.77,64.1,3.47,58.04
2025-03-02 19:55:00,69.278,11501.154,38.416,322.156,109.278,64.73,61.68,70.93,63.4,3.16,58.04
2025-03-02 20:00:00,68.425,11798.694,39.212,333.859,112.939,64.97,60.74,71.32,63.58,4.97,58.03
2025-03-02 20:05:00,70.035,11780.457,39.313,337.126,114.442,64.15,60.99,71.61,62.7,6.11,58.02
2025-03-02 20:10:00,68.767,11711.882,39.166,332.045,108.899,65.48,60.55,71.34,63.06,3.04,58.02
2025-03-02 20:15:00,69.308,11885.806,39.496,331.136,108.061,63.94,61.71,71.39,63.2,3.21,58.01
2025-03-02 20:20:00,76.317,11695.782,39.095,321.052,108.875,65.75,62.48,71.94,64.32,4.21,58.0
2025-03-02 20:25:00,73.016,11938.81,39.478,324.412,109.305,65.95,62.5,72.18,64.72,3.19,58.0
2025-03-02 20:30:00,70.581,11797.728,38.522,336.506,111.078,65.83,61.82,72.06,63.99,3.73,57.99
2025-03-02 20:35:00,74.091,11890.041,39.123,332.908,111.728,66.5,62.36,72.2,63.59,3.26,57.98
2025-03-02 20:40:00,68.433,11989.102,39.054,340.192,109.866,65.72,61.82,71.86,63.75,4.14,57.98
2025-03-02 20:45:00,72.92,11654.073,39.354,328.695,110.742,65.5,62.05,71.41,63.28,4.23,57.97
2025-03-02 20:50:00,70.145,11803.49,39.292,327.61,108.601,64.94,61.07,71.26,62.56,2.81,57.96
2025-03-02 20:55:00,69.141,11560.339,39.298,330.568,113.784,65.02,61.24,71.11,63.73,4.09,57.96
2025-03-02 21:00:00,68.693,11315.807,39.237,329.077,109.815,65.69,62.09,71.21,63.79,3.84,57.95
2025-03-02 21:05:00,71.05,11473.47,39.416,335.316,108.057,64.47,60.96,71.4,63.49,2.44,57.95
2025-03-02 21:10:00,72.834,11871.796,38.911,330.783,112.432,65.17,62.2,71.63,62.71,4.03,57.94
2025-03-02 21:15:00,70.397,11538.135,39.252,327.342,108.583,66.37,63.08,72.11,64.56,2.85,57.93
2025-03-02 21:20:00,73.604,11860.294,38.498,324.497,110.211,66.03,61.81,70.98,63.91,2.04,57.93
2025-03-02 21:25:00,71.052,11894.859,39.251,324.85,111.993,66.41,62.79,72.27,64.6,3.72,57.92
2025-03-02 21:30:00,72.398,11403.401,39.038,332.708,113.479,66.91,61.86,72.75,63.61,2.96,57.92
2025-03-02 21:35:00,71.367,12124.558,39.318,323.815,109.434,67.28,62.2,72.27,63.77,2.4,57.91
2025-03-02 21:40:00,75.063,12015.063,38.92,328.536,110.849,66.3,62.89,72.31,64.49,1.95,57.9
2025-03-02 21:45:00,69.054,11881.192,39.191,326.21,106.698,67.26,62.26,72.81,64.53,2.28,57.9
2025-03-02 21:50:00,67.872,11984.128,39.336,319.074,113.86,66.39,62.47,73.12,64.92,1.21,57.89
2025-03-02 21:55:00,68.856,11562.471,39.595,326.714,111.032,67.08,63.47,73.6,65.28,2.02,57.89
2025-03-02 22:00:00,71.45,11723.889,38.396,323.469,113.819,68.16,63.4,72.92,65.32,3.15,57.88
2025-03-02 22:05:00,70.646,12010.496,38.748,326.906,111.727,67.14,63.83,73.43,65.17,0.59,57.88
2025-03-02 22:10:00,66.858,11505.05,38.875,327.723,108.502,67.1,63.88,74.0,65.75,0.91,57.87
2025-03-02 22:15:00,69.481,11888.661,38.608,330.829,112.965,67.18,63.29,73.1,65.14,0.1,57.86
2025-03-02 22:20:00,68.503,11872.428,39.049,334.058,111.835,67.97,63.61,73.35,65.28,1.02,57.86
2025-03-02 22:25:00,74.082,11946.267,38.278,325.897,109.791,68.62,64.72,74.23,66.46,1.88,57.85
2025-03-02 22:30:00,73.653,12086.066,38.808,327.196,116.101,67.76,64.56,73.64,65.58,0.28,57.85
2025-03-02 22:35:00,70.415,11886.089,39.517,330.066,110.438,68.31,63.48,73.62,66.35,1.08,57.84
2025-03-02 22:40:00,70.033,11723.933,38.337,328.912,110.995,68.63,64.2,73.27,65.84,-0.14,57.84
2025-03-02 22:45:00,71.873,11843.87,39.435,330.049,112.836,69.0,64.6,74.63,66.42,-0.19,57.83
2025-03-02 22:50:00,72.799,11860.736,38.573,322.539,117.8,69.08,65.06,74.45,66.2,0.11,57.83
2025-03-02 22:55:00,68.25,11730.361,38.825,320.398,113.098,68.69,64.1,74.66,66.22,0.38,57.82
2025-03-02 23:00:00,70.733,12216.344,38.724,325.751,114.509,67.5,63.52,73.67,65.95,0.11,57.82
2025-03-02 23:05:00,70.777,11956.614,38.763,327.098,114.402,66.91,62.85,72.83,64.3,1.37,57.81
2025-03-02 23:10:00,69.063,11549.911,38.677,325.589,110.95,67.3,62.25,72.83,65.03,-0.18,57.81
2025-03-02 23:15:00,67.853,11489.31,38.918,326.263,111.984,66.45,61.96,72.45,64.88,0.4,57.8
2025-03-02 23:20:00,74.07,11726.536,38.581,328.141,111.621,65.23,61.79,71.9,64.28,-0.15,57.8
2025-03-02 23:25:00,70.963,12003.896,39.038,323.149,114.804,65.25,61.72,71.43,63.45,0.37,57.79
2025-03-02 23:30:00,70.662,11513.474,38.913,328.957,115.576,63.62,59.63,69.65,61.85,0.75,57.79
2025-03-02 23:35:00,69.633,11926.751,39.155,325.272,106.849,65.53,60.74,70.16,62.42,0.05,57.78
2025-03-02 23:40:00,70.453,11841.565,38.351,324.463,110.24,64.8,60.35,71.14,62.9,-0.72,57.78
2025-03-02 23:45:00,70.714,11718.662,38.645,323.183,110.205,65.95,62.25,71.33,62.59,-1.07,57.77
2025-03-02 23:50:00,69.781,11112.483,38.582,328.416,101.962,65.92,61.06,71.94,64.47,-1.68,57.77
2025-03-02 23:55:00,71.938,11534.606,39.034,318.692,110.586,65.5,62.19,71.61,63.9,0.16,57.77
2025-03-03 00:00:00,71.625,12193.321,39.238,328.669,110.068,66.11,62.71,71.26,64.16,1.06,57.76
2025-03-03 00:05:00,69.759,11690.037,38.723,322.666,108.572,66.86,62.52,72.97,64.47,0.75,57.76
2025-03-03 00:10:00,71.643,11764.795,38.757,328.914,110.806,67.75,63.48,73.52,66.17,0.87,57.75
2025-03-03 00:15:00,73.369,11799.952,38.461,324.88,112.34,68.1,64.65,74.08,67.3,-0.53,57.75
2025-03-03 00:20:00,72.869,12005.003,39.194,319.262,114.479,69.06,64.06,74.18,66.2,-1.81,57.74
2025-03-03 00:25:00,71.361,11645.272,38.951,325.414,111.398,69.0,64.75,74.01,66.04,-0.9,57.74
2025-03-03 00:30:00,72.902,11803.399,39.176,323.296,112.219,68.57,65.48,75.41,67.4,-1.01,57.74
2025-03-03 00:35:00,70.504,11867.181,38.956,321.696,115.13,68.39,64.07,75.12,66.34,-0.8,57.73
2025-03-03 00:40:00,75.344,11964.762,38.099,322.592,106.346,69.27,64.56,74.35,66.77,0.32,57.73
2025-03-03 00:45:00,73.939,11710.783,38.419,330.179,113.49,68.16,64.75,74.26,66.31,-1.09,57.72
2025-03-03 00:50:00,78.996,12069.663,39.095,326.113,114.391,68.74,64.46,74.3,66.42,0.08,57.72
2025-03-03 00:55:00,72.44,11747.994,38.713,323.992,112.145,69.56,64.97,75.43,67.61,-0.5,57.72
2025-03-03 01:00:00,74.289,11768.744,39.09,326.058,107.695,68.59,64.69,74.95,66.6,1.04,57.71
2025-03-03 01:05:00,73.252,11884.824,38.394,329.877,109.192,67.92,63.12,74.52,65.43,0.37,57.71
2025-03-03 01:10:00,70.379,12294.836,38.662,322.385,111.9,67.67,63.55,73.32,65.28,-1.18,57.71
2025-03-03 01:15:00,75.239,11838.324,38.342,327.905,106.297,66.5,62.82,72.43,64.83,-1.31,57.7
2025-03-03 01:20:00,72.471,11727.612,38.349,329.14,110.066,66.55,63.1,73.03,64.93,-0.41,57.7
2025-03-03 01:25:00,70.897,11628.433,38.922,331.18,112.425,65.43,60.75,71.54,63.6,-0.4,57.69
2025-03-03 01:30:00,71.291,11377.531,39.998,328.073,112.307,65.58,61.18,71.28,63.53,-0.94,57.69
2025-03-03 01:35:00,71.204,11620.016,38.717,329.436,110.882,64.58,60.66,70.82,63.13,-0.73,57.69
2025-03-03 01:40:00,67.518,11733.46,38.725,327.969,106.487,64.33,60.22,70.87,62.97,-1.32,57.68
2025-03-03 01:45:00,70.227,12040.338,38.434,325.594,111.004,64.25,60.26,70.1,62.51,-1.71,57.68
2025-03-03 01:50:00,73.566,11443.893,39.012,327.131,106.992,64.8,60.6,70.3,63.44,-0.16,57.68
2025-03-03 01:55:00,70.884,11569.677,38.555,328.734,105.185,63.85,59.77,69.69,62.12,0.76,57.68
2025-03-03 02:00:00,66.543,11771.526,39.192,330.517,111.018,64.26,59.21,69.36,61.46,-0.31,57.67
2025-03-03 02:05:00,73.836,11736.097,38.698,323.764,109.366,63.0,59.81,69.94,62.11,-1.73,57.67
2025-03-03 02:10:00,69.865,11855.909,38.325,333.453,106.113,64.61,59.36,70.13,62.86,-0.12,57.67
2025-03-03 02:15:00,74.68,11859.665,38.797,326.346,111.792,64.01,59.7,69.43,61.83,-1.18,57.66
2025-03-03 02:20:00,71.759,11638.103,38.622,328.896,108.126,62.25,59.73,69.61,61.29,-0.51,57.66
2025-03-03 02:25:00,66.178,11694.253,39.532,332.185,106.395,63.55,58.92,69.4,61.63,-0.75,57.66
2025-03-03 02:30:00,69.35,11512.394,38.733,327.74,109.383,63.51,60.06,69.69,62.21,-1.44,57.66
2025-03-03 02:35:00,68.129,11861.53,39.089,322.814,108.59,63.85,59.11,69.02,61.89,-1.72,57.65
2025-03-03 02:40:00,71.182,11436.197,39.05,324.979,107.037,64.11,59.78,69.53,61.63,-0.66,57.65
2025-03-03 02:45:00,70.042,11473.201,38.494,323.558,105.554,64.45,60.56,71.15,62.96,-0.01,57.65
2025-03-03 02:50:00,65.899,11539.849,38.705,322.314,108.881,65.54,61.18,71.53,63.18,-0.53,57.65
2025-03-03 02:55:00,68.644,11502.872,38.342,323.635,104.349,65.59,60.43,72.15,64.03,-0.49,57.64
2025-03-03 03:00:00,73.174,11837.372,38.883,320.344,105.44,66.56,61.77,71.74,64.34,0.45,57.64
2025-03-03 03:05:00,72.913,11764.597,38.414,321.55,107.899,67.81,62.7,73.75,65.72,-1.53,57.64
2025-03-03 03:10:00,73.099,11809.732,39.728,320.848,111.793,67.32,63.58,73.78,65.09,-0.21,57.64
2025-03-03 03:15:00,71.229,12005.716,38.65,323.321,111.851,66.84,63.28,73.24,65.6,0.48,57.63
2025-03-03 03:20:00,70.721,12084.059,39.273,324.97,108.074,66.73,63.08,73.48,64.35,0.04,57.63
2025-03-03 03:25:00,72.684,11755.012,39.182,318.948,113.353,67.02,63.02,73.86,64.9,0.24,57.63
2025-03-03 03:30:00,69.783,11872.4,38.682,323.873,105.22,66.35,62.14,72.22,63.77,1.35,57.63
2025-03-03 03:35:00,69.345,11707.726,39.095,323.571,105.732,65.03,60.2,70.52,62.6,-0.45,57.63
2025-03-03 03:40:00,66.847,11759.239,39.028,320.869,108.828,64.51,61.26,70.51,63.03,-0.66,57.62
2025-03-03 03:45:00,67.057,11823.58,38.904,328.164,106.89,65.67,60.57,71.57,63.63,-0.12,57.62
2025-03-03 03:50:00,70.713,12013.425,38.558,328.122,106.024,65.52,61.01,71.46,63.71,0.39,57.62
2025-03-03 03:55:00,75.007,11567.306,38.469,322.808,114.085,65.29,61.59,72.08,63.1,0.09,57.62
2025-03-03 04:00:00,66.726,11867.016,39.841,328.132,107.736,64.09,60.97,70.53,62.84,1.18,57.62
2025-03-03 04:05:00,71.652,11964.42,39.205,328.328,106.379,65.22,61.25,71.42,63.61,-0.21,57.62
2025-03-03 04:10:00,67.098,11900.205,39.294,326.759,110.345,65.85,61.8,71.81,63.49,-0.61,57.62
2025-03-03 04:15:00,70.314,11949.012,38.716,328.389,106.867,66.52,62.3,72.15,63.9,0.94,57.61
2025-03-03 04:20:00,74.225,11730.649,39.031,328.807,109.748,65.83,62.71,72.77,64.79,0.86,57.61
2025-03-03 04:25:00,72.85,11537.845,38.512,325.917,109.151,65.74,61.89,71.82,64.36,0.04,57.61
2025-03-03 04:30:00,67.207,11744.893,38.83,320.553,108.102,66.17,62.13,72.01,64.76,0.55,57.61
2025-03-03 04:35:00,72.411,11662.566,39.187,332.256,109.163,65.71,61.59,71.83,63.66,1.5,57.61
2025-03-03 04:40:00,70.691,11672.855,38.525,327.417,105.484,65.85,61.4,71.76,63.77,0.96,57.61
2025-03-03 04:45:00,70.133,11812.59,38.796,328.425,108.735,66.67,63.08,73.09,64.81,0.16,57.61
2025-03-03 04:50:00,71.437,11927.402,38.719,331.556,111.312,67.73,63.93,73.53,65.6,1.85,57.61
2025-03-03 04:55:00,72.068,11965.316,39.284,327.703,112.594,68.34,65.12,74.4,66.95,1.6,57.61
2025-03-03 05:00:00,70.123,11851.204,38.677,326.773,111.235,69.19,64.94,75.4,67.38,0.49,57.6
2025-03-03 05:05:00,73.917,11886.528,39.611,330.152,116.061,68.44,65.54,75.39,66.56,1.11,57.6
2025-03-03 05:10:00,72.053,11647.185,39.016,320.407,107.967,67.88,64.12,74.2,66.36,1.39,57.6
2025-03-03 05:15:00,75.954,11788.885,38.457,327.325,111.125,68.28,63.94,74.34,65.84,1.1,57.6
2025-03-03 05:20:00,74.651,11618.055,38.884,322.499,107.165,67.82,63.86,73.25,65.98,0.79,57.6
2025-03-03 05:25:00,74.118,11554.44,38.867,322.547,109.736,67.83,64.34,73.52,65.81,1.56,57.6
2025-03-03 05:30:00,77.327,12035.236,38.846,318.34,111.477,67.53,62.88,73.37,65.42,0.76,57.6
2025-03-03 05:35:00,69.257,11635.252,39.071,320.263,111.33,67.26,64.27,73.11,65.54,1.48,57.6
2025-03-03 05:40:00,77.041,11541.594,38.965,320.127,112.437,67.24,62.38,72.29,64.89,2.4,57.6
2025-03-03 05:45:00,72.306,11898.105,38.793,325.052,106.747,67.22,62.84,71.97,65.3,1.81,57.6
2025-03-03 05:50:00,66.945,11837.342,38.962,327.358,109.216,66.88,62.9,71.96,64.54,2.11,57.6
2025-03-03 05:55:00,70.984,12018.834,38.778,323.978,110.107,65.61,62.06,72.33,63.75,1.77,57.6
2025-03-03 06:00:00,72.538,11614.4,39.034,325.797,111.769,67.0,63.03,72.41,64.82,2.5,57.6
2025-03-03 06:05:00,68.84,11820.987,39.064,314.555,110.724,67.41,62.8,73.4,64.93,3.34,57.6
2025-03-03 06:10:00,75.229,11648.544,38.628,327.738,110.128,66.7,62.98,72.9,65.18,1.97,57.6
2025-03-03 06:15:00,68.723,11940.442,39.28,325.505,111.085,68.11,63.32,73.66,65.33,0.22,57.6
2025-03-03 06:20:00,76.343,11618.036,38.162,326.559,111.411,66.82,63.67,72.94,64.72,1.89,57.6
2025-03-03 06:25:00,73.491,11534.414,39.243,320.291,109.972,66.31,63.51,72.69,64.25,1.69,57.6
2025-03-03 06:30:00,68.76,11666.172,39.455,323.589,113.865,67.85,62.79,72.92,65.24,2.56,57.6
2025-03-03 06:35:00,72.5,12223.864,39.216,319.004,112.703,67.93,63.72,73.85,65.71,4.9,57.6
2025-03-03 06:40:00,74.455,11397.038,39.696,321.86,113.221,67.75,64.88,74.02,66.51,4.64,57.6
2025-03-03 06:45:00,76.04,11922.844,38.966,325.163,110.053,68.57,64.22,74.01,66.8,3.31,57.6
2025-03-03 06:50:00,70.081,11753.235,39.287,322.691,108.324,67.47,64.57,73.92,66.56,4.6,57.6
2025-03-03 06:55:00,73.503,11889.35,39.356,326.308,113.877,66.81,63.93,73.21,65.43,3.22,57.6
2025-03-03 07:00:00,71.188,11323.343,39.27,330.818,114.186,66.17,62.71,73.58,63.28,6.18,57.6
2025-03-03 07:05:00,70.632,11756.907,38.247,330.418,106.25,65.42,62.34,72.19,63.98,4.94,57.61
2025-03-03 07:10:00,72.325,11880.69,38.999,325.526,112.734,66.18,62.21,72.69,64.2,5.22,57.61
2025-03-03 07:15:00,73.135,11599.355,38.878,318.939,114.281,67.19,62.44,73.27,64.08,2.84,57.61
2025-03-03 07:20:00,72.395,11983.591,39.477,329.585,104.114,65.55,61.79,71.42,63.11,3.48,57.61
2025-03-03 07:25:00,69.732,11518.295,38.932,328.368,113.132,64.64,60.07,69.68,61.77,5.15,57.61
2025-03-03 07:30:00,74.826,11559.155,39.142,316.132,106.686,64.01,59.28,69.7,61.84,4.77,57.61
2025-03-03 07:35:00,75.92,12045.567,38.613,326.305,108.851,65.0,61.41,71.53,62.6,4.83,57.61
2025-03-03 07:40:00,67.492,11820.475,39.45,325.358,107.098,65.61,61.1,71.65,63.24,4.51,57.61
2025-03-03 07:45:00,70.561,11912.053,38.567,332.888,106.115,64.66,60.96,70.87,63.07,4.5,57.61
2025-03-03 07:50:00,68.426,11784.269,39.039,327.882,108.181,64.0,59.66,69.54,61.75,3.45,57.62
2025-03-03 07:55:00,69.9,11797.948,38.814,320.962,107.652,62.91,59.91,69.43,62.46,5.43,57.62
2025-03-03 08:00:00,75.164,11936.788,38.845,327.15,107.464,63.77,60.62,70.36,63.03,5.65,57.62
2025-03-03 08:05:00,70.7,11850.52,39.594,321.23,106.063,64.6,60.99,71.02,63.13,4.01,57.62
2025-03-03 08:10:00,67.488,11505.985,39.024,315.694,108.884,64.91,60.42,71.01,62.36,4.1,57.62
2025-03-03 08:15:00,67.39,11867.12,38.718,325.304,105.636,64.83,60.79,70.45,62.99,7.59,57.62
2025-03-03 08:20:00,66.758,11762.484,39.441,322.544,105.587,65.39,61.41,71.82,63.69,5.51,57.62
2025-03-03 08:25:00,72.149,11801.431,39.082,328.939,111.608,65.56,62.11,71.51,64.02,7.91,57.63
2025-03-03 08:30:00,74.265,11710.944,38.995,326.247,108.427,64.92,61.64,72.26,64.27,6.54,57.63
2025-03-03 08:35:00,69.571,11822.46,39.649,328.748,113.056,64.97,60.85,71.44,63.88,7.44,57.63
2025-03-03 08:40:00,74.692,11723.09,39.355,330.013,112.957,65.55,62.39,72.3,63.9,7.2,57.63
2025-03-03 08:45:00,79.115,11742.973,39.57,321.068,104.91,67.05,62.37,72.23,64.62,7.18,57.63
2025-03-03 08:50:00,73.776,11294.33,40.149,326.003,107.294,66.7,62.77,72.42,64.84,6.85,57.64
2025-03-03 08:55:00,72.771,11670.899,38.959,328.008,111.154,65.68,62.94,72.62,63.6,7.09,57.64
2025-03-03 09:00:00,69.905,11949.148,39.314,322.059,106.282,66.18,61.68,72.26,64.01,8.58,57.64
2025-03-03 09:05:00,69.309,11767.793,38.646,332.053,106.87,65.17,61.56,71.23,63.53,6.57,57.64
2025-03-03 09:10:00,67.138,11691.219,38.705,326.896,111.858,64.75,60.41,69.99,62.55,5.6,57.65
2025-03-03 09:15:00,71.508,11548.205,39.383,318.729,110.412,64.98,60.85,70.66,63.1,6.68,57.65
2025-03-03 09:20:00,75.491,11569.238,39.417,321.443,107.232,64.78,60.4,70.63,62.69,6.09,57.65
2025-03-03 09:25:00,72.863,11603.302,39.148,325.089,108.881,65.9,62.23,72.65,64.07,5.57,57.65
2025-03-03 09:30:00,73.064,11769.973,40.0,324.139,111.941,66.53,62.88,72.29,64.42,7.7,57.66
2025-03-03 09:35:00,71.026,11886.339,39.143,328.789,111.382,65.99,61.17,71.52,62.84,7.69,57.66
2025-03-03 09:40:00,64.667,11346.832,38.738,324.25,107.392,64.88,60.59,70.04,62.65,7.96,57.66
2025-03-03 09:45:00,70.369,11646.165,39.517,326.11,109.347,65.96,62.6,72.79,64.21,8.17,57.66
2025-03-03 09:50:00,68.177,11706.828,39.413,322.178,113.087,66.05,62.31,71.91,64.28,8.94,57.67
2025-03-03 09:55:00,72.232,11818.445,39.472,322.08,109.394,66.5,62.41,72.4,64.69,8.47,57.67
2025-03-03 10:00:00,75.061,11378.792,39.057,328.248,112.529,67.02,63.18,73.51,64.74,8.12,57.67
2025-03-03 10:05:00,69.347,11727.473,40.09,320.625,105.675,66.8,62.64,72.6,64.6,8.95,57.68
2025-03-03 10:10:00,73.641,11743.606,39.452,325.818,110.207,66.43,62.37,72.43,65.02,6.32,57.68
2025-03-03 10:15:00,73.212,11722.776,39.373,328.588,108.714,67.12,62.65,73.09,65.3,7.57,57.68
2025-03-03 10:20:00,75.963,11857.706,38.785,324.759,109.43,67.89,63.58,74.43,65.82,8.07,57.68
2025-03-03 10:25:00,68.882,12009.84,40.134,315.718,109.271,69.01,64.14,75.07,67.28,8.3,57.69
2025-03-03 10:30:00,78.042,12138.187,39.742,321.396,110.473,68.77,63.87,74.8,66.05,10.66,57.69
2025-03-03 10:35:00,75.39,11944.231,39.183,326.338,110.144,68.19,63.61,73.85,65.48,7.3,57.69
2025-03-03 10:40:00,73.377,11715.492,39.794,324.236,111.211,67.31,62.95,73.42,65.37,9.51,57.7
2025-03-03 10:45:00,75.591,11915.442,39.101,326.448,113.355,67.79,63.53,73.29,65.22,8.21,57.7
2025-03-03 10:50:00,74.258,11846.993,39.73,323.034,114.008,68.84,64.82,74.39,67.24,8.3,57.71
2025-03-03 10:55:00,74.69,11900.783,39.107,322.308,110.695,68.24,64.71,74.2,66.22,9.52,57.71
2025-03-03 11:00:00,72.838,11776.859,39.831,325.754,110.922,68.13,64.67,73.54,66.37,8.92,57.71
2025-03-03 11:05:00,72.833,11821.026,39.051,323.643,108.902,68.76,64.54,74.14,66.64,8.55,57.72
2025-03-03 11:10:00,70.337,11858.451,40.114,324.445,114.389,68.99,65.42,74.82,67.67,7.67,57.72
2025-03-03 11:15:00,70.857,11813.95,39.577,325.012,109.489,68.43,64.34,73.13,66.3,9.99,57.72
2025-03-03 11:20:00,74.491,11526.4,39.186,319.285,112.963,67.57,63.89,74.05,66.32,9.82,57.73
2025-03-03 11:25:00,72.509,11957.997,39.201,325.154,113.981,68.38,64.07,73.75,65.3,10.05,57.73
2025-03-03 11:30:00,73.267,11732.954,39.425,319.941,115.473,69.01,65.72,75.56,66.75,9.6,57.74
2025-03-03 11:35:00,74.931,11600.301,40.2,327.578,108.151,69.09,64.56,75.2,66.75,9.64,57.74
2025-03-03 11:40:00,73.806,12053.975,39.877,331.2,110.498,68.35,63.83,74.16,66.11,11.2,57.74
2025-03-03 11:45:00,75.242,11773.623,39.775,316.623,106.948,68.38,64.27,74.37,66.45,9.62,57.75
2025-03-03 11:50:00,76.326,11865.799,39.827,325.937,110.592,67.57,63.63,72.71,65.65,9.91,57.75
2025-03-03 11:55:00,70.2,12135.214,39.877,321.674,112.965,67.41,63.99,72.93,65.4,9.65,57.76
2025-03-03 12:00:00,73.031,11573.64,39.745,322.239,112.706,68.25,63.81,74.73,65.71,9.37,57.76
2025-03-03 12:05:00,74.222,11856.108,39.49,319.192,115.604,68.85,64.7,74.46,67.28,10.47,57.77
2025-03-03 12:10:00,74.368,12160.361,39.287,327.303,110.508,69.03,64.42,74.58,66.07,9.15,57.77
2025-03-03 12:15:00,73.731,11318.546,40.09,327.096,109.692,67.08,63.24,72.91,65.23,9.62,57.77
2025-03-03 12:20:00,71.771,11543.336,40.6,321.826,113.031,66.9,63.21,73.92,65.61,10.81,57.78
2025-03-03 12:25:00,72.581,12151.256,39.435,335.761,110.06,66.36,62.8,72.83,64.37,8.79,57.78
2025-03-03 12:30:00,68.422,11642.536,39.939,327.23,108.53,67.85,63.41,73.88,65.11,9.63,57.79
2025-03-03 12:35:00,74.013,11715.135,39.832,330.242,109.685,67.23,63.17,73.46,65.55,11.82,57.79
2025-03-03 12:40:00,70.253,12063.414,39.963,325.208,107.69,66.69,62.77,73.19,65.19,10.65,57.8
2025-03-03 12:45:00,49.781,10593.159,39.415,344.609,87.553,37.91,33.61,44.45,35.4,9.24,57.8
2025-03-03 12:50:00,48.938,10488.893,39.857,342.906,82.001,37.74,33.09,43.76,34.83,10.15,57.81
2025-03-03 12:55:00,47.475,10441.158,39.618,345.867,90.43,37.38,33.4,44.05,35.3,11.06,57.81
2025-03-03 13:00:00,53.823,10594.63,39.281,343.79,89.453,37.81,33.2,43.63,35.75,9.31,57.82
2025-03-03 13:05:00,50.2,10378.337,39.323,350.235,88.245,37.73,33.99,44.11,35.63,10.18,57.82
2025-03-03 13:10:00,46.795,10300.335,39.423,341.86,85.63,37.53,32.17,43.18,35.2,12.09,57.83
2025-03-03 13:15:00,51.336,10210.033,39.52,345.243,89.817,36.98,32.92,42.61,35.69,12.19,57.83
2025-03-03 13:20:00,47.188,10297.897,39.538,348.257,86.535,37.74,32.62,43.87,35.35,9.77,57.84
2025-03-03 13:25:00,49.681,10358.431,39.718,349.418,90.246,37.61,33.41,43.24,35.46,10.39,57.84
2025-03-03 13:30:00,52.258,10340.388,39.733,347.993,86.477,37.23,33.39,43.18,35.98,11.04,57.85
2025-03-03 13:35:00,47.488,10300.947,39.879,341.395,84.892,36.99,32.9,42.37,35.02,11.48,57.85
2025-03-03 13:40:00,53.908,10692.16,39.65,353.278,85.168,37.22,32.78,42.88,34.58,9.91,57.86
2025-03-03 13:45:00,50.139,10544.674,39.66,345.366,88.781,37.03,33.63,42.79,35.32,10.11,57.86
2025-03-03 13:50:00,54.743,10923.619,39.1,355.476,91.249,37.11,33.1,42.95,35.67,10.32,57.87
2025-03-03 13:55:00,49.234,10465.52,39.475,344.733,88.046,36.84,32.18,43.2,34.63,9.74,57.88
2025-03-03 14:00:00,50.88,10372.837,39.764,345.997,91.746,36.86,32.25,42.18,35.32,11.26,57.88
2025-03-03 14:05:00,50.255,10337.595,40.188,344.953,87.711,36.63,32.89,42.88,34.9,10.21,57.89
2025-03-03 14:10:00,54.753,10082.655,39.554,351.685,86.115,36.84,32.84,42.83,34.85,9.54,57.89
2025-03-03 14:15:00,51.004,10537.553,39.528,341.088,87.517,36.7,32.53,43.04,34.72,10.67,57.9
2025-03-03 14:20:00,47.663,10346.11,39.426,351.814,88.29,36.84,32.81,42.99,34.42,11.92,57.9
2025-03-03 14:25:00,49.899,10485.456,39.293,350.74,89.068,35.53,31.59,42.31,33.96,9.45,57.91
2025-03-03 14:30:00,46.868,10479.817,39.056,340.279,88.72,36.98,31.24,41.11,33.24,10.12,57.92
2025-03-03 14:35:00,49.352,10321.434,39.404,345.21,83.78,35.94,32.08,42.0,34.38,9.86,57.92
2025-03-03 14:40:00,46.89,10234.467,40.138,346.438,88.78,35.44,31.86,41.89,33.41,10.81,57.93
2025-03-03 14:45:00,48.157,10220.352,39.639,339.44,91.187,35.83,32.25,41.66,33.29,11.17,57.93
2025-03-03 14:50:00,50.107,10461.793,39.832,352.078,88.247,36.79,32.03,42.01,33.77,10.49,57.94
2025-03-03 14:55:00,51.045,10634.352,39.611,349.636,89.016,35.88,32.8,41.83,33.7,10.18,57.95
2025-03-03 15:00:00,51.761,10413.452,39.837,343.907,84.536,36.71,32.4,42.14,34.48,11.44,57.95
2025-03-03 15:05:00,48.523,10596.204,39.346,343.283,85.239,37.12,32.33,42.52,34.39,10.16,57.96
2025-03-03 15:10:00,52.178,10376.448,39.68,347.014,87.342,36.83,33.26,43.25,35.45,10.61,57.96
2025-03-03 15:15:00,49.537,10407.266,39.575,343.998,86.984,36.72,32.66,42.98,34.02,9.86,57.97
2025-03-03 15:20:00,48.861,10263.85,40.043,344.725,91.532,37.01,32.71,42.8,35.09,11.05,57.98
2025-03-03 15:25:00,49.311,10511.729,39.626,343.155,84.416,37.38,33.53,43.25,34.6,9.86,57.98
2025-03-03 15:30:00,50.233,10352.104,39.544,349.524,91.108,37.14,32.99,42.89,34.92,9.41,57.99
2025-03-03 15:35:00,48.187,10561.562,39.872,343.307,93.986,37.1,33.0,43.34,35.03,10.8,58.0
2025-03-03 15:40:00,49.309,10531.215,38.797,351.559,89.861,36.85,32.3,41.85,35.04,9.09,58.0
2025-03-03 15:45:00,54.181,10214.325,39.671,353.071,88.083,35.7,32.46,42.53,34.75,8.75,58.01
2025-03-03 15:50:00,53.122,10592.036,39.647,338.284,84.33,36.04,32.24,42.29,34.17,10.06,58.02
2025-03-03 15:55:00,51.379,10373.712,39.735,349.864,85.986,36.13,32.67,42.55,34.97,10.07,58.02
2025-03-03 16:00:00,48.754,10166.828,39.761,347.847,87.812,36.44,32.63,42.78,35.37,10.62,58.03
2025-03-03 16:05:00,48.173,10557.571,40.195,352.091,86.512,37.21,32.33,42.36,34.54,8.63,58.04
2025-03-03 16:10:00,47.077,10298.481,39.593,347.915,84.586,35.81,31.6,42.3,34.83,9.33,58.04
2025-03-03 16:15:00,48.412,10218.084,39.051,344.982,86.07,35.01,31.44,41.06,34.16,9.42,58.05
2025-03-03 16:20:00,49.56,10507.16,39.471,346.324,86.108,35.56,31.44,41.9,33.66,9.75,58.06
2025-03-03 16:25:00,50.733,10125.069,39.501,353.498,83.763,35.2,30.61,41.22,32.82,8.49,58.06
2025-03-03 16:30:00,45.031,10115.471,39.572,351.868,82.517,34.19,30.48,40.02,32.67,10.15,58.07
2025-03-03 16:35:00,45.15,10374.993,39.795,336.678,89.912,34.51,31.3,41.0,33.18,10.6,58.08
2025-03-03 16:40:00,51.435,10063.749,39.441,349.114,90.318,35.26,30.61,41.06,33.26,9.77,58.08
2025-03-03 16:45:00,44.667,10082.528,39.563,349.428,85.337,35.11,30.86,39.89,32.83,8.26,58.09
2025-03-03 16:50:00,44.154,10154.726,40.156,351.294,84.02,35.28,31.02,40.97,33.14,7.62,58.1
2025-03-03 16:55:00,53.307,10402.993,39.228,349.971,89.078,35.57,31.37,41.44,32.94,7.66,58.1
2025-03-03 17:00:00,48.381,10268.219,38.668,347.992,90.5,35.14,31.16,41.11,33.28,7.85,58.11
2025-03-03 17:05:00,49.157,10113.844,39.228,355.834,88.818,35.51,30.72,40.88,32.98,7.58,58.12
2025-03-03 17:10:00,47.585,10192.418,39.976,354.179,85.179,35.22,31.34,41.03,32.56,8.94,58.13
2025-03-03 17:15:00,49.547,10409.241,39.365,346.396,89.736,34.87,29.92,40.7,33.33,8.89,58.13
2025-03-03 17:20:00,54.045,10438.179,38.828,354.276,87.176,35.28,30.54,40.58,32.53,7.88,58.14
2025-03-03 17:25:00,51.602,10345.857,39.139,349.562,87.789,34.37,30.93,41.28,32.65,7.42,58.15
2025-03-03 17:30:00,45.307,10459.696,38.756,354.104,84.252,34.74,31.2,40.42,32.81,8.22,58.16
2025-03-03 17:35:00,45.649,10305.844,39.193,351.872,89.97,34.91,30.52,40.84,32.28,6.41,58.16
2025-03-03 17:40:00,53.338,10434.313,39.076,350.329,87.324,35.5,30.52,40.62,33.57,5.83,58.17
2025-03-03 17:45:00,50.43,10162.354,39.421,349.739,82.113,34.79,31.23,40.9,32.37,5.89,58.18
2025-03-03 17:50:00,50.212,10462.965,39.544,346.744,85.966,35.63,31.12,40.8,32.71,5.93,58.18
2025-03-03 17:55:00,49.488,10454.817,38.508,356.097,85.898,34.29,30.47,40.65,31.91,6.7,58.19
2025-03-03 18:00:00,45.295,10252.52,38.523,349.266,82.646,34.28,29.41,39.6,31.82,6.87,58.2
2025-03-03 18:05:00,50.317,10443.515,39.044,352.998,87.307,33.46,29.29,40.18,31.21,7.43,58.21
2025-03-03 18:10:00,47.351,10123.752,39.813,350.235,87.431,33.48,29.63,39.75,31.81,7.21,58.22
2025-03-03 18:15:00,47.279,10248.001,39.423,354.649,83.156,33.09,29.48,39.13,31.76,7.96,58.22
2025-03-03 18:20:00,45.621,10043.425,39.316,353.844,84.865,32.85,28.42,39.03,30.43,6.98,58.23
2025-03-03 18:25:00,48.67,10549.864,39.517,350.052,84.103,32.45,28.17,38.19,30.86,6.61,58.24
2025-03-03 18:30:00,45.006,10207.766,40.13,355.161,84.059,32.8,28.85,38.95,31.14,7.09,58.25
2025-03-03 18:35:00,45.297,10337.022,39.449,356.199,82.623,33.04,28.44,38.89,30.92,7.94,58.25
2025-03-03 18:40:00,44.638,10049.061,40.009,356.416,88.526,32.91,28.35,38.71,31.35,7.45,58.26
2025-03-03 18:45:00,42.982,10483.079,38.995,353.9,84.446,32.5,29.01,39.19,30.84,5.1,58.27
2025-03-03 18:50:00,43.506,10331.731,39.513,358.185,85.69,32.57,29.33,38.59,29.68,5.94,58.28
2025-03-03 18:55:00,50.505,10331.053,39.366,348.451,85.495,32.19,28.79,37.86,30.68,6.16,58.28
2025-03-03 19:00:00,45.488,10441.514,39.425,357.875,78.937,31.79,27.77,37.78,30.04,6.21,58.29
2025-03-03 19:05:00,47.612,10117.544,38.68,355.332,79.496,31.13,27.62,37.49,29.54,6.36,58.3
2025-03-03 19:10:00,48.24,10379.53,38.767,357.591,84.773,32.32,27.3,38.28,29.32,5.17,58.31
2025-03-03 19:15:00,47.496,10062.68,39.348,354.947,87.433,31.93,27.96,38.59,30.2,5.1,58.32
2025-03-03 19:20:00,42.954,10335.951,39.228,353.929,84.332,31.81,28.71,38.13,31.05,5.39,58.32
2025-03-03 19:25:00,43.501,10270.126,39.035,354.419,85.208,32.3,28.79,39.23,30.09,4.98,58.33
2025-03-03 19:30:00,46.838,9934.697,39.136,357.346,86.931,32.41,28.35,38.51,30.29,6.03,58.34
2025-03-03 19:35:00,50.933,10526.578,38.508,352.552,81.449,32.17,28.33,38.88,30.64,5.67,58.35
2025-03-03 19:40:00,49.8,10630.354,39.663,357.922,85.162,32.86,28.12,39.4,30.96,4.88,58.36
2025-03-03 19:45:00,47.558,10147.921,39.621,359.228,86.134,32.65,28.7,37.72,30.85,4.81,58.37
2025-03-03 19:50:00,47.705,10463.601,39.693,358.609,81.038,33.81,28.63,38.71,31.03,2.9,58.37
2025-03-03 19:55:00,46.798,10358.43,39.412,353.872,83.411,33.19,28.87,38.79,29.65,4.37,58.38
2025-03-03 20:00:00,39.43,10145.935,39.351,348.483,81.627,32.35,28.75,39.03,29.24,6.63,58.39
2025-03-03 20:05:00,42.704,10438.73,39.379,360.617,89.861,33.01,29.08,38.32,29.95,4.5,58.4
2025-03-03 20:10:00,47.973,10789.824,39.782,353.944,85.364,31.83,28.41,37.97,29.7,3.24,58.41
2025-03-03 20:15:00,48.362,10399.763,39.086,353.51,83.843,32.52,28.45,38.11,29.9,4.61,58.41
2025-03-03 20:20:00,49.357,10129.924,39.355,363.055,81.494,31.34,27.93,38.27,30.54,3.14,58.42
2025-03-03 20:25:00,48.548,10360.617,39.02,354.013,82.505,32.04,28.59,38.12,30.03,2.84,58.43
2025-03-03 20:30:00,48.616,10006.718,39.573,356.966,84.496,32.43,28.88,39.21,31.0,4.02,58.44
2025-03-03 20:35:00,46.762,10390.229,39.525,358.952,83.935,32.59,27.86,38.25,30.46,3.14,58.45
2025-03-03 20:40:00,44.691,10113.904,39.088,354.068,81.473,33.05,28.1,38.21,31.47,4.49,58.46
2025-03-03 20:45:00,46.461,10233.641,39.064,354.374,81.487,32.22,28.86,38.66,30.31,3.36,58.46
2025-03-03 20:50:00,44.543,10414.857,39.165,353.277,88.538,32.29,28.59,38.92,31.57,4.34,58.47
2025-03-03 20:55:00,43.063,10329.821,39.355,359.366,82.488,32.96,28.98,39.08,31.33,4.25,58.48
2025-03-03 21:00:00,43.893,10031.716,38.829,353.447,85.713,31.89,28.01,37.87,30.11,3.06,58.49
2025-03-03 21:05:00,48.373,10434.248,39.297,358.914,81.875,33.04,28.68,39.17,30.8,3.1,58.5
2025-03-03 21:10:00,46.145,10168.823,39.141,358.233,89.335,32.96,28.81,39.02,30.56,0.88,58.51
2025-03-03 21:15:00,46.546,10266.001,38.464,354.199,85.419,32.39,27.92,39.3,30.37,1.5,58.51
2025-03-03 21:20:00,41.127,10357.36,39.537,362.939,84.168,32.27,28.56,38.79,30.47,1.34,58.52
2025-03-03 21:25:00,48.442,10250.4,39.047,361.483,85.688,31.92,27.79,37.33,29.74,2.77,58.53
2025-03-03 21:30:00,45.632,10306.846,39.342,357.91,84.487,30.91,26.91,37.47,29.22,4.19,58.54
2025-03-03 21:35:00,41.788,10144.352,39.097,359.29,85.949,31.75,27.28,36.99,28.85,0.9,58.55
2025-03-03 21:40:00,45.409,9929.035,39.235,359.464,81.032,31.13,27.07,37.14,28.88,1.51,58.56
2025-03-03 21:45:00,43.574,9941.16,38.223,358.372,81.412,30.62,26.85,36.93,29.04,2.35,58.57
2025-03-03 21:50:00,41.734,10356.03,39.081,360.787,83.471,30.7,27.09,36.99,29.4,2.62,58.57
2025-03-03 21:55:00,47.308,10171.101,39.313,350.746,84.2,30.87,27.63,38.26,29.13,2.06,58.58
2025-03-03 22:00:00,45.79,10235.41,39.218,358.02,83.274,32.15,27.48,37.79,30.04,1.37,58.59
2025-03-03 22:05:00,44.908,10134.808,38.297,361.279,85.944,32.34,28.77,38.02,30.21,-0.18,58.6
2025-03-03 22:10:00,47.202,10035.572,39.19,355.375,89.352,32.71,28.58,39.26,30.86,1.64,58.61
2025-03-03 22:15:00,46.348,10584.72,37.896,356.139,85.729,33.31,29.14,39.7,31.23,0.36,58.62
2025-03-03 22:20:00,47.081,10155.28,39.026,356.295,82.925,33.06,29.8,39.15,31.79,1.14,58.63
2025-03-03 22:25:00,48.364,10793.737,38.59,363.707,87.203,33.47,28.85,38.66,31.0,0.74,58.63
2025-03-03 22:30:00,45.991,10277.623,38.166,356.265,87.137,33.22,29.36,38.63,31.77,1.27,58.64
2025-03-03 22:35:00,46.618,10387.36,38.479,357.995,88.245,32.99,29.4,38.68,31.39,0.61,58.65
2025-03-03 22:40:00,45.059,10391.237,39.377,358.458,86.324,32.33,28.14,39.05,29.77,1.34,58.66
2025-03-03 22:45:00,42.807,10392.185,39.041,359.664,85.895,31.81,28.87,38.68,29.83,2.04,58.67
2025-03-03 22:50:00,47.441,9914.521,38.641,365.389,81.837,31.65,28.05,37.91,30.06,0.53,58.68
2025-03-03 22:55:00,45.327,9978.514,38.737,363.62,83.417,31.63,27.88,37.87,29.83,1.32,58.69
2025-03-03 23:00:00,41.208,9928.018,39.209,363.806,82.805,31.62,28.21,38.23,30.09,0.75,58.7
2025-03-03 23:05:00,44.48,10219.946,38.151,364.408,86.413,32.68,28.6,38.37,30.88,0.55,58.7
2025-03-03 23:10:00,48.22,10114.923,39.458,362.9,81.698,32.68,28.89,38.19,30.31,0.99,58.71
2025-03-03 23:15:00,47.172,10508.272,38.533,358.919,83.587,32.16,28.01,39.23,30.18,0.35,58.72
2025-03-03 23:20:00,48.171,10094.179,38.735,358.604,90.691,32.2,28.96,38.49,30.19,0.76,58.73
2025-03-03 23:25:00,47.842,10520.867,38.822,364.118,83.373,32.98,28.25,38.89,30.06,1.18,58.74
2025-03-03 23:30:00,45.765,10318.646,39.012,367.012,86.611,33.33,29.44,38.87,30.82,-0.26,58.75
2025-03-03 23:35:00,48.29,10426.687,39.071,360.457,83.727,32.98,29.35,39.23,31.11,-0.69,58.76
2025-03-03 23:40:00,51.483,9879.254,38.767,358.847,92.894,32.98,28.77,39.06,31.16,-0.28,58.77
2025-03-03 23:45:00,43.941,10310.17,38.309,354.086,83.51,33.82,28.8,39.07,30.29,-0.83,58.77
2025-03-03 23:50:00,48.026,10605.354,38.319,358.987,91.475,33.41,29.16,39.3,32.11,-0.8,58.78
2025-03-03 23:55:00,41.693,10867.593,38.594,366.889,83.793,33.52,29.07,39.27,31.15,-0.34,58.79
2025-03-04 00:00:00,42.822,10287.162,39.426,360.983,87.353,32.45,29.36,38.99,30.5,0.72,58.8
2025-03-04 00:05:00,44.063,10468.645,39.23,355.819,86.992,33.54,29.59,39.46,32.07,-0.28,58.81
2025-03-04 00:10:00,46.942,10708.57,39.292,355.144,90.327,32.76,28.0,38.53,30.28,-0.11,58.82
2025-03-04 00:15:00,46.433,10247.649,38.937,366.94,84.712,32.74,28.48,38.49,30.4,0.11,58.83
2025-03-04 00:20:00,49.571,10479.695,39.005,358.478,87.648,33.2,29.32,39.09,30.72,-0.83,58.83
2025-03-04 00:25:00,35.158,9591.703,38.712,372.244,74.261,18.4,14.65,24.22,16.19,-0.21,58.84
2025-03-04 00:30:00,32.708,9441.308,38.908,369.067,66.383,18.24,14.08,23.65,16.11,0.15,58.85
2025-03-04 00:35:00,35.157,9563.477,39.165,372.061,72.298,18.26,13.85,23.47,15.92,-0.45,58.86
2025-03-04 00:40:00,36.871,9140.189,38.439,379.52,71.598,17.8,15.22,24.71,17.14,-1.33,58.87
2025-03-04 00:45:00,39.825,9075.499,38.005,367.728,73.197,19.09,14.3,24.34,16.16,-0.75,58.88
2025-03-04 00:50:00,33.535,9248.864,38.623,371.896,71.648,18.99,14.79,24.85,15.92,-0.43,58.89
2025-03-04 00:55:00,36.242,9182.258,38.779,380.295,64.796,18.6,14.85,24.4,16.37,-0.56,58.9
2025-03-04 01:00:00,37.703,9319.961,38.969,378.507,70.133,18.5,15.07,24.3,17.52,-1.01,58.9
2025-03-04 01:05:00,32.583,9242.168,38.523,368.056,70.455,19.13,15.22,24.63,16.63,-0.67,58.91
2025-03-04 01:10:00,35.646,9340.957,38.893,376.862,71.609,18.69,13.97,24.79,17.0,-0.26,58.92
2025-03-04 01:15:00,34.155,9098.114,37.981,374.73,66.321,18.7,14.71,23.21,16.69,-1.72,58.93
2025-03-04 01:20:00,35.189,9503.319,38.824,377.315,65.97,18.59,14.7,24.17,16.59,-1.77,58.94
2025-03-04 01:25:00,32.522,9227.042,38.745,381.244,67.571,19.87,14.24,25.73,16.96,0.22,58.95
2025-03-04 01:30:00,36.73,9414.369,38.488,375.269,67.789,19.3,14.64,24.98,16.8,-1.38,58.96
2025-03-04 01:35:00,35.882,9185.668,38.726,378.452,74.988,18.83,14.78,24.54,16.38,-1.07,58.97
2025-03-04 01:40:00,30.174,9643.201,38.782,378.483,70.64,18.4,14.89,25.11,16.46,-0.56,58.97
2025-03-04 01:45:00,31.746,9349.657,38.771,374.452,73.493,19.52,15.48,25.17,16.37,0.69,58.98
2025-03-04 01:50:00,34.806,9295.101,38.816,385.257,71.939,17.86,14.79,24.73,16.97,0.16,58.99
2025-03-04 01:55:00,38.701,9822.261,38.103,374.788,67.927,18.38,14.63,24.96,16.85,-1.58,59.0
2025-03-04 02:00:00,34.629,9382.842,39.129,381.711,71.156,18.48,14.4,24.72,16.41,-1.09,59.01
2025-03-04 02:05:00,32.506,9126.296,38.563,381.144,66.522,19.44,14.18,24.65,16.16,-1.46,59.02
2025-03-04 02:10:00,34.641,9421.93,38.744,372.518,75.354,19.02,14.83,24.58,16.21,-0.82,59.03
2025-03-04 02:15:00,36.956,9327.224,38.671,381.332,69.514,18.81,15.07,25.28,16.31,-0.13,59.03
2025-03-04 02:20:00,36.429,9631.454,39.022,384.327,74.897,19.32,15.56,25.36,16.86,-0.83,59.04
2025-03-04 02:25:00,36.868,9599.382,39.135,380.039,69.34,19.02,15.01,24.4,17.96,-0.47,59.05
2025-03-04 02:30:00,35.259,9474.081,38.579,374.949,67.294,18.05,14.39,24.53,17.4,-2.4,59.06
2025-03-04 02:35:00,34.292,9159.833,38.011,375.949,70.56,18.71,14.32,25.0,16.36,-0.73,59.07
2025-03-04 02:40:00,33.792,9253.644,38.849,377.518,68.594,18.16,14.5,24.87,16.65,0.15,59.08
2025-03-04 02:45:00,36.353,9800.616,38.712,377.805,74.288,18.64,14.9,24.86,17.52,0.55,59.09
2025-03-04 02:50:00,32.72,9639.459,39.178,373.597,75.706,18.67,14.09,24.8,16.64,-0.75,59.09
2025-03-04 02:55:00,34.638,9490.139,39.277,378.745,71.889,18.16,14.76,25.18,16.74,-0.8,59.1
2025-03-04 03:00:00,36.201,9241.146,38.5,375.697,74.943,18.19,14.02,24.18,16.29,0.5,59.11
2025-03-04 03:05:00,36.782,9260.359,38.971,376.468,67.168,18.87,14.44,24.65,16.92,-0.5,59.12
2025-03-04 03:10:00,33.108,9184.858,39.135,383.214,75.532,18.98,15.29,25.4,17.38,-0.71,59.13
2025-03-04 03:15:00,30.18,9286.486,38.548,374.3,70.001,19.09,14.7,25.57,16.69,1.13,59.14
2025-03-04 03:20:00,34.243,9598.818,39.311,379.47,74.333,19.29,15.18,25.29,16.96,0.58,59.14
2025-03-04 03:25:00,33.46,9308.636,38.647,379.153,67.402,17.74,14.57,23.78,16.07,-0.82,59.15
2025-03-04 03:30:00,29.327,9283.415,38.869,385.214,74.097,18.37,14.75,24.76,16.92,-0.65,59.16
2025-03-04 03:35:00,34.777,9399.382,38.531,377.254,67.871,18.03,14.77,24.86,16.74,-0.12,59.17
2025-03-04 03:40:00,38.415,9136.294,38.206,379.535,71.488,18.06,14.52,24.47,16.35,0.04,59.18
2025-03-04 03:45:00,35.65,9217.515,39.03,379.536,72.644,18.7,14.6,24.64,17.23,-1.47,59.19
2025-03-04 03:50:00,34.672,9510.586,39.009,380.851,70.184,18.51,14.31,25.14,16.74,0.51,59.19
2025-03-04 03:55:00,38.05,9374.266,38.769,383.25,70.262,19.13,14.69,24.37,16.91,0.69,59.2
2025-03-04 04:00:00,31.893,9369.974,38.633,377.129,70.486,19.21,14.55,25.17,17.17,-0.42,59.21
2025-03-04 04:05:00,34.285,9142.794,38.646,382.228,74.412,17.73,14.05,23.79,16.92,0.89,59.22
2025-03-04 04:10:00,32.445,9340.34,39.336,383.359,64.395,18.33,13.89,24.07,16.83,0.68,59.23
2025-03-04 04:15:00,39.12,9334.68,39.093,383.687,71.451,18.78,14.3,25.28,17.31,1.03,59.23
2025-03-04 04:20:00,35.477,9388.284,38.801,373.689,76.7,18.85,15.06,24.94,16.14,0.46,59.24
2025-03-04 04:25:00,34.734,9267.476,38.763,383.82,74.498,18.95,15.73,26.34,16.84,0.8,59.25
2025-03-04 04:30:00,38.638,9478.384,39.532,378.06,79.584,19.34,15.07,26.0,16.81,1.88,59.26
2025-03-04 04:35:00,37.667,9273.948,38.652,378.128,68.848,19.52,15.1,25.15,17.38,0.62,59.27
2025-03-04 04:40:00,37.718,9469.336,39.118,381.446,68.721,19.51,14.87,24.97,17.68,2.13,59.28
2025-03-04 04:45:00,33.005,9670.31,38.313,373.537,67.098,19.45,14.89,25.31,17.62,1.23,59.28
2025-03-04 04:50:00,38.925,9558.271,39.343,377.712,73.332,19.01,15.3,25.19,16.61,2.04,59.29
2025-03-04 04:55:00,32.991,9268.094,39.483,382.526,69.981,19.16,14.55,24.86,16.52,0.22,59.3
2025-03-04 05:00:00,34.565,9791.793,38.037,383.244,73.907,19.43,14.29,24.39,17.31,-0.59,59.31
2025-03-04 05:05:00,34.596,9459.799,39.721,378.512,73.181,19.24,14.83,24.74,17.22,1.3,59.32
2025-03-04 05:10:00,33.845,9385.644,38.728,379.259,69.694,19.1,14.87,25.01,16.55,2.86,59.32
2025-03-04 05:15:00,37.021,9445.074,39.254,374.222,69.187,19.14,14.54,24.53,15.77,2.52,59.33
2025-03-04 05:20:00,31.682,9282.159,38.797,390.257,70.577,18.3,14.83,24.6,16.05,1.6,59.34
2025-03-04 05:25:00,30.864,9340.698,38.538,383.796,72.772,18.6,14.14,24.61,16.67,2.84,59.35
2025-03-04 05:30:00,35.857,9332.458,39.534,376.133,65.038,18.86,14.26,24.98,16.22,2.71,59.35
2025-03-04 05:35:00,34.889,9504.249,39.123,386.578,71.208,18.53,13.79,23.65,15.52,1.52,59.36
2025-03-04 05:40:00,32.976,9625.754,39.919,380.112,70.82,18.5,14.19,23.66,16.25,3.33,59.37
2025-03-04 05:45:00,34.3,8899.796,39.255,379.198,72.012,18.12,14.58,24.13,16.4,2.18,59.38
2025-03-04 05:50:00,34.223,9477.537,39.035,384.428,71.299,18.38,14.04,23.66,15.65,1.84,59.38
2025-03-04 05:55:00,37.876,8971.447,38.959,383.452,70.214,17.4,13.02,23.53,15.8,2.46,59.39
2025-03-04 06:00:00,36.894,9219.847,38.933,375.647,74.467,18.39,13.15,23.75,14.54,2.53,59.4
2025-03-04 06:05:00,34.955,9282.056,38.64,379.367,72.361,18.37,13.94,23.82,16.11,2.61,59.41
2025-03-04 06:10:00,28.824,9423.778,39.12,380.831,66.546,16.97,13.91,22.84,15.88,2.19,59.42
2025-03-04 06:15:00,33.899,9430.501,38.738,387.795,63.898,17.44,13.38,23.5,15.99,2.95,59.42
2025-03-04 06:20:00,32.684,9321.992,39.268,376.98,66.08,17.83,13.45,23.91,16.08,2.36,59.43
2025-03-04 06:25:00,37.17,9453.953,39.22,384.494,69.417,17.78,13.7,23.4,16.56,1.97,59.44
2025-03-04 06:30:00,35.995,9578.356,39.3,384.847,69.451,17.89,13.79,23.38,15.62,2.74,59.44
2025-03-04 06:35:00,30.875,9292.813,39.116,377.749,72.905,17.36,13.54,23.36,15.98,3.11,59.45
2025-03-04 06:40:00,30.839,9732.994,39.241,382.157,67.121,17.52,13.86,23.09,15.29,2.76,59.46
2025-03-04 06:45:00,35.397,9616.039,39.436,387.395,69.601,17.77,14.14,23.9,15.91,2.95,59.47
2025-03-04 06:50:00,33.358,9322.768,38.94,381.535,70.806,17.83,13.45,23.81,15.67,3.81,59.47
2025-03-04 06:55:00,34.884,9255.68,39.189,373.808,73.533,18.65,13.98,23.3,15.62,4.87,59.48
2025-03-04 07:00:00,31.127,9201.006,39.468,384.253,74.58,17.64,13.76,23.87,15.29,2.65,59.49
2025-03-04 07:05:00,30.662,9280.337,38.885,382.626,71.526,18.83,14.03,23.65,16.54,4.59,59.5
2025-03-04 07:10:00,32.798,9193.377,39.281,385.084,67.052,17.53,13.98,23.95,15.66,5.44,59.5
2025-03-04 07:15:00,37.964,9531.729,39.676,377.178,72.841,18.24,13.52,23.96,15.35,3.51,59.51
2025-03-04 07:20:00,33.107,9265.464,39.313,382.877,74.861,17.02,13.6,23.91,14.95,4.29,59.52
2025-03-04 07:25:00,33.372,9101.401,39.039,379.386,75.612,17.59,12.96,24.78,15.27,5.3,59.52
2025-03-04 07:30:00,34.797,9443.899,38.977,381.974,69.807,17.82,13.13,23.62,16.0,5.01,59.53
2025-03-04 07:35:00,31.245,9371.336,39.353,386.423,73.021,17.99,13.63,23.56,15.35,5.01,59.54
2025-03-04 07:40:00,32.636,9367.88,39.619,375.212,69.151,17.88,13.63,24.32,15.93,6.67,59.54
2025-03-04 07:45:00,30.255,9381.819,39.206,380.495,67.398,17.75,14.02,23.24,15.58,5.94,59.55
2025-03-04 07:50:00,30.487,9272.242,39.436,389.997,72.736,17.23,13.63,23.11,15.93,6.01,59.56
2025-03-04 07:55:00,34.843,9064.421,38.517,371.639,70.448,17.68,14.55,23.77,15.76,4.8,59.56
2025-03-04 08:00:00,31.399,9206.449,39.757,383.749,69.896,17.18,13.43,22.79,15.45,6.42,59.57
2025-03-04 08:05:00,34.311,9250.985,39.384,381.571,72.665,17.79,13.99,23.4,15.28,6.1,59.58
2025-03-04 08:10:00,34.871,9365.41,39.654,394.013,70.517,17.5,13.86,23.1,15.41,5.59,59.58
2025-03-04 08:15:00,33.262,9036.166,39.802,381.789,68.508,17.17,13.1,23.61,14.63,4.96,59.59
2025-03-04 08:20:00,35.837,8998.247,38.769,381.557,68.26,16.57,12.99,22.76,14.42,3.93,59.6
2025-03-04 08:25:00,33.738,9462.211,39.365,386.475,72.972,16.73,12.99,23.47,14.74,5.06,59.6
2025-03-04 08:30:00,31.077,9202.523,39.577,383.981,68.369,17.55,13.95,23.39,15.22,5.39,59.61
2025-03-04 08:35:00,29.896,9182.957,39.614,383.843,67.877,17.0,12.14,22.63,14.71,6.1,59.62
2025-03-04 08:40:00,33.19,9129.918,39.083,386.617,72.993,16.51,13.16,23.17,14.6,6.6,59.62
2025-03-04 08:45:00,31.545,9467.134,39.512,390.126,72.725,16.76,11.82,23.45,14.64,6.76,59.63
2025-03-04 08:50:00,36.841,8891.74,39.411,388.075,70.054,16.9,12.42,23.83,14.89,6.74,59.64
2025-03-04 08:55:00,34.861,9366.643,39.401,377.494,71.39,17.47,13.0,22.64,15.1,7.87,59.64
2025-03-04 09:00:00,36.282,9294.351,40.065,389.427,70.291,16.53,12.7,22.33,14.4,5.54,59.65
2025-03-04 09:05:00,38.965,9584.848,39.446,388.57,69.091,16.21,12.61,22.45,14.64,7.73,59.65
2025-03-04 09:10:00,32.459,9295.663,39.483,382.446,72.111,17.01,11.76,22.95,14.13,6.17,59.66
2025-03-04 09:15:00,35.91,9323.786,39.535,382.983,71.814,16.45,12.46,22.61,15.55,7.36,59.67
2025-03-04 09:20:00,34.577,9020.14,39.528,382.438,69.894,16.63,11.98,22.55,14.43,5.84,59.67
2025-03-04 09:25:00,30.445,9114.834,40.202,386.125,70.84,16.51,13.06,21.99,14.03,7.66,59.68
2025-03-04 09:30:00,35.003,9552.556,39.878,387.404,67.328,16.58,12.44,22.35,14.57,8.05,59.68
2025-03-04 09:35:00,45.061,10150.892,40.07,369.364,87.723,30.05,25.84,35.72,28.29,8.81,59.69
2025-03-04 09:40:00,44.604,10454.774,39.84,375.339,89.408,29.51,25.56,35.94,28.0,7.3,59.7
2025-03-04 09:45:00,41.901,10268.986,39.655,373.225,84.122,28.95,26.21,35.15,27.9,7.22,59.7
2025-03-04 09:50:00,40.721,10453.681,39.331,363.06,87.311,28.5,25.68,35.29,27.38,6.54,59.71
2025-03-04 09:55:00,44.779,10215.654,39.568,372.113,82.177,28.9,24.22,34.86,26.74,9.24,59.71
2025-03-04 10:00:00,46.755,10139.845,39.711,377.467,82.943,28.85,24.78,35.93,26.52,9.3,59.72
2025-03-04 10:05:00,40.907,10402.384,40.218,379.256,82.652,28.88,25.16,35.32,27.0,7.35,59.72
2025-03-04 10:10:00,42.336,10158.667,39.913,369.736,86.128,28.74,24.28,35.06,27.31,9.76,59.73
2025-03-04 10:15:00,44.43,10200.474,39.727,370.72,82.268,28.9,24.43,34.48,26.62,8.24,59.74
2025-03-04 10:20:00,39.502,9989.938,39.71,374.103,87.721,28.47,24.78,34.42,26.48,8.68,59.74
2025-03-04 10:25:00,43.011,10103.939,40.533,380.79,85.334,28.64,24.96,34.5,26.31,8.2,59.75
2025-03-04 10:30:00,58.905,11317.004,39.82,348.859,99.33,50.13,45.74,56.17,48.91,6.45,59.75
2025-03-04 10:35:00,62.089,11518.271,40.145,360.358,105.512,49.85,45.5,54.91,47.87,9.25,59.76
2025-03-04 10:40:00,54.969,11429.043,39.65,355.53,101.906,49.09,45.2,55.4,46.98,7.87,59.76
2025-03-04 10:45:00,57.08,11400.733,40.188,356.58,106.478,48.4,44.79,54.51,46.57,9.26,59.77
2025-03-04 10:50:00,60.797,11140.689,39.844,362.346,103.926,49.86,45.55,54.57,46.71,9.65,59.77
2025-03-04 10:55:00,58.058,11450.467,39.642,359.135,103.191,48.82,45.49,55.96,46.76,9.31,59.78
2025-03-04 11:00:00,60.301,11400.213,40.035,362.039,104.35,49.41,45.08,54.68,47.98,8.48,59.78
2025-03-04 11:05:00,56.556,11470.938,39.607,365.208,102.835,48.28,44.71,54.39,46.42,8.21,59.79
2025-03-04 11:10:00,60.848,11146.809,39.687,355.392,103.529,49.54,46.16,55.58,47.9,8.94,59.79
2025-03-04 11:15:00,58.971,11171.963,40.118,356.875,104.167,49.43,45.7,55.28,47.52,9.18,59.8
2025-03-04 11:20:00,56.762,11441.442,39.949,359.331,108.754,48.77,45.23,54.98,47.98,10.99,59.8
2025-03-04 11:25:00,56.693,11336.366,39.992,357.747,107.087,49.06,45.81,54.4,46.96,11.59,59.81
2025-03-04 11:30:00,57.331,11535.885,39.674,363.681,102.958,50.51,45.83,55.96,47.25,9.32,59.81
2025-03-04 11:35:00,55.804,11604.501,39.771,360.167,102.385,49.55,45.81,56.31,48.12,8.03,59.82
2025-03-04 11:40:00,62.725,11059.656,40.108,358.868,100.871,49.84,46.34,56.47,48.39,9.94,59.82
2025-03-04 11:45:00,58.441,11454.487,40.858,360.231,106.95,50.4,46.93,56.79,48.48,9.78,59.83
2025-03-04 11:50:00,54.894,11586.068,39.479,364.477,105.147,50.27,45.98,55.67,47.69,10.74,59.83
2025-03-04 11:55:00,61.144,11206.546,39.976,356.454,106.413,50.67,45.72,55.8,48.69,10.28,59.83
2025-03-04 12:00:00,54.985,11372.652,39.848,359.535,105.876,50.09,45.88,55.83,47.88,8.9,59.84
2025-03-04 12:05:00,59.375,11584.148,39.952,359.134,102.012,49.35,45.43,55.48,47.03,9.93,59.84
2025-03-04 12:10:00,61.72,11366.616,40.308,364.561,101.185,49.68,44.19,54.83,47.18,9.99,59.85
2025-03-04 12:15:00,55.209,11635.903,40.047,351.308,102.192,48.51,44.44,54.7,45.9,9.04,59.85
2025-03-04 12:20:00,55.996,11351.584,40.316,355.163,102.504,48.44,44.28,54.75,46.13,10.31,59.86
2025-03-04 12:25:00,60.302,11520.026,40.091,357.086,103.992,48.11,44.41,55.05,46.98,8.84,59.86
2025-03-04 12:30:00,58.483,10987.509,40.694,360.351,104.101,48.51,44.97,55.24,47.03,10.48,59.86
2025-03-04 12:35:00,55.223,11047.249,40.474,358.431,107.037,48.36,44.15,54.14,46.18,10.84,59.87
2025-03-04 12:40:00,60.586,11285.635,40.021,367.826,106.612,49.24,45.06,54.16,47.03,11.24,59.87
2025-03-04 12:45:00,59.12,11264.724,39.278,363.377,103.957,48.79,44.18,54.5,46.85,9.3,59.88
2025-03-04 12:50:00,59.246,11481.971,40.389,365.215,102.959,48.73,44.52,55.38,46.81,10.36,59.88
2025-03-04 12:55:00,58.758,11171.549,40.298,359.453,110.353,50.28,45.79,54.93,48.46,12.51,59.88
2025-03-04 13:00:00,53.018,11550.531,40.083,361.807,105.307,48.24,45.14,54.87,46.46,9.75,59.89
2025-03-04 13:05:00,57.393,11397.119,40.64,357.442,105.825,49.19,44.63,55.64,47.4,11.15,59.89
2025-03-04 13:10:00,61.822,11623.363,40.097,354.903,107.028,49.21,45.47,56.34,47.47,11.62,59.89
2025-03-04 13:15:00,57.067,11504.014,39.727,361.053,108.72,49.63,46.11,55.96,48.0,10.18,59.9
2025-03-04 13:20:00,55.351,11289.223,40.276,354.418,107.357,50.23,46.01,56.9,49.1,10.43,59.9
2025-03-04 13:25:00,61.7,11739.671,39.659,362.0,108.397,51.44,46.07,56.4,48.22,10.0,59.91
2025-03-04 13:30:00,59.821,11266.242,40.031,360.067,104.553,49.97,46.72,55.43,47.9,11.4,59.91
2025-03-04 13:35:00,56.571,11121.55,40.078,356.416,107.298,49.29,44.8,55.37,47.91,10.65,59.91
2025-03-04 13:40:00,55.283,11447.902,40.211,359.729,100.574,47.89,44.55,53.48,45.54,11.72,59.92
2025-03-04 13:45:00,54.679,11233.463,39.845,358.365,104.012,49.09,44.98,55.11,47.03,9.72,59.92
2025-03-04 13:50:00,58.515,11393.164,39.944,354.085,109.432,48.53,45.14,54.26,46.68,8.83,59.92
2025-03-04 13:55:00,57.349,11405.205,39.916,366.2,103.518,49.1,44.85,54.29,46.32,10.53,59.92
2025-03-04 14:00:00,60.181,11493.513,40.296,359.284,108.681,48.9,44.54,55.52,46.74,10.75,59.93
2025-03-04 14:05:00,55.837,11176.833,39.228,360.399,106.371,48.54,43.84,54.43,46.87,10.48,59.93
2025-03-04 14:10:00,60.541,11136.522,40.124,353.517,106.324,49.28,45.02,53.76,46.41,9.93,59.93
2025-03-04 14:15:00,55.513,11370.089,39.489,357.813,102.279,47.83,43.49,54.16,45.6,11.26,59.94
2025-03-04 14:20:00,56.358,11241.772,40.44,364.869,107.775,47.83,43.91,53.34,46.19,9.49,59.94
2025-03-04 14:25:00,59.09,11217.345,39.615,366.748,97.572,47.01,43.63,54.05,45.37,10.14,59.94
2025-03-04 14:30:00,54.864,11336.674,40.183,362.047,102.34,48.3,44.32,54.22,46.42,9.77,59.94
2025-03-04 14:35:00,57.229,11306.897,39.71,364.669,104.897,48.53,45.04,55.77,46.46,10.55,59.95
2025-03-04 14:40:00,55.404,11185.602,40.772,361.676,105.843,49.02,45.1,54.29,47.06,10.13,59.95
2025-03-04 14:45:00,53.765,11683.735,39.808,369.215,102.209,48.2,44.54,54.23,46.43,9.66,59.95
2025-03-04 14:50:00,58.069,11345.381,39.922,359.232,102.797,48.48,44.5,54.44,46.58,10.81,59.95
2025-03-04 14:55:00,53.537,11318.191,39.676,360.901,105.949,46.99,43.05,53.83,46.04,9.48,59.96
2025-03-04 15:00:00,55.76,11452.703,40.169,359.777,102.376,47.78,42.72,52.96,45.54,10.01,59.96
2025-03-04 15:05:00,52.281,11171.821,39.976,362.838,100.46,45.89,42.32,53.21,44.22,9.9,59.96
2025-03-04 15:10:00,55.748,11335.564,39.789,362.102,105.481,46.67,41.98,51.77,43.99,10.95,59.96
2025-03-04 15:15:00,54.179,11659.708,40.592,366.031,100.795,45.6,41.43,51.82,43.82,9.17,59.97
2025-03-04 15:20:00,58.33,11081.168,40.077,370.58,105.143,46.09,41.45,51.73,44.62,10.11,59.97
2025-03-04 15:25:00,57.806,11079.868,39.628,364.151,103.033,45.69,42.97,52.13,43.97,10.62,59.97
2025-03-04 15:30:00,56.716,11718.825,39.978,357.137,102.853,47.69,42.77,53.28,45.7,9.12,59.97
2025-03-04 15:35:00,52.704,11250.318,39.847,360.826,100.475,47.29,43.0,53.67,45.6,10.0,59.97
2025-03-04 15:40:00,51.631,11303.603,40.096,369.236,104.911,48.07,43.53,53.16,45.4,10.01,59.98
2025-03-04 15:45:00,55.873,11372.505,39.733,362.127,104.276,48.6,44.13,54.17,46.52,9.69,59.98
2025-03-04 15:50:00,52.126,11412.665,40.114,359.025,104.878,48.01,43.52,53.68,45.95,10.27,59.98
2025-03-04 15:55:00,56.051,11400.291,40.435,369.565,104.111,47.65,43.57,53.71,45.25,9.09,59.98
2025-03-04 16:00:00,60.131,11089.165,39.91,365.569,110.416,50.06,45.19,55.16,47.47,10.43,59.98
2025-03-04 16:05:00,57.064,11416.456,40.046,356.34,105.324,48.88,44.97,54.85,47.49,10.63,59.98
2025-03-04 16:10:00,54.158,11377.905,39.888,363.115,100.42,48.45,43.1,54.0,46.23,7.86,59.98
2025-03-04 16:15:00,55.738,11440.123,39.314,349.0,100.538,48.66,43.62,53.84,46.17,9.68,59.99
2025-03-04 16:20:00,50.902,11129.631,40.328,356.295,106.224,47.67,43.89,53.79,45.44,10.64,59.99
2025-03-04 16:25:00,56.481,11530.616,39.947,360.983,103.978,46.67,43.03,52.03,44.56,7.69,59.99
2025-03-04 16:30:00,58.92,11183.604,39.908,359.192,105.316,46.44,43.44,53.34,44.97,8.04,59.99
2025-03-04 16:35:00,56.253,11394.692,39.925,362.393,105.629,46.71,43.66,53.06,45.46,8.4,59.99
2025-03-04 16:40:00,55.998,11201.631,39.451,362.337,106.055,48.07,43.37,53.55,45.95,6.32,59.99
2025-03-04 16:45:00,52.909,11311.304,39.729,355.259,108.602,47.35,43.66,53.89,45.57,7.2,59.99
2025-03-04 16:50:00,58.191,11426.414,39.714,362.884,105.655,48.08,44.43,54.97,46.47,7.41,59.99
2025-03-04 16:55:00,57.223,11490.585,39.898,358.995,103.681,47.58,43.24,53.17,45.26,9.12,59.99
2025-03-04 17:00:00,57.544,11274.261,40.267,365.962,103.408,48.27,44.18,54.2,46.03,8.29,60.0
2025-03-04 17:05:00,59.452,11402.978,39.634,363.599,106.485,47.97,44.41,54.53,46.12,9.22,60.0
2025-03-04 17:10:00,54.873,11391.092,39.56,355.836,106.251,47.22,43.11,54.02,45.81,8.56,60.0
2025-03-04 17:15:00,59.342,11629.181,39.936,365.561,104.852,48.59,44.22,54.33,45.43,8.92,60.0
2025-03-04 17:20:00,54.862,11234.205,40.728,363.605,104.556,46.86,42.87,53.16,45.69,7.68,60.0
2025-03-04 17:25:00,59.21,11532.415,39.969,360.883,103.386,48.41,43.87,54.42,45.97,8.36,60.0
2025-03-04 17:30:00,55.428,11183.705,39.73,362.612,106.758,48.82,44.68,55.31,46.65,7.3,60.0
2025-03-04 17:35:00,58.547,11528.351,39.73,368.656,105.726,48.55,44.04,54.06,45.39,7.7,60.0
2025-03-04 17:40:00,57.739,11301.505,40.007,367.684,101.642,48.1,43.15,54.09,46.09,7.48,60.0
2025-03-04 17:45:00,51.956,11459.225,40.298,363.149,102.829,47.53,43.87,53.36,45.37,7.36,60.0
2025-03-04 17:50:00,55.746,11302.815,39.967,363.555,100.205,47.98,43.87,54.1,45.41,7.69,60.0
2025-03-04 17:55:00,53.22,11863.918,39.626,367.572,101.202,47.87,44.26,54.9,46.72,7.46,60.0
2025-03-04 18:00:00,59.359,11195.809,39.863,368.419,103.955,48.87,44.43,54.79,46.78,6.04,60.0
2025-03-04 18:05:00,58.432,11295.936,39.616,358.82,104.941,48.81,44.2,54.59,46.58,6.47,60.0
2025-03-04 18:10:00,52.261,11393.321,39.636,369.597,104.595,47.7,43.41,53.86,46.01,6.27,60.0
2025-03-04 18:15:00,57.922,11390.246,39.967,361.631,103.058,48.45,44.41,54.32,46.63,6.32,60.0
2025-03-04 18:20:00,53.195,11465.05,40.033,363.457,103.109,47.49,43.47,52.98,45.75,5.45,60.0
2025-03-04 18:25:00,57.497,11409.944,40.303,360.518,103.079,48.33,43.76,54.61,46.05,6.66,60.0
2025-03-04 18:30:00,58.055,11268.78,39.174,361.71,105.072,48.77,44.2,54.07,46.07,6.31,60.0
2025-03-04 18:35:00,55.872,11165.83,39.68,364.053,102.972,48.29,44.01,53.79,45.73,6.47,60.0
2025-03-04 18:40:00,61.412,11566.587,39.963,364.844,109.439,49.25,44.78,54.75,47.13,7.69,60.0
2025-03-04 18:45:00,59.438,11343.476,39.56,364.747,104.423,49.1,44.85,54.68,47.65,5.57,60.0
2025-03-04 18:50:00,54.308,11665.573,39.056,358.585,102.233,49.21,44.8,55.78,47.84,4.16,60.0
2025-03-04 18:55:00,59.186,11466.46,39.59,368.073,108.626,49.73,45.66,56.08,47.88,6.95,60.0
2025-03-04 19:00:00,59.429,11368.781,39.476,356.293,108.77,50.99,46.18,56.75,48.25,5.19,60.0
2025-03-04 19:05:00,64.251,11441.657,39.129,363.569,104.283,50.99,47.32,57.0,49.62,5.33,59.99
2025-03-04 19:10:00,58.515,11612.458,39.951,364.005,108.254,51.78,47.93,57.59,49.72,4.52,59.99
2025-03-04 19:15:00,63.332,11712.622,39.558,366.047,110.468,52.5,48.81,59.18,50.71,4.75,59.99
2025-03-04 19:20:00,61.038,11592.219,39.551,354.665,109.564,53.24,48.91,58.41,51.18,7.42,59.99
2025-03-04 19:25:00,59.846,11463.907,40.195,359.027,107.042,54.2,50.22,60.13,52.02,4.78,59.99
2025-03-04 19:30:00,57.903,11393.391,39.357,360.164,110.989,55.99,51.01,60.94,52.76,3.89,59.99
2025-03-04 19:35:00,62.694,11496.612,39.641,353.508,109.931,55.6,51.44,61.1,53.58,4.23,59.99
2025-03-04 19:40:00,59.549,11270.43,39.929,358.782,107.167,54.78,50.54,60.91,53.7,4.91,59.99
2025-03-04 19:45:00,63.926,11815.198,39.87,353.239,109.762,56.76,52.91,62.09,54.46,4.73,59.99
2025-03-04 19:50:00,60.907,12031.898,39.648,352.821,116.92,58.19,54.66,65.31,56.55,4.61,59.98
2025-03-04 19:55:00,66.115,11548.159,39.472,353.717,115.761,59.35,55.05,64.66,56.91,3.61,59.98
2025-03-04 20:00:00,63.698,12264.493,39.314,357.163,115.014,60.16,56.24,65.89,57.23,4.46,59.98
2025-03-04 20:05:00,62.937,11611.87,39.519,351.175,109.753,59.09,54.85,64.85,57.14,4.03,59.98
2025-03-04 20:10:00,63.644,12074.401,39.435,355.338,108.379,59.33,54.74,64.86,57.03,4.32,59.98
2025-03-04 20:15:00,63.306,11913.43,39.237,366.989,111.601,59.13,54.91,64.31,57.4,6.13,59.98
2025-03-04 20:20:00,67.579,11747.318,39.261,357.725,109.546,58.16,53.34,63.53,56.08,2.93,59.98
2025-03-04 20:25:00,67.505,11802.973,39.298,359.117,104.327,57.07,52.31,63.46,54.2,3.94,59.97
2025-03-04 20:30:00,61.954,11803.302,39.581,358.593,110.053,56.57,53.24,63.17,55.77,4.57,59.97
2025-03-04 20:35:00,65.832,11548.443,39.462,358.99,110.814,57.36,53.56,63.29,55.67,2.93,59.97
2025-03-04 20:40:00,62.028,11951.65,39.854,347.805,113.663,58.68,54.19,64.9,56.21,3.2,59.97
2025-03-04 20:45:00,72.116,11648.926,39.372,356.266,112.836,61.11,55.97,66.15,58.56,0.95,59.97
2025-03-04 20:50:00,67.326,12135.033,39.838,358.735,114.556,60.19,55.73,65.46,57.62,4.24,59.96
2025-03-04 20:55:00,67.327,11804.928,39.988,353.034,113.766,59.51,55.68,65.56,57.51,3.19,59.96
2025-03-04 21:00:00,59.944,11824.901,39.279,359.464,111.12,58.86,54.85,65.01,56.95,3.45,59.96
2025-03-04 21:05:00,66.157,11944.984,38.805,349.082,116.975,58.72,54.8,64.08,57.05,3.22,59.96
2025-03-04 21:10:00,61.063,11951.744,39.06,346.216,109.86,57.86,54.25,63.43,56.31,3.36,59.95
2025-03-04 21:15:00,61.945,12024.014,39.702,356.125,114.605,58.29,54.28,65.0,56.76,2.62,59.95
2025-03-04 21:20:00,62.972,11841.443,38.965,352.727,110.888,57.42,54.22,63.68,55.8,1.02,59.95
2025-03-04 21:25:00,61.505,12068.552,38.732,356.493,107.205,57.68,53.76,62.68,54.48,1.62,59.95
2025-03-04 21:30:00,62.579,11811.373,39.554,354.958,115.541,57.21,52.65,63.72,55.15,2.79,59.94
2025-03-04 21:35:00,62.754,11889.391,39.283,353.861,108.857,58.84,54.15,64.52,56.44,2.05,59.94
2025-03-04 21:40:00,65.767,12240.213,39.214,353.621,111.504,58.85,54.96,65.46,56.89,1.8,59.94
2025-03-04 21:45:00,66.241,11741.585,39.868,348.167,117.127,59.19,55.31,65.34,57.6,2.48,59.94
2025-03-04 21:50:00,66.254,11884.145,39.029,356.317,110.353,59.33,55.55,65.2,56.4,1.61,59.93
2025-03-04 21:55:00,62.132,11811.777,39.778,355.175,112.032,59.61,53.88,64.32,56.26,1.5,59.93
2025-03-04 22:00:00,63.78,11804.012,39.144,356.026,116.972,57.92,53.36,63.69,56.35,0.08,59.93
2025-03-04 22:05:00,63.641,12087.004,39.695,350.927,111.618,58.56,54.5,64.75,56.76,2.24,59.92
2025-03-04 22:10:00,63.068,11873.036,38.823,351.555,113.669,57.91,54.2,64.15,56.61,1.58,59.92
2025-03-04 22:15:00,65.271,11867.673,39.204,354.18,113.36,58.29,53.69,63.84,56.01,0.33,59.92
2025-03-04 22:20:00,60.327,12043.262,39.037,354.515,108.959,58.48,54.03,65.54,56.1,1.29,59.92
2025-03-04 22:25:00,62.13,11730.448,39.431,357.655,108.254,57.57,53.93,64.42,56.28,0.67,59.91
2025-03-04 22:30:00,63.206,11823.02,39.775,348.871,113.434,58.75,55.54,65.39,56.39,2.24,59.91
2025-03-04 22:35:00,63.994,11810.186,38.885,359.058,107.148,58.86,55.17,64.34,57.44,0.62,59.91
2025-03-04 22:40:00,62.31,11964.859,38.741,355.27,111.979,58.01,53.96,64.3,56.29,0.59,59.9
2025-03-04 22:45:00,60.857,11852.642,39.747,354.723,114.561,56.8,53.2,62.65,55.2,0.39,59.9
2025-03-04 22:50:00,60.973,11518.2,39.119,355.811,110.334,57.18,53.22,63.85,55.58,0.88,59.89
2025-03-04 22:55:00,62.295,11630.141,39.657,356.642,107.994,56.56,53.19,62.99,55.38,2.11,59.89
2025-03-04 23:00:00,59.052,11481.869,39.028,354.82,108.35,57.61,52.72,62.97,55.22,1.6,59.89
2025-03-04 23:05:00,62.313,12138.282,39.22,354.089,110.014,57.28,54.2,63.48,55.11,0.51,59.88
2025-03-04 23:10:00,62.152,11984.738,39.445,354.256,112.451,57.92,54.61,63.41,56.15,0.27,59.88
2025-03-04 23:15:00,64.247,11946.664,39.619,359.626,107.549,59.48,55.35,64.69,56.89,-0.84,59.88
2025-03-04 23:20:00,65.863,11862.37,38.844,359.764,113.323,59.21,54.85,64.79,57.09,1.19,59.87
2025-03-04 23:25:00,63.093,11896.924,38.777,353.892,116.543,59.2,54.29,64.71,57.22,-0.9,59.87
2025-03-04 23:30:00,58.863,12335.036,38.572,349.277,110.782,58.22,54.68,65.34,57.24,-0.14,59.86
2025-03-04 23:35:00,63.869,11632.528,38.865,341.873,110.987,59.16,55.33,65.71,58.34,0.58,59.86
2025-03-04 23:40:00,63.878,12062.637,38.789,354.882,116.341,58.18,53.63,64.33,56.27,-0.28,59.86
2025-03-04 23:45:00,61.929,11792.875,39.945,361.302,111.197,57.81,53.48,63.84,55.42,-0.8,59.85
2025-03-04 23:50:00,60.883,11649.878,39.367,360.387,106.681,56.89,52.94,62.52,54.91,0.74,59.85
2025-03-04 23:55:00,65.812,11882.476,38.782,352.051,111.867,57.51,53.98,63.99,55.08,0.19,59.84
2025-03-05 00:00:00,64.379,11639.469,38.807,351.528,112.97,57.59,53.98,64.03,56.27,1.76,59.84
2025-03-05 00:05:00,69.018,11844.913,39.003,349.442,111.411,57.66,54.41,63.66,56.16,-1.38,59.83
2025-03-05 00:10:00,65.108,11843.975,39.604,355.813,111.024,55.96,52.55,62.35,54.43,0.24,59.83
2025-03-05 00:15:00,62.514,11752.347,39.222,352.968,110.791,56.84,53.11,62.7,54.84,-0.33,59.83
2025-03-05 00:20:00,63.881,11867.634,39.302,346.199,110.687,57.54,53.37,63.68,55.57,-0.67,59.82
2025-03-05 00:25:00,63.174,11929.704,38.847,350.3,111.579,58.69,54.06,63.47,56.48,-0.1,59.82
2025-03-05 00:30:00,64.59,11826.089,39.547,356.148,108.862,57.91,53.61,64.49,56.03,0.18,59.81
2025-03-05 00:35:00,65.808,11692.992,39.837,346.885,110.652,58.6,54.2,63.67,57.03,-0.6,59.81
2025-03-05 00:40:00,61.302,11600.076,38.752,357.515,111.29,58.85,54.28,64.44,56.67,0.75,59.8
2025-03-05 00:45:00,63.66,11543.462,39.265,349.661,111.07,58.74,55.73,64.8,57.43,-0.45,59.8
2025-03-05 00:50:00,64.675,11892.916,39.067,351.865,112.989,59.09,54.36,64.7,56.5,-1.22,59.79
2025-03-05 00:55:00,65.68,11876.475,39.227,364.686,114.393,58.74,54.93,64.6,56.55,0.17,59.79
2025-03-05 01:00:00,74.206,11806.999,39.17,354.517,114.155,59.14,55.99,65.75,56.81,-0.93,59.78
2025-03-05 01:05:00,68.831,11805.418,38.934,349.726,113.59,59.55,55.53,65.54,57.14,-0.73,59.78
2025-03-05 01:10:00,59.733,11854.184,39.25,353.066,113.079,58.63,54.14,63.85,56.71,-1.9,59.77
2025-03-05 01:15:00,62.676,11850.258,38.758,349.337,110.088,58.73,54.56,65.07,57.21,-1.16,59.77
2025-03-05 01:20:00,66.364,11835.231,39.307,350.107,108.189,58.19,54.43,64.33,57.29,0.31,59.76
2025-03-05 01:25:00,65.041,11878.447,38.906,358.148,109.931,58.59,54.96,64.25,56.49,-0.99,59.76
2025-03-05 01:30:00,66.011,12024.273,38.516,355.35,112.189,58.37,54.28,64.3,57.27,-1.75,59.75
2025-03-05 01:35:00,67.747,11749.424,39.527,359.348,111.075,58.64,54.65,65.59,57.33,-0.02,59.75
2025-03-05 01:40:00,66.713,12074.182,39.479,344.353,110.831,58.79,55.04,64.84,57.3,-0.3,59.74
2025-03-05 01:45:00,69.612,11980.945,39.699,350.045,113.496,60.1,55.95,65.7,58.26,-1.12,59.74
2025-03-05 01:50:00,63.164,11946.87,39.146,348.806,112.052,58.65,54.82,64.47,57.48,-0.26,59.73
2025-03-05 01:55:00,62.881,11754.526,39.297,348.3,111.873,58.59,54.74,64.94,56.41,0.25,59.72
2025-03-05 02:00:00,60.388,11793.418,38.905,354.216,112.189,58.86,54.38,64.57,56.59,1.47,59.72
2025-03-05 02:05:00,61.54,11742.358,38.848,352.253,112.319,57.4,52.74,62.95,54.86,-0.31,59.71
2025-03-05 02:10:00,60.516,11834.146,39.997,356.216,110.784,56.19,51.73,62.81,54.34,-1.14,59.71
2025-03-05 02:15:00,59.224,11838.561,39.136,359.068,107.559,55.39,51.53,61.25,53.92,0.35,59.7
2025-03-05 02:20:00,63.202,11876.09,38.831,357.235,109.185,54.93,50.66,61.86,52.76,-1.53,59.7
2025-03-05 02:25:00,63.07,11458.161,39.231,355.746,104.696,55.31,51.72,61.63,53.36,0.32,59.69
2025-03-05 02:30:00,62.404,11514.39,39.232,347.281,113.145,55.55,50.72,61.89,53.01,1.56,59.68
2025-03-05 02:35:00,62.874,11657.778,38.547,352.641,110.134,54.42,50.44,61.27,52.99,-0.03,59.68
2025-03-05 02:40:00,64.017,11336.624,38.846,358.114,109.834,55.57,51.64,61.18,52.95,-0.7,59.67
2025-03-05 02:45:00,63.909,12278.853,39.492,350.851,109.055,55.8,51.4,62.08,53.32,-0.16,59.67
2025-03-05 02:50:00,64.44,11865.759,38.947,354.676,108.236,56.27,52.25,62.19,53.91,-0.58,59.66
2025-03-05 02:55:00,64.164,11675.63,39.288,359.758,109.221,56.14,52.95,62.56,55.01,-0.53,59.65
2025-03-05 03:00:00,59.964,11872.207,38.7,350.937,110.176,56.5,51.72,61.5,54.04,-1.53,59.65
2025-03-05 03:05:00,64.944,11784.842,39.335,355.065,113.48,56.26,52.97,62.71,55.1,-0.46,59.64
2025-03-05 03:10:00,65.112,12056.394,39.518,357.309,110.457,55.54,52.86,62.07,53.81,-1.13,59.64
2025-03-05 03:15:00,64.661,11959.068,39.871,349.74,109.766,56.45,52.97,62.92,54.68,-0.77,59.63
2025-03-05 03:20:00,63.748,11585.945,39.524,357.096,109.039,56.25,52.15,62.44,54.74,0.06,59.62
2025-03-05 03:25:00,59.789,11498.018,39.592,357.332,110.278,55.74,51.43,61.99,53.28,-1.38,59.62
2025-03-05 03:30:00,61.525,11895.51,39.064,360.25,106.163,56.13,52.08,62.23,54.15,-0.22,59.61
2025-03-05 03:35:00,63.824,11664.669,38.781,350.968,108.098,56.37,52.64,62.59,54.55,1.01,59.6
2025-03-05 03:40:00,63.278,11576.091,39.337,354.322,110.787,56.68,52.92,62.8,54.88,0.82,59.6
2025-03-05 03:45:00,62.313,11528.337,38.749,351.851,109.018,56.94,53.07,64.16,54.56,-0.02,59.59
2025-03-05 03:50:00,64.181,11754.975,38.688,354.819,110.647,56.72,52.49,63.4,54.21,0.87,59.58
2025-03-05 03:55:00,65.146,12023.859,39.429,349.628,111.672,58.35,53.29,63.49,56.07,0.45,59.58
2025-03-05 04:00:00,65.894,11874.583,39.357,351.124,110.594,59.43,55.41,64.66,56.73,-0.27,59.57
2025-03-05 04:05:00,66.551,11778.21,39.581,345.04,115.573,59.89,56.43,65.43,58.51,0.58,59.56
2025-03-05 04:10:00,61.225,11797.628,38.792,351.83,108.925,59.74,55.65,65.84,58.23,1.13,59.56
2025-03-05 04:15:00,65.002,11695.615,39.05,348.863,115.181,60.47,56.84,67.0,58.84,-0.09,59.55
2025-03-05 04:20:00,63.288,11816.917,39.316,349.733,108.969,60.72,56.44,66.31,59.07,-0.3,59.54
2025-03-05 04:25:00,60.566,11539.859,39.813,347.366,116.013,60.4,56.0,66.54,57.85,2.16,59.54
2025-03-05 04:30:00,67.045,12092.204,39.378,351.313,112.363,60.69,56.62,66.8,58.21,1.29,59.53
2025-03-05 04:35:00,69.253,11915.758,38.65,346.646,110.256,60.64,56.69,67.22,58.89,2.56,59.52
2025-03-05 04:40:00,63.206,12220.683,38.908,350.786,110.062,61.14,55.84,66.98,58.55,0.08,59.52
2025-03-05 04:45:00,66.673,11641.535,38.924,349.052,111.973,60.46,57.29,66.94,58.47,0.47,59.51
2025-03-05 04:50:00,67.311,11825.789,39.634,348.338,109.595,60.19,55.84,66.69,57.93,0.35,59.5
2025-03-05 04:55:00,61.253,11857.143,39.215,346.79,110.445,60.29,56.41,66.31,58.02,1.06,59.5
2025-03-05 05:00:00,65.295,11654.582,39.359,346.408,113.644,60.64,57.21,66.63,57.66,0.81,59.49
2025-03-05 05:05:00,63.918,12090.961,39.115,347.312,110.798,59.85,56.37,66.72,58.54,2.2,59.48
2025-03-05 05:10:00,64.991,12053.193,39.704,345.249,108.07,60.4,56.4,66.17,58.93,1.25,59.47
2025-03-05 05:15:00,68.296,11840.048,39.309,351.684,114.474,61.6,57.23,67.21,58.74,1.84,59.47
2025-03-05 05:20:00,65.579,11765.713,39.557,344.947,111.054,62.63,57.22,68.62,60.02,2.94,59.46
2025-03-05 05:25:00,65.835,12051.954,39.231,344.64,114.322,61.27,56.68,66.4,59.6,1.4,59.45
2025-03-05 05:30:00,68.51,11622.43,39.43,348.887,107.754,60.3,56.57,67.17,58.46,2.98,59.44
2025-03-05 05:35:00,67.02,12040.526,39.548,354.87,114.41,61.02,56.14,66.86,59.32,2.0,59.44
2025-03-05 05:40:00,67.753,11976.22,39.957,341.617,112.26,60.8,56.64,67.69,59.16,1.99,59.43
2025-03-05 05:45:00,63.985,12067.565,39.317,355.458,114.516,61.16,57.84,67.45,59.52,2.26,59.42
2025-03-05 05:50:00,71.749,11402.53,38.784,342.036,113.238,61.53,57.29,68.11,59.75,1.78,59.42
2025-03-05 05:55:00,65.317,12115.304,39.738,342.776,113.461,61.44,57.75,67.14,60.19,2.93,59.41
2025-03-05 06:00:00,66.249,11828.012,40.235,344.064,113.367,61.82,57.59,67.94,60.09,3.37,59.4
2025-03-05 06:05:00,67.917,12009.154,39.632,352.289,109.525,61.7,57.48,68.08,59.4,3.39,59.39
2025-03-05 06:10:00,68.011,11944.954,39.741,352.465,114.338,62.05,57.8,67.16,59.76,2.8,59.38
2025-03-05 06:15:00,66.399,11692.718,39.649,351.852,114.055,61.03,56.91,66.66,59.69,3.37,59.38
2025-03-05 06:20:00,64.426,11922.242,38.938,351.586,113.326,61.22,57.37,66.55,58.76,3.32,59.37
2025-03-05 06:25:00,64.983,11810.526,40.103,343.893,114.348,61.58,57.05,67.26,59.24,2.29,59.36
2025-03-05 06:30:00,69.531,11994.794,39.393,345.395,111.507,61.35,57.95,67.59,59.9,2.39,59.35
2025-03-05 06:35:00,66.961,11919.921,39.308,341.549,110.056,61.35,57.58,68.45,60.68,2.43,59.35
2025-03-05 06:40:00,65.987,11802.929,39.453,351.916,114.43,61.38,56.38,66.7,58.27,3.32,59.34
2025-03-05 06:45:00,61.792,11604.059,39.696,347.744,111.898,60.06,56.15,66.3,57.36,3.38,59.33
2025-03-05 06:50:00,65.058,11966.524,39.441,350.585,110.873,59.05,56.2,64.91,57.24,3.41,59.32
2025-03-05 06:55:00,72.084,11691.323,39.558,350.683,112.904,59.03,55.18,64.83,56.85,5.56,59.32
2025-03-05 07:00:00,65.874,11957.614,39.448,348.348,112.499,59.13,54.12,65.35,56.0,3.43,59.31
2025-03-05 07:05:00,61.129,11540.748,38.938,344.938,112.572,58.91,55.06,64.69,56.32,5.23,59.3
2025-03-05 07:10:00,64.624,11583.897,39.807,341.678,109.553,60.07,55.95,65.88,57.31,3.51,59.29
2025-03-05 07:15:00,64.105,11763.14,39.632,350.741,108.552,60.52,55.88,67.15,58.05,3.42,59.28
2025-03-05 07:20:00,64.456,12000.596,39.186,341.949,109.527,61.43,56.92,67.56,58.42,3.56,59.28
2025-03-05 07:25:00,63.454,11932.234,39.341,343.07,107.751,60.65,57.01,67.0,58.69,4.43,59.27
2025-03-05 07:30:00,68.111,11906.155,38.834,333.76,114.271,60.8,56.04,67.47,58.1,2.62,59.26
2025-03-05 07:35:00,61.891,11710.393,39.379,346.03,114.111,60.28,56.4,66.95,58.61,4.75,59.25
2025-03-05 07:40:00,64.943,11753.279,39.686,346.43,109.622,59.89,55.44,66.05,57.75,4.57,59.24
2025-03-05 07:45:00,67.123,11809.497,39.241,340.478,108.523,60.12,57.61,66.29,58.71,5.5,59.23
2025-03-05 07:50:00,64.704,11740.114,39.353,347.745,112.388,59.97,56.03,66.54,58.34,6.48,59.23
2025-03-05 07:55:00,69.051,11790.219,39.307,345.988,113.471,60.34,56.8,65.99,58.38,5.41,59.22
2025-03-05 08:00:00,62.827,11667.753,40.045,353.314,114.625,60.14,55.66,66.24,57.85,3.96,59.21
2025-03-05 08:05:00,62.066,12019.517,39.488,343.547,112.759,59.49,55.25,65.2,57.89,5.4,59.2
2025-03-05 08:10:00,61.631,11868.766,39.588,342.582,108.278,59.05,54.85,65.75,57.81,5.66,59.19
2025-03-05 08:15:00,68.632,11941.341,39.342,345.559,108.13,58.94,54.44,65.38,56.76,5.04,59.19
2025-03-05 08:20:00,62.994,11485.874,39.183,342.688,114.389,58.35,53.46,64.48,56.28,5.96,59.18
2025-03-05 08:25:00,62.539,11404.178,39.404,347.846,109.347,57.52,53.96,63.59,55.77,7.34,59.17
2025-03-05 08:30:00,63.954,11500.332,39.089,346.62,110.715,56.8,54.76,62.44,54.7,5.0,59.16
2025-03-05 08:35:00,60.798,11660.952,39.491,339.828,112.386,57.21,52.03,62.84,53.97,5.95,59.15
2025-03-05 08:40:00,64.702,11732.635,39.006,344.094,107.89,56.96,52.38,62.17,54.8,6.51,59.14
2025-03-05 08:45:00,60.257,11531.371,39.833,347.417,109.209,56.22,51.71,61.03,53.67,5.86,59.14
2025-03-05 08:50:00,64.386,11501.183,39.199,346.076,107.782,54.53,50.79,61.72,53.31,5.96,59.13
2025-03-05 08:55:00,66.165,11256.654,39.251,343.372,103.916,53.71,50.72,61.28,52.56,5.0,59.12
2025-03-05 09:00:00,60.425,11360.099,40.002,345.058,102.996,55.19,50.16,60.12,52.05,7.25,59.11
2025-03-05 09:05:00,60.832,11704.218,39.48,347.181,107.24,53.17,49.31,58.43,51.25,7.46,59.1
2025-03-05 09:10:00,60.149,11740.462,39.339,353.332,105.187,52.4,48.42,58.4,51.16,7.07,59.09
2025-03-05 09:15:00,63.068,11377.798,40.049,353.914,111.531,53.77,50.8,59.67,52.16,6.57,59.09
2025-03-05 09:20:00,64.18,11721.169,39.361,353.662,105.978,54.1,50.74,59.79,52.19,7.62,59.08
2025-03-05 09:25:00,56.864,11222.37,39.265,349.42,107.248,55.39,50.38,60.1,52.77,8.51,59.07
2025-03-05 09:30:00,63.839,11550.598,39.582,350.853,105.449,54.87,50.6,61.19,52.4,6.46,59.06
2025-03-05 09:35:00,61.615,11593.901,39.67,350.936,107.816,54.22,50.34,60.43,52.71,6.14,59.05
2025-03-05 09:40:00,63.434,11449.793,39.44,341.845,103.719,54.6,50.47,60.61,52.76,7.1,59.04
2025-03-05 09:45:00,65.359,11296.35,39.189,348.305,103.078,53.61,49.56,59.55,52.28,10.57,59.03
2025-03-05 09:50:00,61.187,11396.075,39.845,350.681,105.653,53.84,48.14,59.55,50.46,8.64,59.03
2025-03-05 09:55:00,61.361,11419.641,39.615,347.133,102.25,52.41,48.89,59.44,51.27,6.39,59.02
2025-03-05 10:00:00,57.115,11310.162,39.889,349.438,104.33,53.31,48.93,58.77,50.53,8.06,59.01
2025-03-05 10:05:00,61.263,11721.872,39.525,346.345,104.634,53.5,49.19,59.67,50.64,8.27,59.0
2025-03-05 10:10:00,67.055,11520.843,39.601,344.289,104.329,53.3,50.02,58.43,51.29,9.04,58.99
2025-03-05 10:15:00,60.095,11262.75,39.986,348.217,102.72,52.38,47.87,57.99,50.24,8.19,58.98
2025-03-05 10:20:00,56.619,11596.329,39.973,349.336,105.302,49.94,46.32,56.36,48.53,8.23,58.97
2025-03-05 10:25:00,61.073,11472.252,39.673,345.861,103.352,51.32,47.03,56.89,48.31,7.78,58.97
2025-03-05 10:30:00,60.169,11474.041,39.342,346.155,104.229,52.43,48.16,58.45,50.42,6.94,58.96
2025-03-05 10:35:00,61.802,11515.353,39.638,346.129,104.268,52.54,49.08,57.9,51.13,6.8,58.95
2025-03-05 10:40:00,58.416,11333.65,40.013,349.238,101.495,52.04,47.93,57.67,49.85,8.0,58.94
2025-03-05 10:45:00,57.297,11584.281,39.693,346.392,103.756,52.55,47.8,58.24,49.72,9.42,58.93
2025-03-05 10:50:00,59.523,11343.984,39.871,340.172,101.714,52.91,48.35,58.7,50.01,8.54,58.92
2025-03-05 10:55:00,58.808,11475.078,39.492,344.625,107.482,53.03,48.95,58.54,50.95,9.58,58.91
2025-03-05 11:00:00,58.148,11363.371,39.978,338.149,101.013,53.55,49.86,58.99,51.75,10.77,58.9
2025-03-05 11:05:00,61.023,11228.22,39.786,349.502,107.549,54.17,49.14,59.56,51.96,8.95,58.9
2025-03-05 11:10:00,63.25,11391.938,40.223,346.132,106.388,53.73,48.68,59.09,50.84,9.19,58.89
2025-03-05 11:15:00,60.461,11569.337,39.156,348.097,105.127,53.19,49.72,60.34,51.48,10.49,58.88
2025-03-05 11:20:00,59.339,11263.105,39.756,345.577,107.298,52.55,49.24,59.71,51.1,9.23,58.87
2025-03-05 11:25:00,60.443,11619.045,39.722,342.815,103.489,51.14,48.0,58.04,50.33,10.67,58.86
2025-03-05 11:30:00,60.496,11417.584,39.498,344.902,107.73,52.86,48.89,58.55,50.64,8.53,58.85
2025-03-05 11:35:00,60.615,11347.366,40.067,343.292,105.154,51.69,48.05,57.48,49.98,9.45,58.84
2025-03-05 11:40:00,57.203,11469.989,39.513,349.271,98.832,51.48,47.39,56.81,49.74,8.51,58.83
2025-03-05 11:45:00,60.229,11382.341,40.323,334.034,104.433,51.75,46.54,57.16,49.35,10.25,58.83
2025-03-05 11:50:00,58.039,11134.126,40.157,350.931,107.185,51.26,48.19,58.36,49.48,10.44,58.82
2025-03-05 11:55:00,58.227,11486.582,39.802,344.712,101.502,51.07,48.33,57.73,49.39,10.31,58.81
2025-03-05 12:00:00,62.583,11454.864,39.966,347.933,107.066,50.72,48.22,57.7,49.2,9.83,58.8
2025-03-05 12:05:00,59.103,11066.571,39.744,353.932,109.16,50.91,46.84,56.89,49.26,9.6,58.79
2025-03-05 12:10:00,56.023,11352.62,40.099,341.465,102.703,50.97,47.1,57.47,48.88,10.52,58.78
2025-03-05 12:15:00,63.555,11521.887,39.56,339.264,103.627,50.68,47.38,56.76,49.78,10.01,58.77
2025-03-05 12:20:00,57.184,11099.26,39.656,336.684,104.459,52.2,48.77,58.7,50.73,10.65,58.77
2025-03-05 12:25:00,58.242,11291.346,39.043,347.519,101.164,51.54,48.57,59.45,50.46,8.37,58.76
2025-03-05 12:30:00,59.805,11616.933,40.084,335.134,105.963,53.61,48.94,59.79,51.8,9.13,58.75
2025-03-05 12:35:00,60.499,11256.497,40.16,343.291,104.446,54.55,50.3,60.08,52.17,10.4,58.74
2025-03-05 12:40:00,64.07,11367.349,39.667,339.519,103.063,54.69,51.21,61.43,53.22,9.81,58.73
2025-03-05 12:45:00,67.838,11236.646,39.559,345.531,103.555,56.35,51.03,62.15,53.17,9.74,58.72
2025-03-05 12:50:00,60.776,11518.909,39.514,339.706,109.449,55.61,51.28,62.01,54.06,9.85,58.71
2025-03-05 12:55:00,61.284,11824.493,39.831,334.398,107.741,56.18,51.73,62.15,53.97,10.06,58.7
2025-03-05 13:00:00,64.189,11336.4,39.694,344.014,107.805,56.13,51.4,61.9,53.85,11.26,58.7
2025-03-05 13:05:00,64.835,11576.593,39.444,341.008,109.592,55.75,50.67,61.13,53.16,10.0,58.69
2025-03-05 13:10:00,62.768,11634.181,39.643,338.385,104.515,55.17,50.92,61.3,53.42,11.5,58.68
2025-03-05 13:15:00,65.482,11407.031,40.418,350.796,103.479,54.71,51.16,61.42,53.28,9.45,58.67
2025-03-05 13:20:00,58.837,11392.33,39.103,335.874,107.287,55.28,50.73,60.95,52.72,10.9,58.66
2025-03-05 13:25:00,64.925,11502.108,40.096,342.906,107.783,55.43,52.0,62.31,54.23,10.93,58.65
2025-03-05 13:30:00,61.306,11416.0,39.613,337.812,110.891,55.39,50.84,61.54,53.59,9.85,58.64
2025-03-05 13:35:00,62.75,11254.334,39.57,339.042,107.309,55.99,51.6,61.17,54.04,10.64,58.63
2025-03-05 13:40:00,65.447,11376.058,39.593,340.181,105.493,55.93,52.06,62.65,54.41,10.14,58.63
2025-03-05 13:45:00,69.59,11291.907,40.163,336.742,105.695,57.27,51.81,62.51,54.67,9.96,58.62
2025-03-05 13:50:00,62.028,11386.73,39.707,339.559,110.737,56.7,52.07,62.93,54.28,10.73,58.61
2025-03-05 13:55:00,64.448,11520.937,40.172,335.917,109.815,56.15,53.19,62.44,55.22,9.86,58.6
2025-03-05 14:00:00,62.406,11565.583,40.005,335.766,106.183,56.71,53.37,62.24,54.25,9.44,58.59
2025-03-05 14:05:00,63.595,11524.44,39.942,337.016,111.148,56.36,52.18,62.27,53.4,10.19,58.58
2025-03-05 14:10:00,63.049,11429.23,40.235,338.535,108.226,57.75,53.41,63.62,55.6,9.91,58.57
2025-03-05 14:15:00,63.085,11588.436,39.93,336.414,108.118,57.36,53.93,64.2,55.83,10.66,58.57
2025-03-05 14:20:00,63.043,11808.292,39.672,337.168,109.108,57.6,53.61,64.58,55.73,9.04,58.56
2025-03-05 14:25:00,62.613,11666.82,39.119,337.381,103.988,58.35,54.13,64.0,56.26,10.87,58.55
2025-03-05 14:30:00,64.702,11646.557,40.758,342.495,110.144,58.04,55.25,65.22,57.55,11.35,58.54
2025-03-05 14:35:00,67.556,11560.914,39.458,335.504,103.249,58.41,54.17,64.97,56.14,9.28,58.53
2025-03-05 14:40:00,64.713,11668.383,39.375,343.8,109.734,59.86,55.65,64.82,57.78,10.17,58.52
2025-03-05 14:45:00,68.37,11388.74,39.894,340.499,105.009,59.2,55.17,65.06,57.59,10.81,58.51
2025-03-05 14:50:00,66.138,11751.415,39.369,337.672,109.053,58.96,55.05,65.38,56.49,11.43,58.51
2025-03-05 14:55:00,66.459,11665.496,39.552,331.354,110.243,59.82,56.04,65.79,58.76,9.77,58.5
2025-03-05 15:00:00,63.068,11885.109,39.58,339.643,105.762,59.01,54.92,65.05,56.71,10.58,58.49
2025-03-05 15:05:00,67.316,11393.757,39.644,341.403,108.832,58.5,54.17,64.39,56.22,10.14,58.48
2025-03-05 15:10:00,64.648,11680.747,39.958,336.828,107.517,58.29,54.81,65.34,56.33,10.06,58.47
2025-03-05 15:15:00,68.612,11358.835,40.127,337.86,103.419,58.63,54.57,64.42,56.43,9.17,58.46
2025-03-05 15:20:00,67.294,11286.263,39.7,335.999,105.151,58.65,54.59,64.45,56.23,10.44,58.46
2025-03-05 15:25:00,67.533,11545.679,39.859,340.799,110.254,59.1,53.96,64.0,57.2,10.76,58.45
2025-03-05 15:30:00,66.503,11659.345,39.327,337.276,109.161,58.44,54.0,64.99,55.8,10.01,58.44
2025-03-05 15:35:00,66.286,11680.924,39.428,342.371,107.606,59.37,55.3,65.09,56.52,11.26,58.43
2025-03-05 15:40:00,66.609,11641.002,39.108,339.138,106.764,59.27,55.05,65.77,56.8,10.12,58.42
2025-03-05 15:45:00,65.98,11541.205,40.192,344.383,113.537,58.93,55.16,65.12,57.3,10.31,58.41
2025-03-05 15:50:00,68.11,11993.675,39.282,342.153,111.357,59.86,56.2,65.77,57.11,8.56,58.41
2025-03-05 15:55:00,71.629,11505.46,39.506,332.674,107.036,60.65,55.37,66.11,58.06,10.47,58.4
2025-03-05 16:00:00,67.204,11821.797,39.902,331.378,109.1,60.47,56.52,66.42,58.12,8.02,58.39
2025-03-05 16:05:00,65.624,11812.409,40.518,342.031,106.336,60.48,56.13,66.41,57.65,10.32,58.38
2025-03-05 16:10:00,69.962,11488.419,39.629,336.904,105.423,59.53,56.28,66.11,57.61,9.67,58.37
2025-03-05 16:15:00,67.069,11405.411,40.208,332.24,100.458,60.18,56.29,65.85,57.54,10.28,58.37
2025-03-05 16:20:00,59.409,11880.629,39.195,338.046,108.724,59.56,56.37,66.66,57.17,8.1,58.36
2025-03-05 16:25:00,64.703,11772.629,39.687,334.001,105.747,60.02,55.85,65.69,58.01,10.82,58.35
2025-03-05 16:30:00,64.593,11734.085,40.117,334.194,107.848,61.37,57.32,67.3,59.38,7.56,58.34
2025-03-05 16:35:00,64.122,11846.531,39.534,331.925,108.549,61.66,55.91,66.57,58.7,10.77,58.33
2025-03-05 16:40:00,65.956,11643.777,40.077,336.865,110.781,60.23,56.06,66.27,58.6,8.61,58.32
2025-03-05 16:45:00,74.787,11583.882,39.31,338.266,109.883,61.92,57.05,66.81,59.21,10.23,58.32
2025-03-05 16:50:00,68.334,11567.047,39.276,343.012,110.422,61.65,57.45,67.55,58.62,9.86,58.31
2025-03-05 16:55:00,67.817,11749.406,40.136,327.569,110.991,62.02,58.3,67.69,59.88,6.83,58.3
2025-03-05 17:00:00,68.752,11722.39,39.807,328.408,110.454,61.49,57.61,69.11,59.96,7.17,58.29
2025-03-05 17:05:00,68.055,11743.895,39.415,341.25,109.226,60.83,56.49,67.65,59.09,8.07,58.28
2025-03-05 17:10:00,66.811,11471.712,39.48,334.358,106.901,61.16,57.54,65.98,59.14,6.79,58.28
2025-03-05 17:15:00,68.693,11424.07,39.261,329.203,109.182,61.38,56.81,66.61,58.87,8.13,58.27
2025-03-05 17:20:00,67.812,11466.438,39.901,331.062,112.76,60.41,56.98,66.76,58.84,7.88,58.26
2025-03-05 17:25:00,68.259,11632.336,39.047,330.186,111.422,60.96,57.7,67.04,59.02,9.0,58.25
2025-03-05 17:30:00,67.309,11750.295,40.49,332.722,107.574,59.94,56.21,66.6,58.0,8.18,58.25
2025-03-05 17:35:00,67.725,11594.337,39.201,331.78,111.178,61.72,57.06,68.31,59.13,7.45,58.24
2025-03-05 17:40:00,66.065,11722.999,39.995,333.844,109.878,61.84,58.31,68.78,60.35,7.59,58.23
2025-03-05 17:45:00,69.028,11829.996,40.23,326.456,105.532,61.15,58.0,68.13,60.58,7.83,58.22
2025-03-05 17:50:00,68.18,11876.403,39.814,329.615,112.007,62.98,58.78,68.22,60.35,8.4,58.22
2025-03-05 17:55:00,70.288,11588.718,38.936,333.553,113.953,62.39,58.89,68.29,60.4,4.82,58.21
2025-03-05 18:00:00,70.027,11541.457,39.544,326.986,109.405,63.32,59.03,69.66,62.13,8.46,58.2
2025-03-05 18:05:00,68.05,11862.707,39.736,333.468,110.278,62.54,58.84,69.3,60.42,7.07,58.19
2025-03-05 18:10:00,68.27,11631.387,38.599,333.437,114.029,63.35,59.4,69.41,62.12,6.75,58.18
2025-03-05 18:15:00,64.518,11772.122,38.92,335.26,110.973,63.4,59.14,69.52,60.49,7.42,58.18
2025-03-05 18:20:00,69.769,12053.176,39.136,334.123,107.563,63.09,58.81,68.85,60.99,6.95,58.17
2025-03-05 18:25:00,68.109,12042.517,39.333,330.76,108.749,62.01,58.59,68.76,61.09,6.24,58.16
2025-03-05 18:30:00,73.097,11598.84,38.834,335.365,105.605,62.18,58.5,68.34,59.92,4.75,58.16
2025-03-05 18:35:00,69.07,11533.961,39.88,335.611,104.825,61.17,57.54,68.5,60.86,5.8,58.15
2025-03-05 18:40:00,69.014,11805.585,39.497,337.697,110.946,62.67,58.25,69.17,60.42,6.58,58.14
2025-03-05 18:45:00,69.689,11849.513,39.513,335.388,111.794,61.34,57.96,68.03,60.09,6.35,58.13
2025-03-05 18:50:00,73.589,11845.969,38.875,334.865,110.569,62.88,58.85,69.15,60.2,5.39,58.13
2025-03-05 18:55:00,68.38,11748.563,39.379,333.752,105.715,63.83,60.34,69.61,61.47,4.96,58.12
2025-03-05 19:00:00,67.444,11620.318,39.685,334.101,109.035,62.66,58.89,69.29,61.46,4.63,58.11
2025-03-05 19:05:00,64.846,11752.676,39.423,326.375,111.513,62.65,58.5,69.18,60.46,5.72,58.1
2025-03-05 19:10:00,70.646,11659.29,39.611,333.393,109.919,62.84,59.14,68.72,61.05,5.57,58.1
2025-03-05 19:15:00,68.974,11694.969,38.53,334.363,108.516,63.07,58.69,69.06,60.7,5.6,58.09
2025-03-05 19:20:00,69.545,11858.286,39.275,332.96,104.979,62.08,57.87,68.27,59.71,3.6,58.08
2025-03-05 19:25:00,65.056,11877.004,39.536,334.798,109.268,61.47,57.86,67.15,59.58,5.66,58.08
2025-03-05 19:30:00,68.18,11399.552,39.791,332.35,110.409,61.53,57.23,67.24,60.18,6.18,58.07
2025-03-05 19:35:00,71.745,11443.305,39.593,333.596,109.261,61.59,57.35,67.83,59.89,4.23,58.06
2025-03-05 19:40:00,68.473,11394.305,38.415,336.896,109.397,61.35,56.77,67.41,59.0,3.66,58.06
2025-03-05 19:45:00,63.598,11387.764,39.971,335.329,108.933,61.9,57.19,67.42,58.83,5.53,58.05
2025-03-05 19:50:00,70.249,11750.604,39.547,331.697,107.161,63.42,57.85,67.85,60.29,3.84,58.04
2025-03-05 19:55:00,69.89,11736.245,39.248,328.537,107.159,62.9,58.34,68.0,60.48,3.83,58.04
2025-03-05 20:00:00,71.374,11512.397,39.049,326.949,102.776,62.77,58.71,67.98,61.21,4.31,58.03
2025-03-05 20:05:00,68.046,11672.904,38.49,334.106,110.667,63.42,59.25,68.84,61.42,4.87,58.02
2025-03-05 20:10:00,71.763,11327.308,39.09,328.096,110.251,62.47,58.63,69.15,61.24,4.07,58.02
2025-03-05 20:15:00,66.672,11430.736,38.661,330.821,109.676,62.56,58.25,68.6,59.64,4.99,58.01
2025-03-05 20:20:00,65.129,11350.18,39.12,328.591,106.09,61.45,57.88,67.64,59.39,4.48,58.0
2025-03-05 20:25:00,65.379,11826.765,39.373,326.637,109.802,61.57,56.95,66.86,59.96,4.51,58.0
2025-03-05 20:30:00,68.629,11932.817,38.989,330.052,109.619,61.47,58.44,68.06,60.2,3.91,57.99
2025-03-05 20:35:00,72.684,11765.884,39.191,333.718,109.504,63.15,58.36,68.7,60.74,2.04,57.98
2025-03-05 20:40:00,71.275,12012.793,39.397,332.474,107.337,64.23,60.1,69.43,62.2,5.5,57.98
2025-03-05 20:45:00,68.998,11625.724,38.566,326.572,104.848,63.39,59.56,69.44,61.45,3.85,57.97
2025-03-05 20:50:00,72.732,11463.29,39.718,330.917,112.986,63.28,59.62,69.27,60.84,3.9,57.96
2025-03-05 20:55:00,69.0,11741.162,39.292,329.261,108.989,64.49,59.07,69.73,61.7,3.4,57.96
2025-03-05 21:00:00,70.531,11672.45,38.98,323.007,110.171,64.25,60.46,71.08,62.23,3.37,57.95
2025-03-05 21:05:00,66.01,11867.334,38.789,328.982,111.111,63.39,58.93,69.01,61.66,2.06,57.95
2025-03-05 21:10:00,71.483,11771.134,38.94,329.295,107.297,62.88,59.37,68.59,60.98,1.96,57.94
2025-03-05 21:15:00,76.156,11325.548,39.007,335.748,105.688,63.57,58.48,69.28,60.38,3.21,57.93
2025-03-05 21:20:00,71.588,11927.485,38.803,325.328,106.888,63.62,59.68,69.26,61.13,2.19,57.93
2025-03-05 21:25:00,71.5,11450.119,39.593,324.621,108.135,63.72,60.32,70.15,61.59,2.47,57.92
2025-03-05 21:30:00,70.62,11554.213,39.395,330.654,112.331,62.85,59.25,69.59,61.49,4.12,57.92
2025-03-05 21:35:00,69.785,11719.574,39.504,327.177,107.716,62.82,58.61,68.55,61.01,3.2,57.91
2025-03-05 21:40:00,71.502,11238.471,39.289,331.285,111.102,63.11,58.96,68.56,61.82,2.42,57.9
2025-03-05 21:45:00,70.757,11831.094,38.693,337.017,109.148,62.74,60.02,69.75,61.4,3.17,57.9
2025-03-05 21:50:00,70.179,11659.196,38.955,323.544,110.392,63.69,59.41,69.54,62.32,4.07,57.89
2025-03-05 21:55:00,71.635,11623.562,39.086,325.345,106.837,63.96,59.72,70.37,62.62,2.02,57.89
2025-03-05 22:00:00,69.21,11867.957,38.884,330.506,102.572,63.82,59.9,70.18,62.69,1.59,57.88
2025-03-05 22:05:00,70.508,11869.215,39.02,337.089,107.033,64.47,60.17,70.62,62.62,1.59,57.88
2025-03-05 22:10:00,76.839,11805.288,39.142,333.461,108.294,65.1,61.36,70.96,62.47,1.76,57.87
2025-03-05 22:15:00,62.827,11776.125,39.041,331.111,110.802,66.1,62.22,71.93,63.97,1.06,57.86
2025-03-05 22:20:00,67.204,11981.252,39.169,333.257,114.589,67.53,62.79,73.59,65.61,0.08,57.86
2025-03-05 22:25:00,74.859,11879.06,38.834,331.158,112.678,67.34,63.66,73.33,65.73,1.91,57.85
2025-03-05 22:30:00,71.873,11779.88,39.111,327.047,111.153,67.54,63.48,72.79,65.12,-1.06,57.85
2025-03-05 22:35:00,71.691,11506.836,38.724,328.269,112.19,66.77,63.53,73.26,65.38,0.61,57.84
2025-03-05 22:40:00,69.379,11640.217,38.68,325.411,112.078,67.54,63.77,74.18,66.24,2.31,57.84
2025-03-05 22:45:00,71.61,11834.385,39.173,319.692,106.334,66.44,62.88,71.77,64.39,1.88,57.83
2025-03-05 22:50:00,68.528,11787.469,38.418,332.542,110.174,66.74,62.38,72.6,64.75,2.62,57.83
2025-03-05 22:55:00,71.481,11691.682,39.322,329.041,108.165,66.94,63.21,72.98,65.27,1.07,57.82
2025-03-05 23:00:00,69.775,11678.92,38.744,326.976,110.901,66.34,62.26,73.29,64.84,-0.46,57.82
2025-03-05 23:05:00,76.33,11848.992,38.661,327.044,110.99,66.09,62.68,72.63,64.24,1.62,57.81
2025-03-05 23:10:00,73.179,11730.107,39.017,327.208,112.272,67.66,63.07,73.15,64.7,1.63,57.81
2025-03-05 23:15:00,71.581,11895.47,38.564,326.965,109.736,67.48,64.54,74.12,65.9,0.16,57.8
2025-03-05 23:20:00,72.726,12129.912,39.29,321.071,114.07,69.11,64.52,75.07,66.29,-1.0,57.8
2025-03-05 23:25:00,77.558,11798.24,38.414,323.136,116.141,68.57,63.82,74.25,66.22,-0.18,57.79
2025-03-05 23:30:00,67.271,11725.184,38.894,327.792,109.69,67.22,63.32,72.94,64.71,0.9,57.79
2025-03-05 23:35:00,68.879,11901.217,38.806,325.588,110.418,66.06,63.31,72.36,65.65,1.13,57.78
2025-03-05 23:40:00,74.587,11628.918,39.305,328.614,111.955,66.31,61.96,71.98,64.31,0.9,57.78
2025-03-05 23:45:00,72.013,11695.957,38.413,328.614,108.848,66.89,62.65,72.74,65.09,-0.08,57.77
2025-03-05 23:50:00,72.479,11731.626,39.118,324.466,104.53,66.67,62.34,72.34,64.95,0.63,57.77
2025-03-05 23:55:00,71.327,11964.564,38.761,322.14,112.327,65.87,62.41,71.97,64.97,1.44,57.77
2025-03-06 00:00:00,71.689,11870.101,38.909,325.975,111.3,66.42,62.01,72.68,64.94,-0.36,57.76
2025-03-06 00:05:00,68.388,11724.555,38.883,325.004,107.944,64.38,60.54,70.58,62.06,-0.08,57.76
2025-03-06 00:10:00,68.252,11785.927,38.627,322.483,110.154,64.29,60.66,70.11,62.27,-0.34,57.75
2025-03-06 00:15:00,68.674,11603.463,39.585,316.812,106.48,64.28,59.97,69.85,61.14,-0.37,57.75
2025-03-06 00:20:00,66.007,11599.977,39.054,322.345,102.592,63.86,59.48,69.36,61.77,-0.46,57.74
2025-03-06 00:25:00,69.203,11388.7,38.13,325.223,103.96,63.1,58.5,68.77,60.49,-0.99,57.74
2025-03-06 00:30:00,70.257,11486.633,38.804,336.28,106.86,62.83,57.72,67.79,60.02,-1.97,57.74
2025-03-06 00:35:00,68.281,11674.253,38.88,322.387,106.812,62.77,59.31,69.54,61.16,0.62,57.73
2025-03-06 00:40:00,71.0,11624.863,38.603,327.54,108.554,63.09,58.93,69.24,61.16,-0.95,57.73
2025-03-06 00:45:00,71.777,11660.39,39.398,315.183,110.781,63.86,60.44,69.78,62.19,0.89,57.72
2025-03-06 00:50:00,72.227,11692.573,38.788,330.75,113.395,64.42,59.57,70.16,61.37,1.03,57.72
2025-03-06 00:55:00,64.792,11594.315,39.12,334.18,110.036,63.49,59.61,70.38,61.59,-1.11,57.72
2025-03-06 01:00:00,76.956,11445.577,38.74,320.739,107.214,63.48,59.99,69.61,61.76,-0.31,57.71
2025-03-06 01:05:00,72.165,11802.824,38.977,331.134,107.527,63.95,60.2,69.12,61.72,0.3,57.71
2025-03-06 01:10:00,70.982,12053.281,38.679,324.779,104.788,62.94,58.71,68.57,60.64,-1.17,57.71
2025-03-06 01:15:00,68.554,11353.307,39.2,325.267,108.612,62.95,58.39,68.93,60.06,-0.12,57.7
2025-03-06 01:20:00,67.646,11684.89,39.081,327.076,110.357,63.52,60.31,69.94,62.18,0.51,57.7
2025-03-06 01:25:00,71.244,11746.705,38.735,329.338,109.49,64.43,60.12,71.17,62.07,-0.69,57.69
2025-03-06 01:30:00,67.153,11923.006,38.934,330.476,110.418,65.34,61.06,70.83,62.54,-1.14,57.69
2025-03-06 01:35:00,69.333,11615.293,38.722,326.034,103.501,63.47,59.03,68.68,61.51,-0.07,57.69
2025-03-06 01:40:00,68.672,11210.46,38.848,327.762,112.886,62.71,59.06,68.81,60.86,0.13,57.68
2025-03-06 01:45:00,68.155,11633.78,39.285,326.427,106.784,63.45,58.5,68.64,60.33,-0.25,57.68
2025-03-06 01:50:00,66.176,11838.42,38.224,330.403,107.296,61.93,58.47,68.35,60.7,-0.7,57.68
2025-03-06 01:55:00,67.291,11675.316,38.555,323.374,110.377,62.58,58.05,68.1,59.94,-1.03,57.68
2025-03-06 02:00:00,71.983,11568.683,38.513,327.758,101.657,61.75,57.08,68.19,59.33,-0.81,57.67
2025-03-06 02:05:00,72.646,11755.074,38.531,321.593,109.985,62.05,58.83,68.7,59.89,-1.04,57.67
2025-03-06 02:10:00,57.972,11343.137,38.809,326.661,104.977,61.66,57.71,67.56,59.3,-0.38,57.67
2025-03-06 02:15:00,65.394,11728.666,38.722,332.904,109.072,60.29,56.6,67.05,60.03,-0.12,57.66
2025-03-06 02:20:00,67.889,11451.73,38.771,340.135,108.017,61.39,57.11,67.22,60.02,-1.65,57.66
2025-03-06 02:25:00,66.228,11487.141,38.74,326.58,104.657,60.33,56.76,66.75,58.86,-0.5,57.66
2025-03-06 02:30:00,66.955,11610.196,39.37,324.151,105.175,61.35,57.25,67.28,59.99,1.15,57.66
2025-03-06 02:35:00,63.136,11615.887,38.917,328.024,107.703,61.92,57.74,67.94,59.53,-1.34,57.65
2025-03-06 02:40:00,65.548,11206.779,39.099,326.093,107.476,61.86,57.54,68.0,59.85,0.72,57.65
2025-03-06 02:45:00,67.326,11742.136,38.354,324.713,105.273,61.48,57.57,67.65,59.53,-0.37,57.65
2025-03-06 02:50:00,65.992,11716.105,38.634,327.161,107.262,61.6,56.8,67.41,59.73,-0.8,57.65
2025-03-06 02:55:00,67.933,11020.927,39.098,326.477,108.576,61.32,57.5,68.1,59.84,1.02,57.64
2025-03-06 03:00:00,68.287,11493.891,38.632,325.668,109.71,62.2,57.85,68.27,59.76,-1.06,57.64
2025-03-06 03:05:00,69.092,11689.122,38.962,329.837,107.177,61.42,58.06,68.02,59.25,-0.67,57.64
2025-03-06 03:10:00,70.348,11693.145,38.868,324.102,101.808,62.58,57.5,67.01,60.34,-0.16,57.64
2025-03-06 03:15:00,66.874,11638.839,38.533,330.077,102.373,62.12,57.78,68.69,60.8,0.91,57.63
2025-03-06 03:20:00,69.196,11574.681,38.862,317.464,103.665,63.13,58.51,68.58,60.66,-0.57,57.63
2025-03-06 03:25:00,68.682,11455.362,38.334,327.242,112.891,63.29,58.49,68.62,60.78,-0.64,57.63
2025-03-06 03:30:00,66.405,11697.369,38.601,328.329,107.165,63.19,58.73,68.85,60.8,-1.31,57.63
2025-03-06 03:35:00,63.607,11417.104,37.933,324.895,105.377,62.06,58.71,68.01,61.35,-0.19,57.63
2025-03-06 03:40:00,70.126,11596.794,38.773,319.047,109.306,63.26,59.98,69.24,61.37,-1.44,57.62
2025-03-06 03:45:00,65.715,11565.672,38.474,320.955,106.294,62.89,58.08,68.76,60.94,0.95,57.62
2025-03-06 03:50:00,67.786,11545.882,38.619,328.516,106.907,63.62,58.83,69.62,60.48,0.92,57.62
2025-03-06 03:55:00,67.201,11668.81,39.001,329.23,107.831,63.83,59.46,69.32,61.51,0.95,57.62
2025-03-06 04:00:00,68.464,11386.718,38.6,332.378,105.859,63.57,60.01,69.25,62.0,1.21,57.62
2025-03-06 04:05:00,65.346,11864.838,39.076,326.071,111.557,64.7,60.75,70.19,61.0,-0.63,57.62
2025-03-06 04:10:00,68.099,11424.109,39.779,335.348,108.826,62.7,60.02,69.28,60.97,0.98,57.62
2025-03-06 04:15:00,67.376,11583.059,38.946,329.044,103.358,63.45,59.34,69.67,61.58,0.5,57.61
2025-03-06 04:20:00,67.469,11614.733,38.761,324.4,111.664,63.61,59.71,69.82,61.08,-0.21,57.61
2025-03-06 04:25:00,73.377,11725.237,38.885,331.596,108.188,62.97,59.51,68.96,60.95,0.94,57.61
2025-03-06 04:30:00,67.671,11374.29,38.862,325.059,106.544,62.49,59.39,68.76,60.81,0.28,57.61
2025-03-06 04:35:00,68.723,11630.578,38.28,326.013,108.495,63.32,58.9,68.99,61.55,-0.11,57.61
2025-03-06 04:40:00,74.709,11712.943,38.383,321.256,107.592,62.9,59.16,69.05,60.66,0.63,57.61
2025-03-06 04:45:00,67.421,11757.16,38.557,323.613,105.468,63.06,59.25,69.59,60.57,2.3,57.61
2025-03-06 04:50:00,74.72,11213.981,38.936,320.284,108.196,63.39,58.96,69.47,60.76,0.17,57.61
2025-03-06 04:55:00,67.786,11313.205,39.212,323.562,104.32,62.49,58.81,68.4,60.62,0.12,57.61
2025-03-06 05:00:00,71.328,11321.442,38.621,313.811,102.812,61.81,57.83,67.49,60.42,1.72,57.6
2025-03-06 05:05:00,68.333,11893.066,39.144,336.546,109.153,61.49,57.84,67.93,58.84,1.13,57.6
2025-03-06 05:10:00,71.285,11595.628,38.934,326.619,104.825,62.27,57.44,67.88,59.46,0.77,57.6
2025-03-06 05:15:00,69.566,11735.932,38.868,322.028,104.873,61.95,58.08,67.49,59.41,1.43,57.6
2025-03-06 05:20:00,69.423,11491.573,38.539,322.277,103.26,63.61,59.0,68.04,60.46,0.79,57.6
2025-03-06 05:25:00,66.892,11759.505,38.451,330.856,110.733,62.64,58.57,68.91,60.16,0.58,57.6
2025-03-06 05:30:00,63.882,11609.332,38.76,324.713,106.748,61.82,58.38,67.95,59.81,1.85,57.6
2025-03-06 05:35:00,66.317,11678.64,39.224,327.397,101.414,61.11,56.89,67.46,60.21,1.62,57.6
2025-03-06 05:40:00,63.248,11592.848,38.453,329.789,110.309,61.77,57.42,68.3,59.21,1.03,57.6
2025-03-06 05:45:00,70.157,11270.426,39.347,322.793,105.949,59.51,56.39,66.32,58.26,3.04,57.6
2025-03-06 05:50:00,70.459,11493.58,38.839,329.307,100.892,60.69,56.84,66.62,59.05,1.86,57.6
2025-03-06 05:55:00,66.688,11418.57,38.862,323.905,103.353,61.43,57.89,68.12,60.7,1.72,57.6
2025-03-06 06:00:00,71.917,11383.667,38.628,325.101,106.946,62.61,58.68,67.85,59.61,2.8,57.6
2025-03-06 06:05:00,67.243,11430.55,38.925,325.921,109.2,62.23,58.54,67.64,59.69,3.19,57.6
2025-03-06 06:10:00,70.693,11728.385,39.04,320.639,110.006,62.42,58.01,68.82,59.78,3.37,57.6
2025-03-06 06:15:00,63.179,11667.891,39.077,327.197,105.061,62.76,57.97,68.7,60.24,2.66,57.6
2025-03-06 06:20:00,69.703,11427.399,38.893,327.583,107.432,61.98,58.41,68.88,60.75,3.58,57.6
2025-03-06 06:25:00,67.832,11275.797,39.36,321.736,102.598,62.82,58.68,68.26,60.84,2.96,57.6
2025-03-06 06:30:00,64.677,11492.878,38.624,329.8,104.965,62.21,58.19,68.52,60.52,4.67,57.6
2025-03-06 06:35:00,68.79,11676.611,39.287,325.467,105.237,62.11,59.31,69.05,60.79,3.61,57.6
2025-03-06 06:40:00,72.219,11838.225,38.931,324.408,109.629,63.91,60.27,70.14,61.37,3.49,57.6
2025-03-06 06:45:00,75.751,11713.662,39.23,321.948,107.736,64.19,60.34,70.74,62.29,3.45,57.6
2025-03-06 06:50:00,69.014,11937.855,38.888,318.329,106.113,65.02,60.87,70.91,63.56,4.49,57.6
2025-03-06 06:55:00,67.549,11716.485,39.248,324.334,109.705,65.24,61.16,71.31,63.49,5.53,57.6
2025-03-06 07:00:00,75.739,11785.244,38.537,324.353,105.233,64.69,61.15,71.76,63.17,3.12,57.6
2025-03-06 07:05:00,72.67,11784.547,39.158,316.868,110.34,66.02,62.11,72.64,64.53,3.53,57.61
2025-03-06 07:10:00,69.195,11857.847,39.132,324.682,109.713,65.55,62.31,71.72,63.38,3.9,57.61
2025-03-06 07:15:00,69.373,11315.132,38.757,332.824,110.461,65.01,61.38,71.52,63.53,4.11,57.61
2025-03-06 07:20:00,67.51,11511.007,39.388,320.408,109.89,65.08,61.06,71.06,62.65,5.11,57.61
2025-03-06 07:25:00,71.135,11778.61,38.863,324.382,110.766,65.54,61.39,71.07,63.38,4.37,57.61
2025-03-06 07:30:00,71.111,11606.911,39.138,322.636,107.962,66.33,61.79,71.48,63.77,4.7,57.61
2025-03-06 07:35:00,70.552,11689.929,38.884,326.287,110.926,66.16,62.14,72.28,64.31,4.43,57.61
2025-03-06 07:40:00,75.082,11894.869,39.119,327.403,106.741,66.91,61.8,71.88,64.72,6.75,57.61
2025-03-06 07:45:00,73.398,11724.917,39.648,321.446,106.677,65.86,63.16,72.43,64.37,5.58,57.61
2025-03-06 07:50:00,70.627,11757.274,39.742,326.413,108.51,65.35,61.37,71.51,63.54,6.35,57.62
2025-03-06 07:55:00,75.509,11799.108,39.148,322.548,111.027,65.25,61.8,71.21,62.72,6.47,57.62
2025-03-06 08:00:00,65.806,11907.923,38.62,323.395,107.009,65.71,61.05,71.08,62.4,5.3,57.62
2025-03-06 08:05:00,71.194,11673.754,38.872,330.555,107.212,64.97,60.68,70.92,63.43,5.04,57.62
2025-03-06 08:10:00,68.995,11698.48,39.048,330.093,106.645,64.09,60.01,71.18,62.33,5.64,57.62
2025-03-06 08:15:00,70.368,11715.542,40.158,325.274,106.227,62.76,59.29,70.38,61.34,6.68,57.62
2025-03-06 08:20:00,67.922,11934.736,39.136,324.469,107.207,63.06,58.48,68.57,60.88,5.94,57.62
2025-03-06 08:25:00,73.896,11534.306,39.522,331.213,106.077,63.76,60.31,70.31,62.03,5.77,57.63
2025-03-06 08:30:00,69.474,11669.301,39.075,326.187,109.997,64.36,59.93,70.27,62.48,6.32,57.63
2025-03-06 08:35:00,68.478,11342.991,38.779,322.939,109.945,63.7,59.83,69.36,61.85,4.76,57.63
2025-03-06 08:40:00,70.29,11532.206,39.134,325.431,105.153,62.7,58.16,68.06,59.99,5.23,57.63
2025-03-06 08:45:00,71.919,11470.345,39.473,322.808,109.145,63.5,58.68,67.97,59.73,8.35,57.63
2025-03-06 08:50:00,65.598,11460.216,39.081,322.893,104.74,62.05,58.05,68.29,59.79,6.99,57.64
2025-03-06 08:55:00,67.723,11435.185,39.765,323.064,108.405,62.35,59.01,68.62,60.54,8.63,57.64
2025-03-06 09:00:00,69.075,11461.592,39.446,319.215,109.449,62.93,59.02,68.73,61.57,6.57,57.64
2025-03-06 09:05:00,77.456,11839.622,38.432,328.931,108.097,62.26,59.33,68.77,60.73,6.08,57.64
2025-03-06 09:10:00,71.22,11805.052,39.16,327.6,105.321,61.78,58.03,67.88,60.14,6.34,57.65
2025-03-06 09:15:00,70.833,11636.31,38.796,325.089,107.725,62.62,58.68,68.35,61.3,6.2,57.65
2025-03-06 09:20:00,67.626,11440.099,39.667,323.088,106.151,63.23,58.81,68.84,60.42,6.91,57.65
2025-03-06 09:25:00,64.669,11601.498,39.016,322.799,107.234,62.23,57.56,69.19,60.78,8.78,57.65
2025-03-06 09:30:00,70.048,11252.172,39.89,322.709,110.794,62.25,58.11,69.32,60.77,8.51,57.66
2025-03-06 09:35:00,69.75,11690.821,38.947,324.579,105.674,63.64,58.9,68.76,61.04,7.83,57.66
2025-03-06 09:40:00,72.301,11291.527,39.596,325.715,110.201,62.41,60.0,69.14,61.67,7.52,57.66
2025-03-06 09:45:00,67.594,11550.027,39.817,325.605,106.101,63.99,58.89,69.68,61.14,6.52,57.66
2025-03-06 09:50:00,72.554,11123.027,39.787,320.266,109.886,62.43,58.28,68.42,60.7,8.85,57.67
2025-03-06 09:55:00,68.701,11560.036,39.829,329.979,109.605,61.67,57.38,67.91,60.13,9.06,57.67
2025-03-06 10:00:00,67.743,11420.96,39.403,328.169,107.186,61.41,58.01,68.01,59.7,8.05,57.67
2025-03-06 10:05:00,67.288,11448.138,39.282,324.68,104.043,62.27,58.57,67.89,59.66,6.73,57.68
2025-03-06 10:10:00,65.936,11809.623,38.9,325.107,104.24,61.29,57.33,67.55,59.32,8.1,57.68
2025-03-06 10:15:00,65.499,11590.794,40.023,322.966,108.95,62.59,57.71,68.48,59.79,9.18,57.68
2025-03-06 10:20:00,70.455,11618.674,39.728,329.394,107.782,61.64,58.12,68.0,60.08,8.51,57.68
2025-03-06 10:25:00,68.22,11556.672,39.3,334.599,101.93,60.89,57.33,67.92,59.82,7.68,57.69
2025-03-06 10:30:00,69.807,11738.752,39.915,330.754,105.698,60.98,56.84,67.28,58.61,8.45,57.69
2025-03-06 10:35:00,63.996,11588.379,39.793,334.219,103.78,62.15,57.35,67.75,59.08,9.01,57.69
2025-03-06 10:40:00,67.146,11671.069,39.143,328.646,109.351,63.16,58.17,68.33,60.83,7.51,57.7
2025-03-06 10:45:00,66.068,11648.183,38.98,329.291,109.234,62.39,58.34,67.93,59.93,8.69,57.7
2025-03-06 10:50:00,70.365,11543.715,39.911,331.69,107.981,63.19,58.77,68.91,61.37,9.07,57.71
2025-03-06 10:55:00,71.601,11447.734,39.047,325.292,108.686,62.06,57.37,67.55,59.8,7.8,57.71
2025-03-06 11:00:00,69.926,11569.439,39.186,333.286,110.982,61.96,57.36,67.71,59.26,9.88,57.71
2025-03-06 11:05:00,67.753,11455.279,39.406,324.917,106.496,63.0,59.26,68.48,60.35,9.08,57.72
2025-03-06 11:10:00,71.15,11490.573,39.235,331.208,107.973,61.46,57.94,66.91,59.62,10.02,57.72
2025-03-06 11:15:00,66.459,11415.602,39.691,328.768,105.468,62.87,57.72,68.75,60.86,9.44,57.72
2025-03-06 11:20:00,73.488,11620.801,39.185,333.918,108.418,62.63,58.72,68.63,60.57,10.08,57.73
2025-03-06 11:25:00,65.435,11910.871,38.901,324.026,106.122,62.91,58.61,68.49,60.43,10.36,57.73
2025-03-06 11:30:00,68.742,11831.984,39.463,334.762,106.02,63.49,59.26,68.73,61.3,8.67,57.74
2025-03-06 11:35:00,70.653,11648.096,40.411,325.004,109.639,63.47,59.24,68.92,61.71,9.45,57.74
2025-03-06 11:40:00,70.196,11491.902,39.806,319.761,108.848,62.9,59.13,70.05,61.26,10.67,57.74
2025-03-06 11:45:00,72.879,11714.457,39.638,328.968,107.555,64.3,59.9,70.53,61.89,10.09,57.75
2025-03-06 11:50:00,69.303,11375.589,39.655,330.406,109.262,63.68,59.46,69.36,61.42,7.9,57.75
2025-03-06 11:55:00,68.363,11339.531,39.365,323.657,110.63,63.03,58.69,68.78,61.48,7.71,57.76
2025-03-06 12:00:00,69.674,11610.427,39.829,328.795,109.603,63.35,58.82,68.93,60.58,9.75,57.76
2025-03-06 12:05:00,70.412,11629.297,39.522,325.636,108.352,61.83,58.82,68.65,59.64,9.36,57.77
2025-03-06 12:10:00,67.989,11765.127,39.96,329.935,109.144,62.37,58.5,68.68,60.95,9.09,57.77
2025-03-06 12:15:00,63.48,11577.813,39.777,324.895,108.045,63.98,59.57,69.49,61.52,9.72,57.77
2025-03-06 12:20:00,68.345,11677.74,38.877,324.646,109.388,62.35,57.89,68.11,60.63,8.95,57.78
2025-03-06 12:25:00,69.302,11885.921,39.375,328.873,108.791,62.82,58.75,68.32,61.34,8.25,57.78
2025-03-06 12:30:00,71.9,11610.568,39.476,326.977,109.888,62.45,58.44,68.28,60.72,10.07,57.79
2025-03-06 12:35:00,69.803,11464.158,39.18,320.136,105.111,63.28,58.82,68.19,61.53,8.77,57.79
2025-03-06 12:40:00,72.204,11455.7,39.801,319.265,109.352,64.09,60.24,69.62,60.81,10.37,57.8
2025-03-06 12:45:00,70.599,11599.357,39.243,335.026,108.834,62.74,59.78,69.6,61.31,12.32,57.8
2025-03-06 12:50:00,67.595,11643.273,40.227,327.985,105.795,63.07,59.04,68.37,60.56,11.04,57.81
2025-03-06 12:55:00,69.192,11789.579,39.659,328.277,111.803,62.5,58.41,68.77,60.62,9.28,57.81
2025-03-06 13:00:00,69.085,11615.371,38.965,325.216,111.909,62.46,58.13,69.04,60.73,11.36,57.82
2025-03-06 13:05:00,67.841,11277.66,39.239,334.448,104.744,62.63,58.58,68.55,60.95,10.05,57.82
2025-03-06 13:10:00,67.913,11587.71,39.386,327.125,107.043,61.59,58.21,67.26,59.96,10.91,57.83
2025-03-06 13:15:00,66.809,11407.658,39.686,327.063,108.384,61.14,57.52,67.63,59.37,11.23,57.83
2025-03-06 13:20:00,71.032,11663.35,40.041,325.354,106.63,61.65,57.58,67.64,60.24,10.73,57.84
2025-03-06 13:25:00,65.408,11873.281,39.314,329.58,104.594,62.59,58.49,67.68,59.51,9.15,57.84
2025-03-06 13:30:00,65.526,11332.779,39.056,329.346,110.456,62.35,57.94,68.15,60.82,10.6,57.85
2025-03-06 13:35:00,71.33,11895.199,40.215,323.403,103.828,61.16,57.24,67.64,59.4,10.09,57.85
2025-03-06 13:40:00,65.649,11612.935,39.643,335.069,109.792,60.72,57.1,66.59,59.0,11.47,57.86
2025-03-06 13:45:00,66.408,11348.581,40.192,334.796,108.275,61.39,57.95,66.69,60.16,10.35,57.86
2025-03-06 13:50:00,69.183,11458.46,39.194,327.741,110.644,62.4,58.35,67.96,60.04,10.97,57.87
2025-03-06 13:55:00,67.205,11416.257,39.597,333.243,108.53,61.87,57.15,67.11,59.25,11.02,57.88
2025-03-06 14:00:00,68.109,11557.639,39.573,332.797,108.961,63.03,57.92,68.81,61.63,9.9,57.88
2025-03-06 14:05:00,69.013,11284.927,39.587,327.037,108.417,62.71,58.98,68.23,59.95,10.18,57.89
2025-03-06 14:10:00,70.171,11496.938,39.354,327.925,109.148,62.82,59.9,68.31,60.63,10.74,57.89
2025-03-06 14:15:00,70.251,11623.064,39.346,335.662,106.53,63.42,59.49,69.86,61.45,11.37,57.9
2025-03-06 14:20:00,66.979,11593.342,40.303,329.434,108.48,62.22,58.43,67.86,60.11,10.94,57.9
2025-03-06 14:25:00,70.007,11462.667,40.177,326.378,108.698,62.32,58.42,68.58,59.84,11.5,57.91
2025-03-06 14:30:00,73.156,11489.056,39.213,328.964,107.043,61.61,57.29,67.66,58.78,11.26,57.92
2025-03-06 14:35:00,66.04,11500.543,40.278,333.491,107.495,63.15,59.2,69.74,60.86,10.66,57.92
2025-03-06 14:40:00,66.524,11840.041,39.702,324.077,108.742,62.5,58.59,69.32,60.74,10.47,57.93
2025-03-06 14:45:00,74.11,11663.286,40.248,322.634,107.272,62.88,58.85,69.6,61.08,10.17,57.93
2025-03-06 14:50:00,73.388,12135.552,39.647,330.987,114.544,64.63,60.53,69.75,62.47,10.69,57.94
2025-03-06 14:55:00,74.507,11550.173,39.984,321.158,111.274,65.78,61.65,71.25,63.53,10.61,57.95
2025-03-06 15:00:00,72.452,11591.134,39.047,325.276,114.038,65.92,62.07,70.9,63.33,9.67,57.95
2025-03-06 15:05:00,68.92,11632.275,39.7,320.059,115.361,66.8,62.59,72.74,64.11,10.34,57.96
2025-03-06 15:10:00,69.099,11934.419,39.774,326.388,112.922,66.15,62.74,72.73,64.28,9.04,57.96
2025-03-06 15:15:00,74.979,11525.883,39.416,325.253,110.813,67.45,62.76,73.73,65.2,10.25,57.97
2025-03-06 15:20:00,68.768,11901.345,39.936,327.229,112.775,66.82,62.71,73.1,64.9,11.52,57.98
2025-03-06 15:25:00,68.149,11565.832,39.942,323.645,115.159,66.95,62.0,73.5,65.22,10.11,57.98
2025-03-06 15:30:00,71.356,11651.779,39.796,328.819,112.044,66.34,62.26,72.72,64.71,10.6,57.99
2025-03-06 15:35:00,73.707,11828.27,39.123,326.126,110.292,67.46,62.89,73.77,64.98,8.1,58.0
2025-03-06 15:40:00,75.39,11770.371,39.792,328.651,111.945,68.17,63.87,73.26,65.68,10.97,58.0
2025-03-06 15:45:00,70.368,11641.884,39.789,324.212,110.371,67.7,63.56,74.09,66.32,10.78,58.01
2025-03-06 15:50:00,74.577,11802.795,39.257,323.843,113.905,67.75,63.65,73.25,65.61,8.71,58.02
2025-03-06 15:55:00,76.74,11703.962,39.706,329.276,109.906,66.98,63.08,73.33,65.28,7.86,58.02
2025-03-06 16:00:00,73.092,11756.329,39.977,324.01,114.891,66.97,62.83,72.95,65.16,8.94,58.03
2025-03-06 16:05:00,72.101,11878.883,38.998,325.941,109.635,66.74,62.98,71.89,64.34,9.4,58.04
2025-03-06 16:10:00,74.301,11752.21,39.316,327.701,109.88,67.86,63.64,74.66,65.26,8.16,58.04
2025-03-06 16:15:00,74.102,11812.251,39.685,332.242,108.401,67.96,63.9,74.05,65.45,8.46,58.05
2025-03-06 16:20:00,69.845,11926.737,39.852,335.664,113.787,66.32,62.93,72.59,64.64,8.98,58.06
2025-03-06 16:25:00,71.328,11862.113,39.133,334.462,111.852,67.62,63.84,74.35,66.03,9.09,58.06
2025-03-06 16:30:00,74.038,11950.202,39.461,335.557,109.432,67.13,64.32,73.16,64.91,9.33,58.07
2025-03-06 16:35:00,70.833,11684.923,39.972,322.836,110.172,67.28,62.94,73.06,65.45,8.18,58.08
2025-03-06 16:40:00,70.607,11599.315,39.708,331.418,111.294,67.05,63.84,72.47,65.01,8.8,58.08
2025-03-06 16:45:00,69.485,11989.044,39.615,333.232,109.387,66.2,61.43,71.9,63.8,9.82,58.09
2025-03-06 16:50:00,70.483,11670.617,39.632,331.821,111.919,66.77,62.16,72.34,64.12,7.81,58.1
2025-03-06 16:55:00,69.073,11770.551,39.459,327.584,112.64,66.52,62.44,72.81,64.47,7.26,58.1
2025-03-06 17:00:00,71.406,11749.942,39.236,329.36,107.948,66.03,61.54,72.59,64.19,7.9,58.11
2025-03-06 17:05:00,72.455,11648.128,39.348,329.342,108.804,66.26,62.08,71.65,63.74,8.16,58.12
2025-03-06 17:10:00,71.422,11618.669,39.58,328.731,110.971,64.99,62.33,72.05,63.62,9.9,58.13
2025-03-06 17:15:00,67.985,12115.929,38.581,331.101,110.179,64.52,60.28,69.8,62.05,9.02,58.13
2025-03-06 17:20:00,67.881,11435.666,39.475,329.317,111.397,63.97,59.59,70.75,61.09,8.85,58.14
2025-03-06 17:25:00,68.588,11544.194,39.012,331.683,111.186,64.07,61.42,70.35,63.19,9.02,58.15
2025-03-06 17:30:00,66.132,11486.48,39.261,337.611,111.683,64.33,60.0,70.36,61.91,6.79,58.16
2025-03-06 17:35:00,73.512,11804.13,39.981,331.568,112.611,63.98,60.52,70.2,62.12,8.84,58.16
2025-03-06 17:40:00,70.97,11704.702,39.827,325.718,110.722,64.4,60.11,70.18,62.26,6.67,58.17
2025-03-06 17:45:00,72.236,11902.135,39.065,336.277,113.668,65.63,61.94,72.55,63.26,7.69,58.18
2025-03-06 17:50:00,69.398,11719.539,39.287,327.023,106.778,65.05,60.71,70.72,63.14,7.54,58.18
2025-03-06 17:55:00,71.041,11894.08,39.69,324.66,114.255,65.29,61.13,70.77,63.28,8.05,58.19
2025-03-06 18:00:00,72.896,12052.605,39.756,329.914,110.236,66.62,62.91,73.09,63.63,7.94,58.2
2025-03-06 18:05:00,73.578,11820.877,39.223,332.818,112.074,66.36,62.07,71.88,63.94,8.16,58.21
2025-03-06 18:10:00,72.239,11415.754,39.565,335.848,114.15,65.52,61.39,72.11,63.74,8.26,58.22
2025-03-06 18:15:00,71.518,11564.506,39.467,330.895,114.055,65.72,61.7,71.95,63.91,7.5,58.22
2025-03-06 18:20:00,68.306,11827.098,39.68,332.537,111.563,67.02,62.18,71.99,64.02,7.48,58.23
2025-03-06 18:25:00,67.542,11663.02,39.383,338.917,114.201,65.25,61.65,71.07,62.09,8.25,58.24
2025-03-06 18:30:00,68.929,11868.098,39.043,331.776,106.656,64.9,60.09,70.11,62.12,6.19,58.25
2025-03-06 18:35:00,69.27,11705.387,39.537,333.647,109.047,64.66,60.86,70.4,62.61,4.65,58.25
2025-03-06 18:40:00,70.092,11813.008,39.501,336.749,111.689,64.48,60.14,70.2,61.75,6.67,58.26
2025-03-06 18:45:00,64.319,11879.599,39.052,332.709,110.99,64.19,60.75,70.15,61.81,5.54,58.27
2025-03-06 18:50:00,67.397,11605.735,39.237,333.759,108.176,62.71,58.56,68.74,60.53,6.23,58.28
2025-03-06 18:55:00,65.338,11626.986,39.209,337.328,108.343,60.83,57.19,67.82,59.37,5.29,58.28
2025-03-06 19:00:00,68.036,11768.502,38.951,333.758,108.199,60.79,57.02,68.0,59.32,6.61,58.29
2025-03-06 19:05:00,67.712,11582.579,39.935,327.843,108.903,61.31,57.16,66.93,58.52,5.53,58.3
2025-03-06 19:10:00,70.528,11498.216,39.807,333.046,109.099,61.18,57.15,67.69,59.35,6.83,58.31
2025-03-06 19:15:00,67.781,11736.248,39.919,338.595,107.058,62.16,58.02,68.25,60.41,6.68,58.32
2025-03-06 19:20:00,72.788,11644.469,39.423,339.838,107.099,61.56,57.85,68.21,60.25,5.58,58.32
2025-03-06 19:25:00,70.311,11714.62,38.915,329.966,110.229,62.31,58.52,68.62,60.07,5.63,58.33
2025-03-06 19:30:00,71.475,11518.945,39.664,334.856,113.537,63.13,59.61,69.63,61.79,5.09,58.34
2025-03-06 19:35:00,70.599,11628.088,39.278,334.818,107.673,63.35,59.99,69.59,61.86,6.43,58.35
2025-03-06 19:40:00,69.245,11771.07,39.128,330.914,106.703,62.96,58.49,69.22,60.72,6.58,58.36
2025-03-06 19:45:00,69.249,11803.809,39.614,335.62,107.719,63.42,58.38,68.95,59.54,5.24,58.37
2025-03-06 19:50:00,68.422,11753.792,39.387,335.294,110.182,62.77,57.72,68.4,59.93,4.59,58.37
2025-03-06 19:55:00,70.088,11375.219,39.545,340.328,113.419,62.26,57.66,67.77,59.92,5.4,58.38
2025-03-06 20:00:00,66.58,11616.842,39.191,333.161,115.159,62.47,58.94,68.12,60.01,4.15,58.39
2025-03-06 20:05:00,70.708,11721.486,39.535,330.618,110.43,62.42,58.02,68.11,60.83,2.96,58.4
2025-03-06 20:10:00,65.89,11528.479,38.662,341.103,109.833,61.73,57.92,68.26,60.57,3.36,58.41
2025-03-06 20:15:00,69.644,11724.928,39.173,335.022,109.058,64.42,59.51,69.91,61.89,4.03,58.41
2025-03-06 20:20:00,69.505,11831.077,38.795,334.565,112.572,64.42,60.49,71.09,62.5,4.89,58.42
2025-03-06 20:25:00,68.659,11884.563,38.996,329.918,111.56,64.67,59.87,69.83,62.28,5.47,58.43
2025-03-06 20:30:00,72.952,11490.657,39.351,334.257,115.116,64.02,60.26,70.05,62.5,3.93,58.44
2025-03-06 20:35:00,66.765,11418.998,39.309,334.624,109.419,63.2,59.53,70.75,61.36,2.78,58.45
2025-03-06 20:40:00,69.597,11680.741,39.661,337.201,111.767,62.18,59.28,68.94,61.55,3.76,58.46
2025-03-06 20:45:00,70.612,11633.257,38.973,332.814,113.405,63.53,59.28,69.23,61.77,2.08,58.46
2025-03-06 20:50:00,67.639,12022.429,39.434,341.379,115.391,64.01,60.41,69.85,61.8,3.42,58.47
2025-03-06 20:55:00,69.752,11961.119,39.384,332.304,109.696,63.33,59.31,69.61,62.61,3.13,58.48
2025-03-06 21:00:00,69.868,11767.635,39.179,334.035,115.321,63.53,59.27,69.31,61.45,3.68,58.49
2025-03-06 21:05:00,69.341,11627.299,39.252,334.56,108.764,62.87,57.96,68.62,61.42,1.71,58.5
2025-03-06 21:10:00,69.17,11743.539,39.857,338.659,110.337,64.04,59.72,69.2,61.03,2.75,58.51
2025-03-06 21:15:00,69.548,11996.649,39.229,329.193,113.73,64.66,60.2,71.19,62.04,3.15,58.51
2025-03-06 21:20:00,70.004,11822.054,38.438,338.686,111.903,63.74,59.96,69.9,62.53,3.54,58.52
2025-03-06 21:25:00,69.451,11699.448,38.882,338.669,110.151,63.64,60.15,69.33,61.5,2.34,58.53
2025-03-06 21:30:00,65.68,11498.914,38.785,335.435,113.931,65.71,60.79,70.85,63.45,1.04,58.54
2025-03-06 21:35:00,71.951,12016.209,39.151,332.246,114.071,65.81,61.66,71.53,63.7,1.18,58.55
2025-03-06 21:40:00,71.595,12099.475,39.412,339.943,112.263,65.63,61.9,72.5,64.04,3.02,58.56
2025-03-06 21:45:00,69.912,11870.052,39.118,334.87,111.78,66.38,62.68,72.85,64.2,1.79,58.57
2025-03-06 21:50:00,72.209,11966.441,39.26,337.402,110.383,67.51,63.01,71.92,65.36,0.25,58.57
2025-03-06 21:55:00,67.993,12184.431,38.756,340.128,115.065,68.14,64.64,73.97,65.6,1.05,58.58
2025-03-06 22:00:00,67.934,12061.071,39.278,325.484,114.668,68.56,64.67,74.99,66.15,1.61,58.59
2025-03-06 22:05:00,77.67,12080.387,39.437,330.761,112.83,70.15,65.99,75.47,68.11,1.19,58.6
2025-03-06 22:10:00,73.179,12257.386,38.582,329.48,117.687,69.54,66.27,75.69,67.76,0.91,58.61
2025-03-06 22:15:00,77.962,11787.167,38.887,327.447,113.974,68.76,65.71,75.5,67.85,1.56,58.62
2025-03-06 22:20:00,72.59,12157.32,39.307,332.436,115.625,69.38,65.72,75.75,67.63,0.69,58.63
2025-03-06 22:25:00,67.267,12069.067,39.373,336.712,117.595,69.93,66.06,76.18,68.19,1.79,58.63
2025-03-06 22:30:00,71.368,12309.232,39.05,334.758,114.273,71.05,67.67,76.88,69.67,1.35,58.64
2025-03-06 22:35:00,73.559,11988.644,39.472,332.681,115.931,70.89,66.77,76.85,69.27,1.99,58.65
2025-03-06 22:40:00,74.835,12061.699,39.505,331.097,115.985,70.89,67.25,76.74,68.94,-0.66,58.66
2025-03-06 22:45:00,70.734,12078.344,39.45,336.748,113.212,70.47,66.1,76.34,68.66,1.47,58.67
2025-03-06 22:50:00,72.309,12277.752,38.852,334.008,117.691,70.67,66.33,77.18,68.88,0.77,58.68
2025-03-06 22:55:00,67.973,12125.02,38.915,339.146,112.949,70.53,66.49,75.57,67.51,1.26,58.69
2025-03-06 23:00:00,74.804,12208.666,38.609,334.492,112.768,70.4,66.41,76.41,68.04,1.09,58.7
2025-03-06 23:05:00,73.23,11831.913,39.603,335.646,111.384,69.92,65.46,76.64,68.07,0.46,58.7
2025-03-06 23:10:00,72.647,12235.453,39.074,329.725,120.183,70.65,67.32,76.97,68.4,1.69,58.71
2025-03-06 23:15:00,74.716,12394.682,39.298,337.256,115.985,69.57,66.42,76.17,67.21,1.46,58.72
2025-03-06 23:20:00,69.381,12119.99,39.133,333.426,114.459,69.8,65.47,75.92,67.32,0.81,58.73
2025-03-06 23:25:00,74.602,12452.042,39.641,341.597,116.658,70.42,66.71,76.21,68.41,1.18,58.74
2025-03-06 23:30:00,71.13,12248.934,39.132,335.817,113.096,70.0,66.02,76.52,68.73,-0.83,58.75
2025-03-06 23:35:00,72.69,12297.631,39.522,335.298,117.666,71.51,66.91,77.41,69.69,-0.5,58.76
2025-03-06 23:40:00,73.442,12255.328,38.72,329.726,119.21,71.04,67.37,76.89,70.0,0.56,58.77
2025-03-06 23:45:00,71.985,12168.105,39.642,332.877,116.628,71.62,67.75,77.36,69.07,-0.04,58.77
2025-03-06 23:50:00,74.508,12188.871,39.482,335.022,117.211,71.16,66.71,76.39,68.56,0.98,58.78
2025-03-06 23:55:00,74.589,12263.644,38.982,338.819,117.403,71.77,66.82,77.05,70.25,-1.37,58.79
2025-03-07 00:00:00,74.142,11982.068,39.26,330.934,119.322,72.44,68.52,78.21,70.71,0.32,58.8
2025-03-07 00:05:00,76.201,12290.315,39.228,324.623,121.836,72.23,68.62,79.17,70.36,-0.93,58.81
2025-03-07 00:10:00,78.55,12122.564,38.349,330.819,115.318,72.14,68.59,78.84,69.99,-0.31,58.82
2025-03-07 00:15:00,73.531,12196.78,39.664,332.183,113.003,71.97,68.02,77.51,70.31,1.15,58.83
2025-03-07 00:20:00,76.574,12471.726,39.014,334.459,120.063,72.0,67.56,77.14,69.26,-0.29,58.83
2025-03-07 00:25:00,79.01,12219.681,39.183,336.344,118.837,72.52,68.86,78.79,70.99,-1.35,58.84
2025-03-07 00:30:00,73.04,12153.63,39.055,342.447,116.306,71.87,68.08,78.83,70.31,0.8,58.85
2025-03-07 00:35:00,79.386,12600.669,38.851,333.9,121.996,73.66,69.61,79.3,71.54,0.76,58.86
2025-03-07 00:40:00,77.934,12214.787,38.766,334.241,116.472,72.72,69.37,79.29,70.34,0.84,58.87
2025-03-07 00:45:00,78.892,11890.46,39.65,336.241,119.696,72.51,69.15,78.83,70.56,0.45,58.88
2025-03-07 00:50:00,76.714,12028.708,39.216,336.215,116.357,72.02,68.75,77.37,70.27,-0.99,58.89
2025-03-07 00:55:00,77.116,12311.165,39.542,334.698,118.732,73.05,68.7,79.15,70.13,-0.16,58.9
2025-03-07 01:00:00,72.431,12145.047,38.778,334.016,120.234,73.36,69.23,79.46,70.67,-1.59,58.9
2025-03-07 01:05:00,74.327,12423.702,39.666,332.149,121.012,70.99,67.4,77.11,69.77,0.5,58.91
2025-03-07 01:10:00,75.94,12517.571,38.251,340.134,117.036,70.04,66.37,76.7,69.41,-0.74,58.92
2025-03-07 01:15:00,71.044,12031.17,38.53,341.888,117.567,69.38,66.12,76.37,67.83,-1.45,58.93
2025-03-07 01:20:00,72.961,12400.633,38.743,335.844,118.424,70.39,65.84,76.06,68.05,-0.99,58.94
2025-03-07 01:25:00,71.903,12202.249,38.988,336.305,114.672,67.86,64.39,75.11,67.13,0.81,58.95
2025-03-07 01:30:00,73.298,11901.409,38.992,338.198,115.272,69.3,64.8,74.75,67.23,0.97,58.96
2025-03-07 01:35:00,72.181,11995.718,38.675,339.225,117.48,69.26,65.58,74.94,66.99,-1.72,58.97
2025-03-07 01:40:00,76.912,12168.553,38.655,335.009,117.688,70.31,66.72,76.09,68.88,-1.45,58.97
2025-03-07 01:45:00,76.378,12363.411,38.739,345.111,118.097,70.71,66.95,77.46,69.2,-1.53,58.98
2025-03-07 01:50:00,75.292,12109.67,39.019,338.409,117.776,70.99,66.66,76.72,69.06,-1.07,58.99
2025-03-07 01:55:00,74.058,12234.26,39.283,335.322,116.621,71.04,66.97,76.46,69.18,-0.49,59.0
2025-03-07 02:00:00,70.048,12048.881,39.506,334.655,116.984,72.1,67.37,77.16,69.68,0.41,59.01
2025-03-07 02:05:00,73.47,12001.754,39.465,344.347,118.402,71.85,67.64,78.05,69.51,-0.55,59.02
2025-03-07 02:10:00,74.201,12132.776,38.614,340.838,120.91,72.27,68.3,78.7,69.97,-1.29,59.03
2025-03-07 02:15:00,69.458,12552.134,38.814,335.016,114.932,72.04,68.17,78.96,70.75,-1.41,59.03
2025-03-07 02:20:00,77.321,12146.731,39.143,340.325,116.079,72.99,69.08,78.81,71.67,-1.34,59.04
2025-03-07 02:25:00,76.608,12098.254,39.057,335.878,124.898,73.97,69.31,79.45,71.94,-1.03,59.05
2025-03-07 02:30:00,75.271,12317.214,39.087,340.353,123.263,73.85,69.77,79.76,72.11,1.08,59.06
2025-03-07 02:35:00,70.223,12324.119,39.001,336.076,126.505,73.53,68.92,79.52,71.67,0.32,59.07
2025-03-07 02:40:00,78.364,12339.409,39.245,342.117,122.303,72.25,68.46,79.23,70.16,-1.14,59.08
2025-03-07 02:45:00,75.402,12057.459,38.819,340.53,117.135,72.57,68.13,77.91,69.99,-0.58,59.09
2025-03-07 02:50:00,74.278,12548.038,39.082,332.811,121.262,72.47,68.32,78.86,70.53,-0.3,59.09
2025-03-07 02:55:00,76.979,12018.196,39.168,333.842,124.174,73.66,70.19,80.65,72.12,0.27,59.1
2025-03-07 03:00:00,78.001,12242.366,39.222,341.219,122.006,74.11,70.28,80.36,72.51,0.54,59.11
2025-03-07 03:05:00,78.727,12529.114,38.619,339.1,115.871,73.58,68.67,79.2,70.77,0.94,59.12
2025-03-07 03:10:00,74.065,12201.384,38.708,337.745,120.343,73.91,69.61,80.39,72.13,-0.33,59.13
2025-03-07 03:15:00,75.729,12338.418,39.627,340.554,117.71,73.99,70.34,80.45,72.3,0.81,59.14
2025-03-07 03:20:00,79.198,12017.802,38.987,339.227,120.745,74.22,70.46,80.52,72.78,-1.58,59.14
2025-03-07 03:25:00,74.992,12161.565,39.348,339.733,119.748,74.68,70.06,80.92,72.11,0.3,59.15
2025-03-07 03:30:00,75.823,12401.648,39.181,340.91,123.562,73.65,68.75,79.26,71.29,0.28,59.16
2025-03-07 03:35:00,72.871,11905.422,38.602,337.881,120.972,73.47,69.0,78.66,71.42,-0.77,59.17
2025-03-07 03:40:00,76.596,12290.282,39.847,334.001,116.608,72.52,69.33,78.65,71.22,1.26,59.18
2025-03-07 03:45:00,77.083,12323.448,39.098,335.074,120.612,72.46,68.25,78.95,70.01,1.05,59.19
2025-03-07 03:50:00,70.032,12057.48,38.959,335.464,114.977,72.23,69.41,79.16,70.42,-0.58,59.19
2025-03-07 03:55:00,75.981,12038.726,38.512,335.983,118.45,71.9,67.58,77.57,70.66,0.79,59.2
2025-03-07 04:00:00,78.223,12390.714,38.708,339.043,120.052,72.52,67.4,77.23,69.47,0.0,59.21
2025-03-07 04:05:00,68.327,12452.818,38.849,340.264,116.822,70.88,67.25,77.97,69.55,-0.07,59.22
2025-03-07 04:10:00,76.343,12261.119,39.242,343.098,115.927,72.08,68.01,77.51,69.39,0.85,59.23
2025-03-07 04:15:00,69.632,12408.17,39.504,350.694,120.686,71.81,67.58,76.72,68.98,0.65,59.23
2025-03-07 04:20:00,68.258,12035.102,39.625,332.721,118.212,72.11,67.49,78.4,69.69,0.59,59.24
2025-03-07 04:25:00,71.829,12107.209,38.878,345.664,118.285,71.68,67.83,78.57,70.25,2.26,59.25
2025-03-07 04:30:00,75.073,12615.761,38.892,336.189,122.963,70.67,66.48,77.31,68.33,2.02,59.26
2025-03-07 04:35:00,70.792,12432.611,38.992,345.117,115.02,69.18,65.87,75.43,68.23,-0.31,59.27
2025-03-07 04:40:00,72.368,12081.4,39.168,341.92,120.788,69.67,65.55,75.66,67.53,1.54,59.28
2025-03-07 04:45:00,73.19,12004.764,38.748,337.213,116.243,69.52,65.19,74.76,66.76,1.41,59.28
2025-03-07 04:50:00,68.978,12077.196,39.097,341.89,119.297,68.56,64.89,75.8,67.0,1.22,59.29
2025-03-07 04:55:00,71.228,12152.594,38.884,342.859,116.534,69.03,64.96,75.01,67.25,0.75,59.3
2025-03-07 05:00:00,74.767,12610.541,39.458,342.497,119.199,69.91,64.86,75.41,67.54,1.73,59.31
2025-03-07 05:05:00,71.885,12377.838,39.46,348.354,118.002,69.16,64.95,74.92,67.2,0.44,59.32
2025-03-07 05:10:00,71.596,12111.601,39.009,342.164,118.101,67.98,64.21,73.95,66.02,0.62,59.32
2025-03-07 05:15:00,72.139,12175.543,39.211,347.862,110.967,67.45,62.69,72.97,64.59,1.81,59.33
2025-03-07 05:20:00,67.75,12123.162,39.375,350.569,117.9,65.12,61.91,71.97,63.98,1.75,59.34
2025-03-07 05:25:00,67.223,12046.451,38.815,338.748,120.804,66.5,62.79,72.54,64.74,1.1,59.35
2025-03-07 05:30:00,72.45,12240.123,39.09,340.73,115.5,66.62,63.14,72.79,64.61,2.74,59.35
2025-03-07 05:35:00,71.131,11948.784,38.873,347.182,114.777,68.58,63.62,74.15,65.41,2.4,59.36
2025-03-07 05:40:00,72.214,12072.498,39.278,349.348,119.179,66.96,62.86,73.38,64.99,2.65,59.37
2025-03-07 05:45:00,62.077,12151.319,39.272,341.338,114.601,67.05,62.97,73.05,65.52,1.49,59.38
2025-03-07 05:50:00,69.951,12221.31,38.968,343.047,115.069,66.73,63.28,73.52,64.14,2.14,59.38
2025-03-07 05:55:00,74.395,11961.31,39.518,343.708,114.606,66.9,63.2,72.45,65.1,2.62,59.39
2025-03-07 06:00:00,68.956,11909.052,39.761,344.944,114.521,67.1,63.1,72.77,64.92,5.41,59.4
2025-03-07 06:05:00,69.118,12037.671,39.625,345.218,115.686,67.93,63.62,73.93,65.63,3.2,59.41
2025-03-07 06:10:00,71.095,12030.967,38.824,350.611,119.511,66.88,63.51,73.11,64.87,2.8,59.42
2025-03-07 06:15:00,68.539,11684.912,39.181,343.387,118.859,67.74,64.78,74.73,65.97,4.03,59.42
2025-03-07 06:20:00,67.276,12149.142,39.482,347.95,120.206,68.44,64.74,74.3,65.98,2.9,59.43
2025-03-07 06:25:00,72.182,11974.055,39.478,347.194,120.696,68.34,64.92,74.78,66.62,2.78,59.44
2025-03-07 06:30:00,72.984,12283.215,39.463,346.583,118.267,68.48,65.17,74.24,66.38,3.59,59.44
2025-03-07 06:35:00,72.991,12609.836,39.142,348.002,115.654,69.24,65.0,75.44,67.38,3.61,59.45
2025-03-07 06:40:00,73.727,12161.613,38.914,339.588,118.403,68.13,64.69,74.4,66.9,2.85,59.46
2025-03-07 06:45:00,75.451,11889.197,38.901,349.066,118.428,68.13,64.2,74.62,66.16,2.7,59.47
2025-03-07 06:50:00,71.149,12385.262,39.587,341.535,117.451,67.67,64.16,74.22,66.22,5.19,59.47
2025-03-07 06:55:00,70.156,12218.821,39.362,340.701,117.206,68.08,63.73,74.65,66.57,3.94,59.48
2025-03-07 07:00:00,72.084,12241.507,39.495,344.638,116.347,67.58,64.28,74.23,66.22,4.21,59.49
2025-03-07 07:05:00,69.777,12013.17,39.483,341.701,120.079,68.49,64.77,75.01,66.2,4.37,59.5
2025-03-07 07:10:00,65.288,11999.993,39.777,341.98,112.614,68.17,63.62,73.24,65.74,5.56,59.5
2025-03-07 07:15:00,72.598,11848.903,39.541,345.317,117.441,68.62,63.49,73.63,65.81,5.28,59.51
2025-03-07 07:20:00,67.261,11837.955,39.921,345.707,116.662,67.58,63.78,73.58,65.62,4.49,59.52
2025-03-07 07:25:00,72.356,11800.9,39.879,345.806,116.01,67.25,62.83,72.85,65.05,4.68,59.52
2025-03-07 07:30:00,66.3,12137.539,39.765,343.363,118.446,67.03,63.17,72.64,64.22,5.05,59.53
2025-03-07 07:35:00,68.603,12045.535,39.996,345.412,117.883,67.51,62.25,72.46,65.83,5.59,59.54
2025-03-07 07:40:00,73.379,12367.645,39.287,349.991,119.236,66.33,62.61,72.97,63.84,3.34,59.54
2025-03-07 07:45:00,68.418,11953.437,39.51,352.159,117.823,65.44,61.36,71.24,63.75,5.06,59.55
2025-03-07 07:50:00,64.766,12247.97,39.21,347.093,126.991,66.02,62.54,72.45,64.21,5.07,59.56
2025-03-07 07:55:00,69.027,11859.466,39.342,347.751,116.885,66.48,62.66,72.36,64.33,4.59,59.56
2025-03-07 08:00:00,70.616,12148.671,39.909,345.751,119.945,66.07,62.08,72.11,63.83,4.61,59.57
2025-03-07 08:05:00,74.443,12232.781,39.537,350.319,115.049,64.65,61.59,71.04,62.77,5.07,59.58
2025-03-07 08:10:00,71.485,11935.867,39.879,350.983,112.646,65.77,61.56,71.92,63.43,6.09,59.58
2025-03-07 08:15:00,65.827,12070.676,39.46,352.692,115.245,65.39,60.83,71.12,63.32,6.02,59.59
2025-03-07 08:20:00,63.067,12106.487,39.666,348.193,116.612,64.51,60.82,71.0,62.71,6.03,59.6
2025-03-07 08:25:00,69.793,11922.571,40.035,354.86,112.318,64.85,60.87,70.94,62.94,5.99,59.6
2025-03-07 08:30:00,68.576,11833.167,39.573,347.995,116.104,63.85,60.74,70.51,62.03,7.89,59.61
2025-03-07 08:35:00,66.749,11914.509,40.415,343.128,113.271,64.62,60.28,69.83,62.97,5.58,59.62
2025-03-07 08:40:00,69.451,11976.26,39.818,349.187,120.197,64.43,60.76,70.31,62.49,7.09,59.62
2025-03-07 08:45:00,66.313,12090.559,39.749,345.702,116.587,64.63,61.06,70.42,62.4,6.41,59.63
2025-03-07 08:50:00,70.299,11845.518,39.58,346.626,117.051,65.46,60.76,70.6,63.06,7.53,59.64
2025-03-07 08:55:00,69.187,12394.264,39.355,345.182,115.134,64.87,61.21,71.2,62.93,6.88,59.64
2025-03-07 09:00:00,69.169,12344.707,39.305,341.964,117.449,65.48,61.02,70.59,62.51,6.7,59.65
2025-03-07 09:05:00,70.145,11985.441,39.401,347.891,116.806,66.1,60.8,70.77,63.13,7.02,59.65
2025-03-07 09:10:00,70.151,12187.503,38.867,346.187,118.337,65.32,61.64,72.28,63.43,6.79,59.66
2025-03-07 09:15:00,70.751,11987.35,39.558,342.721,119.26,65.59,61.05,72.55,62.71,8.97,59.67
2025-03-07 09:20:00,66.491,11900.039,39.576,356.447,112.705,64.49,60.32,70.06,62.11,7.54,59.67
2025-03-07 09:25:00,67.96,11945.195,39.107,348.159,114.978,64.16,60.73,69.82,62.98,7.87,59.68
2025-03-07 09:30:00,69.248,11935.622,39.638,354.367,118.922,64.63,60.29,70.58,61.63,7.23,59.68
2025-03-07 09:35:00,65.629,11930.996,39.573,349.142,121.836,64.74,60.13,70.14,62.26,6.62,59.69
2025-03-07 09:40:00,69.892,11995.47,39.303,352.128,115.476,64.48,59.57,70.34,62.45,6.81,59.7
2025-03-07 09:45:00,62.28,12211.603,39.067,347.006,116.61,64.27,59.82,70.14,62.02,7.17,59.7
2025-03-07 09:50:00,68.872,12064.495,39.913,351.422,113.075,65.48,60.51,70.74,62.99,7.97,59.71
2025-03-07 09:55:00,71.643,12052.103,39.409,347.557,114.244,65.87,61.37,71.41,62.68,6.57,59.71
2025-03-07 10:00:00,67.39,11975.835,39.042,347.983,116.374,64.61,60.81,70.71,62.46,7.06,59.72
2025-03-07 10:05:00,69.979,11956.97,39.978,353.497,117.557,64.77,61.0,70.54,62.8,9.44,59.72
2025-03-07 10:10:00,72.709,12055.522,39.908,344.893,118.492,65.5,62.33,72.14,63.7,8.16,59.73
2025-03-07 10:15:00,64.821,11612.0,40.01,349.087,118.971,65.42,61.35,71.69,63.07,9.56,59.74
2025-03-07 10:20:00,70.294,11985.018,39.747,347.298,119.841,65.11,61.25,70.99,63.17,8.35,59.74
2025-03-07 10:25:00,70.946,12181.156,39.811,351.255,117.248,65.22,59.91,71.8,62.8,7.58,59.75
2025-03-07 10:30:00,69.981,11993.869,39.879,350.818,119.117,65.17,60.65,70.2,62.3,8.59,59.75
2025-03-07 10:35:00,75.117,12106.596,40.261,351.398,114.53,64.99,61.31,70.32,62.28,8.33,59.76
2025-03-07 10:40:00,66.0,12181.569,40.19,347.358,121.28,65.5,61.47,71.63,62.82,9.09,59.76
2025-03-07 10:45:00,72.494,11904.49,40.443,339.579,119.114,65.21,61.16,71.21,63.2,9.31,59.77
2025-03-07 10:50:00,73.273,11814.301,40.49,354.625,113.72,65.46,61.98,71.32,62.72,10.22,59.77
2025-03-07 10:55:00,67.713,12208.281,39.772,347.367,117.415,65.05,61.5,71.01,63.33,10.06,59.78
2025-03-07 11:00:00,73.961,12327.451,39.746,352.308,115.426,65.71,60.82,71.64,63.85,8.87,59.78
2025-03-07 11:05:00,71.488,12024.308,39.762,351.009,117.902,65.72,62.42,72.5,63.6,8.22,59.79
2025-03-07 11:10:00,72.023,12236.857,39.897,350.349,114.479,65.56,61.18,71.6,63.44,9.44,59.79
2025-03-07 11:15:00,70.188,12430.961,40.383,349.576,112.204,65.45,62.28,72.28,64.37,8.93,59.8
2025-03-07 11:20:00,68.316,12385.925,40.084,355.134,117.666,65.55,62.1,71.77,63.73,9.15,59.8
2025-03-07 11:25:00,70.471,12235.191,39.877,348.456,118.212,65.65,61.65,71.34,63.07,10.25,59.81
2025-03-07 11:30:00,70.772,12183.219,40.148,354.789,114.719,66.11,61.51,71.9,63.94,10.16,59.81
2025-03-07 11:35:00,69.222,12020.416,40.525,344.278,118.582,65.61,61.79,72.21,63.61,10.24,59.82
2025-03-07 11:40:00,65.381,11964.755,39.783,345.998,115.281,64.59,60.66,71.18,62.47,10.24,59.82
2025-03-07 11:45:00,71.281,11895.929,40.11,349.193,120.186,64.28,60.07,71.12,63.1,9.05,59.83
2025-03-07 11:50:00,67.711,11671.566,39.5,344.875,117.816,64.23,61.19,71.43,62.83,9.67,59.83
2025-03-07 11:55:00,71.574,12420.551,40.226,346.052,116.027,64.59,60.41,71.79,63.8,9.86,59.83
2025-03-07 12:00:00,67.466,11934.76,39.953,351.594,120.103,65.78,61.64,72.3,63.28,10.52,59.84
2025-03-07 12:05:00,67.519,12185.791,39.704,345.778,115.254,64.73,61.05,71.37,63.29,8.55,59.84
2025-03-07 12:10:00,68.35,12079.592,40.324,345.634,114.318,65.43,61.28,71.23,63.24,10.28,59.85
2025-03-07 12:15:00,68.998,12164.038,39.719,349.547,116.49,63.61,60.32,69.76,61.85,9.66,59.85
2025-03-07 12:20:00,67.145,11578.747,40.255,351.03,121.308,63.62,59.89,70.08,61.63,9.26,59.86
2025-03-07 12:25:00,63.875,11718.865,39.765,349.171,113.17,62.46,58.57,68.7,60.62,10.98,59.86
2025-03-07 12:30:00,65.35,12190.664,40.112,351.013,117.73,63.6,58.61,69.29,61.26,11.5,59.86
2025-03-07 12:35:00,65.389,11996.831,40.103,358.19,116.67,63.32,59.37,68.67,61.87,10.39,59.87
2025-03-07 12:40:00,67.229,11690.237,40.417,350.165,114.334,62.16,57.85,68.0,60.19,10.47,59.87
2025-03-07 12:45:00,69.443,11644.353,40.644,347.486,112.879,62.84,58.34,67.95,60.35,10.49,59.88
2025-03-07 12:50:00,71.161,11876.46,40.168,354.089,116.944,63.44,58.8,69.56,60.92,8.87,59.88
2025-03-07 12:55:00,69.603,12085.309,39.919,356.645,113.111,63.58,60.07,69.49,61.92,11.21,59.88
2025-03-07 13:00:00,67.015,11890.307,39.849,351.539,115.514,63.64,60.11,69.99,61.52,12.02,59.89
2025-03-07 13:05:00,64.789,12056.495,39.453,351.767,116.269,63.96,59.65,70.09,62.08,10.13,59.89
2025-03-07 13:10:00,70.639,12010.685,39.208,353.239,116.287,64.14,60.6,70.39,62.68,9.59,59.89
2025-03-07 13:15:00,66.989,12221.036,40.195,349.948,116.839,64.41,60.38,70.2,62.16,9.81,59.9
2025-03-07 13:20:00,69.408,12218.738,40.551,343.657,122.799,66.19,62.07,72.1,63.83,11.09,59.9
2025-03-07 13:25:00,68.656,12332.57,39.439,354.672,115.119,65.91,61.61,72.48,63.98,9.58,59.91
2025-03-07 13:30:00,68.02,11894.487,39.879,346.796,117.377,65.65,62.78,71.44,63.55,11.18,59.91
2025-03-07 13:35:00,68.913,12036.186,39.472,348.842,118.434,65.71,61.27,71.53,63.26,9.23,59.91
2025-03-07 13:40:00,70.937,12239.617,39.905,352.691,117.896,65.73,62.0,72.18,63.0,11.47,59.92
2025-03-07 13:45:00,67.696,11855.122,40.058,349.858,119.032,65.72,62.02,71.44,63.66,9.64,59.92
2025-03-07 13:50:00,71.96,12313.988,39.824,346.159,118.157,65.76,61.8,71.53,63.91,10.16,59.92
2025-03-07 13:55:00,63.507,12182.086,39.871,346.248,114.905,65.92,61.62,71.56,64.13,10.22,59.92
2025-03-07 14:00:00,68.02,12277.293,39.739,350.162,115.603,65.8,62.11,71.24,63.47,9.51,59.93
2025-03-07 14:05:00,67.892,12248.273,40.166,348.976,117.166,66.2,61.93,71.82,63.9,9.34,59.93
2025-03-07 14:10:00,66.398,12057.284,40.239,351.676,120.689,65.43,62.32,72.13,63.67,11.02,59.93
2025-03-07 14:15:00,69.094,12049.063,39.965,349.358,116.177,65.86,62.46,72.05,64.26,11.43,59.94
2025-03-07 14:20:00,65.308,12227.631,40.173,345.853,117.195,64.73,61.35,70.66,62.37,10.26,59.94
2025-03-07 14:25:00,65.944,12054.709,40.093,347.653,117.325,65.46,60.97,71.33,63.7,10.3,59.94
2025-03-07 14:30:00,70.885,12201.199,39.513,351.092,116.921,64.96,61.74,70.85,63.49,11.27,59.94
2025-03-07 14:35:00,67.494,12300.0,39.373,347.229,115.368,65.58,62.16,71.11,63.92,9.94,59.95
2025-03-07 14:40:00,67.417,12195.102,39.749,348.938,118.824,64.42,60.88,71.41,63.7,9.75,59.95
2025-03-07 14:45:00,65.042,12302.839,39.551,348.158,118.143,65.42,61.1,71.32,63.26,10.12,59.95
2025-03-07 14:50:00,69.988,12626.735,40.242,347.577,119.902,66.01,62.69,71.74,64.4,9.46,59.95
2025-03-07 14:55:00,71.34,12255.563,39.871,348.254,121.928,65.43,61.85,71.88,64.0,10.14,59.96
2025-03-07 15:00:00,70.406,11983.77,39.69,355.225,123.802,66.06,61.95,72.67,63.85,11.72,59.96
2025-03-07 15:05:00,72.856,12153.349,40.036,349.972,114.132,64.77,62.05,72.12,63.81,9.75,59.96
2025-03-07 15:10:00,67.189,11805.444,40.154,345.624,118.906,65.32,61.51,71.08,62.84,9.83,59.96
2025-03-07 15:15:00,62.018,12222.313,39.416,350.258,114.968,65.31,62.01,71.67,63.18,9.79,59.97
2025-03-07 15:20:00,65.857,12380.628,39.664,346.365,117.871,65.69,61.32,71.93,63.66,9.69,59.97
2025-03-07 15:25:00,73.489,12337.035,39.853,346.361,119.048,64.65,61.88,71.25,63.21,9.4,59.97
2025-03-07 15:30:00,67.614,12026.464,40.344,353.76,115.675,65.02,61.41,71.55,63.6,10.94,59.97
2025-03-07 15:35:00,71.227,11942.563,39.85,346.588,121.958,65.29,61.31,71.99,63.52,10.1,59.97
2025-03-07 15:40:00,70.97,12186.53,39.952,351.816,120.9,65.47,61.66,70.73,63.51,8.31,59.98
2025-03-07 15:45:00,69.191,11765.628,39.716,351.277,120.066,65.79,61.79,71.76,63.64,11.54,59.98
2025-03-07 15:50:00,69.692,12118.323,39.869,345.117,118.453,66.2,62.41,72.61,65.21,9.47,59.98
2025-03-07 15:55:00,69.557,12019.855,39.697,350.63,114.847,67.17,63.11,73.17,65.33,9.69,59.98
2025-03-07 16:00:00,68.255,12056.01,40.384,351.755,119.064,67.89,62.6,74.43,65.97,9.45,59.98
2025-03-07 16:05:00,69.793,12667.016,39.908,350.47,120.486,67.38,63.83,74.14,66.57,9.19,59.98
2025-03-07 16:10:00,68.721,12326.726,39.536,350.09,115.209,67.03,63.67,73.28,65.34,10.31,59.98
2025-03-07 16:15:00,72.075,12355.859,40.594,346.01,118.684,66.83,62.65,73.52,64.23,11.04,59.99
2025-03-07 16:20:00,73.175,12068.477,39.366,348.024,123.498,67.57,63.49,73.0,65.47,8.46,59.99
2025-03-07 16:25:00,70.853,12106.438,40.583,351.895,122.314,67.88,63.86,74.7,66.11,9.53,59.99
2025-03-07 16:30:00,68.205,11943.501,39.775,341.996,122.432,67.82,64.51,73.94,66.11,8.77,59.99
2025-03-07 16:35:00,69.234,11954.58,40.184,350.97,117.612,68.63,64.78,73.96,65.91,9.71,59.99
2025-03-07 16:40:00,75.577,12596.505,39.917,349.969,122.073,68.92,65.06,74.66,66.81,8.15,59.99
2025-03-07 16:45:00,69.121,12443.573,39.757,353.189,121.166,70.19,66.01,76.7,68.01,8.1,59.99
2025-03-07 16:50:00,74.924,12211.645,39.801,339.438,123.391,70.34,66.1,76.59,68.39,7.4,59.99
2025-03-07 16:55:00,67.6,12402.863,40.073,357.477,117.762,69.78,65.26,76.84,67.31,8.12,59.99
2025-03-07 17:00:00,72.922,12354.107,39.938,350.827,121.815,70.11,65.88,76.05,67.69,8.39,60.0
2025-03-07 17:05:00,77.519,12749.506,39.834,341.291,121.041,70.31,65.97,76.38,67.8,8.6,60.0
2025-03-07 17:10:00,69.199,12168.208,39.453,350.886,121.153,70.98,66.71,76.9,69.04,7.74,60.0
2025-03-07 17:15:00,72.418,12762.445,39.726,346.808,122.371,70.68,66.9,77.17,69.19,8.26,60.0
2025-03-07 17:20:00,71.396,12308.539,39.757,348.089,119.776,71.22,67.49,77.91,68.81,6.55,60.0
2025-03-07 17:25:00,75.492,12258.179,39.655,353.467,121.644,70.14,67.56,76.99,69.23,8.37,60.0
2025-03-07 17:30:00,68.901,12589.649,39.488,348.449,120.94,71.68,67.74,77.37,68.91,7.6,60.0
2025-03-07 17:35:00,68.506,12574.384,39.934,347.952,123.804,69.69,67.25,76.36,68.46,6.95,60.0
2025-03-07 17:40:00,73.629,12155.44,40.025,345.693,122.572,71.68,67.05,77.64,69.45,7.16,60.0
2025-03-07 17:45:00,71.89,12349.181,39.634,356.934,120.439,71.1,67.18,77.42,69.39,7.78,60.0
2025-03-07 17:50:00,74.926,12624.564,39.309,352.805,123.587,72.5,68.39,78.83,70.09,8.65,60.0
2025-03-07 17:55:00,72.915,12168.344,39.412,346.128,121.37,73.03,69.3,78.63,71.28,6.16,60.0
2025-03-07 18:00:00,74.886,12340.802,39.953,348.412,123.242,72.59,68.79,78.63,69.4,7.42,60.0
2025-03-07 18:05:00,73.088,12600.189,39.913,350.371,122.742,73.65,69.11,79.72,71.95,6.98,60.0
2025-03-07 18:10:00,74.257,12185.199,39.847,344.25,121.951,74.28,70.67,80.78,72.46,7.19,60.0
2025-03-07 18:15:00,74.314,12396.155,39.575,344.07,126.375,74.95,70.86,80.02,72.15,6.04,60.0
2025-03-07 18:20:00,76.779,12683.935,39.587,346.687,121.478,73.79,69.94,79.9,71.61,6.73,60.0
2025-03-07 18:25:00,76.225,12287.316,39.865,353.593,119.95,74.08,69.38,80.83,72.85,6.74,60.0
2025-03-07 18:30:00,73.31,12300.612,39.796,348.936,124.669,74.44,69.87,79.45,70.95,7.48,60.0
2025-03-07 18:35:00,72.018,12712.214,39.383,355.552,127.398,74.06,69.9,79.91,71.42,7.25,60.0
2025-03-07 18:40:00,74.975,12550.908,40.001,337.537,120.448,73.69,70.3,79.37,71.46,6.57,60.0
2025-03-07 18:45:00,75.28,12661.443,39.285,344.593,122.897,72.95,69.15,78.75,71.25,6.31,60.0
2025-03-07 18:50:00,73.732,12319.374,39.834,349.361,123.615,72.87,68.72,79.45,70.77,5.2,60.0
2025-03-07 18:55:00,77.549,12258.232,39.732,346.961,122.082,73.03,69.3,78.88,70.91,7.5,60.0
2025-03-07 19:00:00,73.323,12331.025,39.358,346.228,124.062,71.77,68.07,78.28,69.96,6.36,60.0
2025-03-07 19:05:00,73.745,12544.677,39.776,349.393,124.25,72.12,67.97,78.28,70.74,6.22,59.99
2025-03-07 19:10:00,74.836,12163.459,39.608,350.149,122.386,72.57,68.89,78.97,70.76,3.66,59.99
2025-03-07 19:15:00,76.613,12364.326,39.942,344.52,122.626,72.67,69.01,78.47,70.75,7.19,59.99
2025-03-07 19:20:00,77.694,12203.23,39.369,343.417,121.926,72.87,68.32,79.04,70.69,5.27,59.99
2025-03-07 19:25:00,74.766,12521.364,39.384,342.287,123.31,73.04,68.35,78.76,70.88,5.55,59.99
2025-03-07 19:30:00,76.229,12236.439,39.626,351.573,122.942,72.62,69.13,79.0,71.59,4.39,59.99
2025-03-07 19:35:00,68.219,12516.003,40.004,353.414,121.022,73.25,69.74,79.39,71.22,5.35,59.99
2025-03-07 19:40:00,73.766,12264.277,39.563,341.029,124.739,74.59,70.61,80.49,72.84,5.02,59.99
2025-03-07 19:45:00,74.713,12410.007,39.872,347.705,127.685,73.76,70.91,80.25,72.51,5.77,59.99
2025-03-07 19:50:00,79.565,12383.32,39.766,347.728,127.676,74.95,70.98,80.68,72.44,6.95,59.98
2025-03-07 19:55:00,73.057,12316.627,39.126,350.388,125.874,74.89,70.17,80.29,72.71,4.25,59.98
2025-03-07 20:00:00,80.409,12725.792,40.258,351.515,121.749,75.89,71.77,81.87,74.1,4.92,59.98
2025-03-07 20:05:00,72.576,12508.647,39.088,334.571,126.666,76.33,72.52,81.77,73.86,5.8,59.98
2025-03-07 20:10:00,76.236,12491.743,39.402,351.347,124.401,75.98,73.0,82.51,75.31,4.25,59.98
2025-03-07 20:15:00,75.268,12569.171,40.017,350.365,129.865,77.73,72.36,83.67,75.46,2.87,59.98
2025-03-07 20:20:00,77.796,12404.906,40.197,345.3,123.202,77.59,73.64,83.96,76.09,4.44,59.98
2025-03-07 20:25:00,78.452,12770.009,39.115,345.135,123.336,77.44,74.07,84.45,75.26,4.45,59.97
2025-03-07 20:30:00,76.914,12350.652,39.441,350.343,123.834,77.11,73.18,83.26,74.36,5.1,59.97
2025-03-07 20:35:00,75.186,12680.996,39.668,344.718,126.355,77.06,72.41,83.19,75.23,4.29,59.97
2025-03-07 20:40:00,76.515,12538.449,39.609,348.172,133.489,77.28,73.45,83.24,75.45,4.63,59.97
2025-03-07 20:45:00,79.084,12571.675,39.478,344.128,128.331,76.53,72.95,82.97,75.32,3.45,59.97
2025-03-07 20:50:00,74.996,12314.328,40.092,349.435,124.476,78.12,73.46,83.48,75.74,3.6,59.96
2025-03-07 20:55:00,76.118,12483.605,40.003,340.859,121.147,77.83,73.84,84.47,76.49,3.0,59.96
2025-03-07 21:00:00,69.457,12588.287,39.701,345.03,120.864,78.49,74.63,83.86,76.13,3.06,59.96
2025-03-07 21:05:00,77.361,12488.96,39.119,339.119,123.304,77.46,74.31,84.17,76.01,2.11,59.96
2025-03-07 21:10:00,79.138,12551.065,39.083,338.559,127.303,77.87,75.25,85.32,77.55,2.39,59.95
2025-03-07 21:15:00,77.528,12530.497,39.255,342.153,124.752,79.64,74.71,85.3,76.56,2.01,59.95
2025-03-07 21:20:00,81.92,12634.117,39.457,340.72,124.087,80.93,77.93,87.11,79.45,2.36,59.95
2025-03-07 21:25:00,80.892,12581.572,39.953,346.866,132.946,80.58,76.35,87.25,78.52,2.3,59.95
2025-03-07 21:30:00,79.652,12927.218,39.638,340.756,120.639,81.24,77.28,87.27,78.68,2.78,59.94
2025-03-07 21:35:00,78.964,12516.567,39.124,346.87,131.977,81.26,76.79,86.71,78.51,3.09,59.94
2025-03-07 21:40:00,75.753,12303.013,39.528,344.252,124.77,80.97,77.58,87.2,79.25,1.68,59.94
2025-03-07 21:45:00,76.037,12481.684,38.798,342.637,127.356,80.44,76.98,86.66,78.75,2.46,59.94
2025-03-07 21:50:00,80.441,12760.346,39.327,341.731,129.969,79.73,75.68,85.67,77.75,2.24,59.93
2025-03-07 21:55:00,80.364,12638.169,39.989,343.526,126.744,79.84,76.28,85.9,78.02,1.62,59.93
2025-03-07 22:00:00,76.72,12871.894,39.272,346.603,126.19,81.17,77.02,87.08,78.92,1.43,59.93
2025-03-07 22:05:00,80.684,12592.787,39.268,342.772,130.055,81.93,76.53,86.67,79.25,2.21,59.92
2025-03-07 22:10:00,79.468,12620.866,39.11,343.241,125.561,81.15,77.23,86.93,79.32,2.16,59.92
2025-03-07 22:15:00,79.091,12581.395,39.191,347.125,128.308,81.26,77.04,87.99,79.74,1.52,59.92
2025-03-07 22:20:00,78.678,12649.763,39.224,341.234,123.5,80.67,76.65,86.86,78.2,1.28,59.92
2025-03-07 22:25:00,83.415,12606.175,39.359,345.375,125.022,81.29,77.19,87.09,78.71,2.87,59.91
2025-03-07 22:30:00,78.37,12528.37,39.096,346.448,127.527,80.19,76.65,86.45,78.9,0.84,59.91
2025-03-07 22:35:00,77.831,12674.012,39.1,347.523,124.615,80.0,75.94,86.38,78.82,-0.68,59.91
2025-03-07 22:40:00,79.166,12632.236,39.456,342.776,124.723,80.75,77.73,87.92,79.34,1.56,59.9
2025-03-07 22:45:00,76.533,12523.83,39.613,343.318,127.402,82.13,78.72,88.29,80.37,1.74,59.9
2025-03-07 22:50:00,82.074,12736.119,39.36,338.82,129.504,83.04,78.98,88.65,80.79,0.31,59.89
2025-03-07 22:55:00,80.004,12878.248,39.982,339.998,126.467,84.07,79.17,89.31,81.21,-0.47,59.89
2025-03-07 23:00:00,82.312,12622.391,39.223,342.084,128.425,83.56,79.55,88.56,80.9,1.01,59.89
2025-03-07 23:05:00,75.524,12682.699,38.972,336.757,126.386,83.05,79.76,89.09,80.58,1.06,59.88
2025-03-07 23:10:00,82.82,12721.323,39.166,336.852,127.075,83.82,80.04,89.61,81.52,0.59,59.88
2025-03-07 23:15:00,79.918,12600.639,39.745,336.131,134.395,83.99,80.12,90.19,82.14,1.29,59.88
2025-03-07 23:20:00,78.807,12818.495,39.529,333.531,130.601,83.31,80.04,90.61,81.99,0.72,59.87
2025-03-07 23:25:00,79.238,12634.545,38.699,341.477,129.001,84.19,80.28,90.49,82.91,0.05,59.87
2025-03-07 23:30:00,87.071,12660.57,39.417,339.024,127.444,83.96,79.58,89.16,81.04,0.26,59.86
2025-03-07 23:35:00,74.511,12519.624,38.931,338.994,125.055,83.75,79.78,89.43,80.99,0.31,59.86
2025-03-07 23:40:00,84.666,13122.241,38.737,336.728,132.69,83.4,79.27,89.46,80.56,0.74,59.86
2025-03-07 23:45:00,83.209,12986.606,40.116,344.387,125.064,82.04,77.73,88.79,80.32,0.03,59.85
2025-03-07 23:50:00,84.848,13071.134,39.227,339.488,126.37,82.55,78.7,89.45,80.46,0.49,59.85
2025-03-07 23:55:00,83.73,13038.979,39.496,333.251,124.405,85.17,80.2,91.04,83.36,1.12,59.84
2025-03-08 00:00:00,82.742,12397.737,39.304,341.71,128.142,85.21,80.32,90.12,82.53,1.4,59.84
2025-03-08 00:05:00,83.659,12872.061,39.946,342.104,131.626,83.29,80.45,89.75,82.58,-0.27,59.83
2025-03-08 00:10:00,80.038,12797.152,39.426,341.1,122.489,82.97,79.18,90.14,81.09,0.16,59.83
2025-03-08 00:15:00,85.063,12966.505,39.467,344.265,127.132,83.95,80.12,89.23,80.88,-1.27,59.83
2025-03-08 00:20:00,80.195,12430.026,39.342,341.861,128.44,83.14,79.1,89.43,81.23,0.19,59.82
2025-03-08 00:25:00,84.02,12901.155,39.065,346.541,125.711,82.6,78.42,88.51,80.98,-0.18,59.82
2025-03-08 00:30:00,84.611,12712.651,39.357,339.648,126.198,83.72,79.67,89.97,82.29,-0.09,59.81
2025-03-08 00:35:00,85.281,12721.265,39.781,338.454,125.899,82.96,79.16,89.04,81.82,-0.37,59.81
2025-03-08 00:40:00,82.098,12804.741,39.172,338.126,128.888,83.55,79.48,89.18,81.71,0.52,59.8
2025-03-08 00:45:00,75.841,12193.652,39.216,339.307,133.79,83.65,80.32,90.26,81.47,1.13,59.8
2025-03-08 00:50:00,80.961,12723.794,38.783,340.347,127.613,84.65,80.69,90.72,82.45,-0.97,59.79
2025-03-08 00:55:00,86.049,12673.639,39.337,338.825,130.099,83.29,78.5,89.44,80.67,-1.25,59.79
2025-03-08 01:00:00,82.187,12652.797,39.223,345.491,124.832,83.16,79.56,89.95,82.02,-1.03,59.78
2025-03-08 01:05:00,79.809,13074.895,39.185,341.738,129.369,83.97,79.52,90.16,82.75,-0.35,59.78
2025-03-08 01:10:00,77.392,12655.395,38.833,332.654,124.25,82.51,80.05,89.4,81.96,0.3,59.77
2025-03-08 01:15:00,80.549,12763.105,39.686,335.362,126.115,83.5,78.96,89.8,81.33,-0.35,59.77
2025-03-08 01:20:00,81.676,12849.603,38.556,339.131,127.039,82.82,78.27,89.33,80.97,0.52,59.76
2025-03-08 01:25:00,83.085,12581.5,39.489,334.328,131.855,82.52,79.06,89.53,81.31,-1.17,59.76
2025-03-08 01:30:00,79.995,12866.117,39.783,343.158,128.315,84.41,80.67,90.39,82.97,0.13,59.75
2025-03-08 01:35:00,80.154,12423.291,38.77,343.919,129.96,84.64,80.86,91.07,82.51,-0.03,59.75
2025-03-08 01:40:00,84.006,12809.767,39.237,335.66,128.477,85.28,81.02,91.23,83.15,-0.41,59.74
2025-03-08 01:45:00,84.826,12966.795,39.028,346.921,128.9,85.13,81.44,91.16,84.0,-1.92,59.74
2025-03-08 01:50:00,82.266,12480.096,39.436,339.6,124.462,84.28,81.29,90.66,82.51,-0.3,59.73
2025-03-08 01:55:00,82.369,12848.81,38.925,333.233,123.446,85.56,81.7,92.36,83.92,0.24,59.72
2025-03-08 02:00:00,79.472,13026.571,38.921,338.4,130.64,85.39,81.93,91.19,83.37,-0.66,59.72
2025-03-08 02:05:00,85.833,13225.874,39.472,339.131,127.188,84.77,80.83,90.62,82.85,-0.28,59.71
2025-03-08 02:10:00,79.572,12733.099,38.868,341.674,128.157,84.13,80.78,89.93,81.29,-0.96,59.71
2025-03-08 02:15:00,82.209,12467.406,39.56,336.308,124.467,84.55,80.34,90.81,82.46,0.78,59.7
2025-03-08 02:20:00,79.911,12874.482,38.889,333.823,135.028,86.25,81.63,91.58,83.51,0.36,59.7
2025-03-08 02:25:00,83.308,12623.523,39.418,344.691,129.804,86.42,81.81,92.35,84.43,0.25,59.69
2025-03-08 02:30:00,84.295,13024.011,39.654,333.142,131.937,86.41,82.69,92.34,83.88,0.33,59.68
2025-03-08 02:35:00,83.585,12857.875,39.164,337.779,128.474,86.85,82.66,93.56,85.58,-1.88,59.68
2025-03-08 02:40:00,87.545,12593.191,39.076,341.25,125.752,86.42,81.78,92.28,84.55,-1.28,59.67
2025-03-08 02:45:00,86.84,12804.975,39.268,338.021,122.055,86.29,81.55,91.44,83.79,-0.99,59.67
2025-03-08 02:50:00,81.13,12927.28,38.933,337.293,128.66,84.8,81.09,91.87,82.72,-0.64,59.66
2025-03-08 02:55:00,80.058,12567.975,39.902,337.663,126.574,84.64,80.44,90.79,82.58,-1.34,59.65
2025-03-08 03:00:00,78.626,12532.282,38.741,338.101,129.646,84.67,81.05,90.86,82.84,-0.9,59.65
2025-03-08 03:05:00,80.961,12751.987,38.78,336.734,128.43,83.52,79.4,90.04,82.08,-0.28,59.64
2025-03-08 03:10:00,82.8,12521.404,39.792,345.133,127.125,83.39,80.46,89.5,81.56,-0.73,59.64
2025-03-08 03:15:00,77.104,12552.102,38.594,341.469,129.638,83.45,78.99,90.13,81.32,-2.07,59.63
2025-03-08 03:20:00,83.105,12835.212,39.341,338.008,125.918,84.93,80.69,90.46,82.58,-0.17,59.62
2025-03-08 03:25:00,80.736,12952.67,39.24,333.47,125.801,83.99,80.34,90.82,82.36,1.01,59.62
2025-03-08 03:30:00,84.05,12839.539,39.995,342.462,126.648,84.12,80.78,91.77,82.95,0.36,59.61
2025-03-08 03:35:00,79.068,13169.306,39.006,336.088,128.621,84.89,80.8,90.2,83.22,0.69,59.6
2025-03-08 03:40:00,81.817,12797.443,39.187,343.507,128.37,84.65,81.76,90.79,83.26,1.57,59.6
2025-03-08 03:45:00,83.005,12491.855,39.004,335.152,125.756,84.09,80.19,90.64,82.44,0.41,59.59
2025-03-08 03:50:00,81.264,12345.419,39.471,341.585,123.395,84.92,80.43,89.69,81.74,-0.55,59.58
2025-03-08 03:55:00,81.754,12852.995,38.504,341.474,126.104,84.93,80.26,91.27,82.95,0.1,59.58
2025-03-08 04:00:00,83.003,12717.409,39.142,341.989,129.594,83.76,79.4,89.8,81.32,-0.01,59.57
2025-03-08 04:05:00,80.548,12592.863,38.918,339.232,127.057,82.94,77.93,89.39,81.29,1.58,59.56
2025-03-08 04:10:00,81.879,12713.402,39.043,337.854,123.866,82.78,78.86,89.29,80.49,1.09,59.56
2025-03-08 04:15:00,80.657,12800.851,39.18,335.913,128.72,84.29,80.29,89.95,81.71,0.64,59.55
2025-03-08 04:20:00,75.686,12838.131,39.268,337.726,129.079,83.71,79.95,90.07,82.14,0.78,59.54
2025-03-08 04:25:00,84.716,12600.809,39.407,335.793,124.866,83.3,80.07,90.03,81.62,2.55,59.54
2025-03-08 04:30:00,83.957,12526.416,39.068,335.316,129.653,83.75,79.01,89.2,81.71,0.23,59.53
2025-03-08 04:35:00,83.015,12493.03,39.872,339.045,129.108,83.41,78.82,89.37,81.95,2.49,59.52
2025-03-08 04:40:00,80.694,12663.428,39.278,334.094,123.787,82.75,78.53,88.53,80.49,1.22,59.52
2025-03-08 04:45:00,81.717,12449.368,39.285,342.538,126.148,83.16,78.68,88.96,80.4,0.58,59.51
2025-03-08 04:50:00,80.593,12767.906,39.323,330.739,124.445,82.98,78.32,89.09,80.88,1.38,59.5
2025-03-08 04:55:00,79.055,12798.779,39.078,335.993,126.586,82.82,78.92,89.28,80.43,1.15,59.5
2025-03-08 05:00:00,81.08,12630.898,39.327,343.512,122.284,82.15,77.38,87.61,79.35,2.21,59.49
2025-03-08 05:05:00,81.317,13016.141,39.056,334.185,124.63,81.31,77.31,87.29,79.53,1.2,59.48
2025-03-08 05:10:00,78.852,12619.111,39.565,343.057,123.732,80.48,76.06,86.85,78.57,1.81,59.47
2025-03-08 05:15:00,81.367,12635.401,39.394,344.48,119.582,80.04,77.1,86.76,78.39,1.59,59.47
2025-03-08 05:20:00,79.132,12328.169,38.916,345.954,126.284,80.38,76.33,86.8,78.72,4.46,59.46
2025-03-08 05:25:00,80.284,12628.689,39.623,343.769,124.118,79.7,75.13,85.42,77.49,1.77,59.45
2025-03-08 05:30:00,77.864,12442.209,39.34,331.795,125.719,79.31,76.19,86.15,77.51,2.72,59.44
2025-03-08 05:35:00,81.951,12594.284,39.497,332.057,122.414,79.16,75.97,86.5,77.68,2.37,59.44
2025-03-08 05:40:00,78.241,12519.069,39.442,333.873,128.001,81.28,76.99,86.36,78.86,1.91,59.43
2025-03-08 05:45:00,80.777,12331.257,38.659,329.794,125.581,81.27,77.21,86.54,78.11,1.04,59.42
2025-03-08 05:50:00,83.476,12588.547,39.561,341.247,123.767,81.92,78.14,87.51,80.28,3.06,59.42
2025-03-08 05:55:00,80.06,12319.394,39.655,334.331,125.63,81.1,76.51,87.78,79.11,1.68,59.41
2025-03-08 06:00:00,80.485,12643.302,38.901,336.69,126.289,80.61,75.0,86.05,77.46,3.64,59.4
2025-03-08 06:05:00,78.733,12445.954,39.421,335.323,122.294,78.64,75.08,85.09,76.73,1.88,59.39
2025-03-08 06:10:00,77.478,12490.89,38.939,329.278,125.062,78.25,74.7,84.34,77.11,0.77,59.38
2025-03-08 06:15:00,75.293,12567.547,38.892,336.323,120.808,78.15,74.54,84.31,76.81,3.0,59.38
2025-03-08 06:20:00,76.51,12520.416,39.358,342.598,121.453,78.85,74.89,85.33,76.91,3.19,59.37
2025-03-08 06:25:00,78.473,12152.479,39.651,339.102,124.199,79.16,75.02,84.44,76.48,2.91,59.36
2025-03-08 06:30:00,78.09,12572.261,39.345,339.395,120.505,78.68,74.73,84.6,76.59,4.59,59.35
2025-03-08 06:35:00,78.6,12576.015,39.189,335.204,121.25,78.8,74.25,84.3,76.5,3.09,59.35
2025-03-08 06:40:00,75.604,12289.611,39.479,337.977,123.462,79.27,75.44,85.56,76.87,3.18,59.34
2025-03-08 06:45:00,79.397,12231.01,39.018,340.622,127.577,80.32,76.3,86.47,78.8,4.88,59.33
2025-03-08 06:50:00,74.419,12388.914,38.814,334.887,120.948,80.4,75.92,85.55,78.06,4.03,59.32
2025-03-08 06:55:00,79.412,12350.769,39.33,341.049,123.61,79.65,76.42,85.83,77.64,3.15,59.32
2025-03-08 07:00:00,78.931,12693.968,39.077,335.908,123.808,80.51,76.11,85.56,77.51,4.6,59.31
2025-03-08 07:05:00,79.466,12532.476,38.98,338.707,121.754,80.84,76.61,86.58,78.62,3.81,59.3
2025-03-08 07:10:00,77.82,12402.565,39.208,330.689,121.733,79.94,76.34,86.33,79.3,5.59,59.29
2025-03-08 07:15:00,80.263,12658.782,39.69,334.674,125.024,81.31,76.94,87.53,79.85,4.39,59.28
2025-03-08 07:20:00,81.761,12539.356,39.736,339.471,122.018,80.97,77.91,87.27,78.73,5.04,59.28
2025-03-08 07:25:00,79.559,12426.671,40.119,339.507,125.248,80.79,77.41,86.54,78.96,6.05,59.27
2025-03-08 07:30:00,78.571,12338.186,39.482,329.103,125.422,80.65,76.77,88.09,79.44,4.8,59.26
2025-03-08 07:35:00,80.165,12399.91,39.304,330.705,123.205,80.99,77.23,86.73,78.75,6.19,59.25
2025-03-08 07:40:00,78.352,12553.291,39.78,337.234,125.168,81.11,76.78,86.7,78.57,6.63,59.24
2025-03-08 07:45:00,79.489,12777.49,40.205,338.383,120.695,81.11,76.72,87.31,78.57,5.97,59.23
2025-03-08 07:50:00,79.337,12612.77,39.028,330.331,127.27,81.28,77.44,86.96,79.48,4.62,59.23
2025-03-08 07:55:00,77.922,12588.858,39.22,324.87,128.137,80.7,76.59,86.49,78.31,5.1,59.22
2025-03-08 08:00:00,80.361,13030.571,39.961,331.526,126.93,81.63,78.07,87.36,79.57,6.74,59.21
2025-03-08 08:05:00,78.77,12491.935,39.554,336.135,127.572,82.59,78.35,88.29,79.57,5.41,59.2
2025-03-08 08:10:00,80.842,12410.226,40.26,341.285,129.461,82.48,78.23,87.9,80.09,6.63,59.19
2025-03-08 08:15:00,83.356,12445.226,39.764,334.775,122.977,83.4,79.22,88.71,80.79,5.07,59.19
2025-03-08 08:20:00,77.29,13000.805,39.853,335.19,125.516,82.53,78.64,89.17,80.73,7.16,59.18
2025-03-08 08:25:00,82.353,12650.134,39.331,327.492,126.906,82.6,78.16,88.93,81.1,7.33,59.17
2025-03-08 08:30:00,74.646,12576.338,40.046,333.084,126.064,82.08,78.51,89.2,80.57,8.17,59.16
2025-03-08 08:35:00,80.78,12572.792,39.317,336.545,126.171,82.61,77.81,88.58,80.39,4.3,59.15
2025-03-08 08:40:00,81.735,12515.435,39.563,339.591,123.334,82.83,79.14,88.52,80.46,7.37,59.14
2025-03-08 08:45:00,85.658,12845.095,39.931,329.907,123.44,83.68,80.15,89.36,82.35,5.37,59.14
2025-03-08 08:50:00,81.426,12422.805,39.832,332.825,126.688,83.79,80.28,90.23,81.95,7.54,59.13
2025-03-08 08:55:00,89.077,12368.432,39.076,337.961,125.271,83.93,80.33,90.62,81.54,6.65,59.12
2025-03-08 09:00:00,82.039,12618.582,40.07,332.021,127.016,82.52,79.02,89.26,81.96,7.55,59.11
2025-03-08 09:05:00,85.051,12423.968,39.532,326.224,124.416,82.88,79.85,89.27,80.92,8.37,59.1
2025-03-08 09:10:00,83.304,12913.559,39.077,330.705,124.175,84.06,79.47,90.16,81.61,8.16,59.09
2025-03-08 09:15:00,81.078,12478.074,39.234,330.003,129.049,83.23,79.91,89.62,81.49,7.26,59.09
2025-03-08 09:20:00,81.697,12535.087,39.678,339.709,125.46,83.27,79.08,89.1,80.51,8.29,59.08
2025-03-08 09:25:00,81.85,12587.13,39.33,329.716,122.352,83.59,79.39,89.48,82.3,9.07,59.07
2025-03-08 09:30:00,82.588,12579.083,39.492,334.911,125.289,82.96,79.36,88.87,80.84,7.4,59.06
2025-03-08 09:35:00,81.356,12315.514,40.012,334.099,125.505,83.62,80.6,89.84,81.68,7.7,59.05
2025-03-08 09:40:00,82.769,12541.402,40.076,334.283,125.892,81.78,78.55,88.06,80.5,6.82,59.04
2025-03-08 09:45:00,80.761,12860.57,39.34,327.911,125.85,82.22,79.45,88.7,80.98,7.95,59.03
2025-03-08 09:50:00,79.589,12537.487,39.81,334.014,122.07,83.77,79.66,88.71,81.58,7.68,59.03
2025-03-08 09:55:00,83.154,12486.995,39.277,329.106,123.802,82.69,79.04,89.39,81.88,8.84,59.02
2025-03-08 10:00:00,84.106,12136.088,39.144,331.735,127.122,82.87,79.1,90.15,81.25,7.7,59.01
2025-03-08 10:05:00,80.913,12742.456,40.338,335.162,124.199,83.42,80.37,89.43,81.98,8.56,59.0
2025-03-08 10:10:00,78.957,12351.703,39.815,324.817,126.58,83.37,79.32,88.81,80.57,7.59,58.99
2025-03-08 10:15:00,82.241,12537.055,39.709,332.666,126.035,83.15,79.18,88.68,81.08,7.69,58.98
2025-03-08 10:20:00,86.979,12431.243,40.096,336.52,131.579,82.87,78.82,88.71,80.15,8.15,58.97
2025-03-08 10:25:00,84.714,12305.68,40.202,331.439,121.289,82.04,77.3,87.89,80.47,9.7,58.97
2025-03-08 10:30:00,82.643,12178.861,39.462,334.507,122.701,82.2,79.08,88.67,79.14,8.84,58.96
2025-03-08 10:35:00,82.988,12468.771,39.813,327.093,125.749,82.08,78.13,87.77,80.5,8.46,58.95
2025-03-08 10:40:00,79.65,12398.185,39.633,333.29,123.044,81.91,78.51,88.16,80.36,7.55,58.94
2025-03-08 10:45:00,79.907,12330.076,39.583,327.873,120.691,82.04,78.02,88.37,79.93,8.49,58.93
2025-03-08 10:50:00,79.841,12544.912,39.173,334.048,127.882,82.86,78.96,88.25,80.6,9.53,58.92
2025-03-08 10:55:00,85.029,12363.997,40.096,328.517,126.721,82.37,79.21,88.35,81.03,9.44,58.91
2025-03-08 11:00:00,84.243,12587.609,40.292,334.462,122.118,82.84,78.08,87.9,80.49,8.56,58.9
2025-03-08 11:05:00,80.501,12313.277,40.485,330.591,127.593,82.98,78.14,88.16,80.34,10.36,58.9
2025-03-08 11:10:00,82.726,12426.898,39.751,325.39,124.67,82.59,78.58,88.45,80.11,8.99,58.89
2025-03-08 11:15:00,82.753,12516.696,39.625,328.378,125.643,83.18,78.54,88.81,81.27,9.12,58.88
2025-03-08 11:20:00,84.008,12685.042,39.461,332.096,121.362,82.81,79.46,89.23,80.52,9.05,58.87
2025-03-08 11:25:00,85.457,12458.923,39.899,331.958,124.912,83.19,79.63,89.41,81.5,9.72,58.86
2025-03-08 11:30:00,87.142,12742.921,39.254,326.793,123.696,83.4,79.04,89.13,81.71,10.37,58.85
2025-03-08 11:35:00,78.029,12624.947,39.991,327.625,125.898,84.18,80.52,90.01,82.43,10.06,58.84
2025-03-08 11:40:00,86.548,12520.106,39.761,331.851,125.566,85.48,81.2,91.06,83.5,9.71,58.83
2025-03-08 11:45:00,86.634,12496.186,39.566,334.808,124.531,85.67,82.47,90.99,83.13,11.04,58.83
2025-03-08 11:50:00,82.073,12294.077,39.969,331.481,122.861,86.27,82.08,91.91,84.71,11.68,58.82
2025-03-08 11:55:00,89.626,12320.785,39.838,324.682,125.541,86.09,82.93,92.31,84.37,8.95,58.81
2025-03-08 12:00:00,82.344,12881.86,39.695,326.475,124.829,86.51,82.67,92.06,85.21,10.24,58.8
2025-03-08 12:05:00,84.75,12683.739,40.278,319.824,128.087,86.64,83.86,93.13,85.26,10.01,58.79
2025-03-08 12:10:00,79.798,12584.898,39.71,327.339,122.888,86.44,82.99,93.49,85.0,9.98,58.78
2025-03-08 12:15:00,87.975,12543.306,40.015,330.65,125.653,87.47,83.32,92.48,85.63,10.04,58.77
2025-03-08 12:20:00,83.597,12722.987,39.649,324.5,127.655,87.43,83.74,93.27,85.37,10.15,58.77
2025-03-08 12:25:00,85.127,12528.551,39.453,318.126,119.38,88.24,84.16,93.7,86.09,9.99,58.76
2025-03-08 12:30:00,85.89,13215.67,39.468,327.792,129.055,89.89,84.94,96.2,87.9,9.65,58.75
2025-03-08 12:35:00,86.738,12499.883,39.755,326.495,123.626,89.89,85.49,96.42,88.22,9.31,58.74
2025-03-08 12:40:00,87.705,12565.255,39.94,326.983,126.428,89.97,85.6,95.65,87.52,10.82,58.73
2025-03-08 12:45:00,81.015,12802.064,39.025,326.534,133.569,88.65,85.08,95.27,86.85,8.84,58.72
2025-03-08 12:50:00,91.346,12463.85,40.026,329.807,132.346,88.71,85.65,95.59,87.48,10.14,58.71
2025-03-08 12:55:00,87.828,12690.407,39.741,328.627,125.452,89.08,85.0,94.97,87.54,9.46,58.7
2025-03-08 13:00:00,83.677,12475.365,40.057,324.601,129.8,89.95,85.3,95.64,87.44,11.22,58.7
2025-03-08 13:05:00,87.438,12909.17,39.437,326.886,127.991,89.36,85.4,94.68,88.05,10.94,58.69
2025-03-08 13:10:00,84.813,12640.561,40.097,326.526,127.324,88.31,83.7,93.32,86.3,10.78,58.68
2025-03-08 13:15:00,87.935,12609.489,39.351,330.271,126.923,89.18,84.86,95.08,85.77,10.74,58.67
2025-03-08 13:20:00,86.248,12591.007,39.893,326.495,124.34,88.82,84.89,93.8,85.04,10.96,58.66
2025-03-08 13:25:00,82.081,12355.144,39.733,326.736,129.269,86.67,83.04,93.08,84.96,11.13,58.65
2025-03-08 13:30:00,82.58,12584.06,40.264,323.561,124.497,88.4,84.2,93.67,85.72,11.01,58.64
2025-03-08 13:35:00,87.347,12581.21,39.566,325.268,122.174,88.2,83.78,94.05,86.78,10.78,58.63
2025-03-08 13:40:00,82.414,12587.543,39.54,324.646,124.025,88.76,84.35,94.53,87.54,12.13,58.63
2025-03-08 13:45:00,85.978,12974.1,39.667,326.704,126.06,88.63,85.23,93.8,86.08,9.89,58.62
2025-03-08 13:50:00,86.003,12569.852,39.962,320.567,127.018,88.62,84.65,94.94,87.09,10.44,58.61
2025-03-08 13:55:00,86.987,12458.156,39.691,317.748,132.173,88.08,84.15,94.74,86.06,10.25,58.6
2025-03-08 14:00:00,84.091,12878.943,39.807,323.037,130.868,88.32,84.58,94.03,86.67,11.44,58.59
2025-03-08 14:05:00,83.272,12764.26,39.147,323.783,124.284,87.95,83.6,94.09,85.88,9.11,58.58
2025-03-08 14:10:00,88.773,12607.146,39.597,325.865,127.166,86.86,83.14,92.1,84.74,10.3,58.57
2025-03-08 14:15:00,83.031,12703.463,40.036,324.574,126.514,86.42,82.96,92.12,84.97,10.0,58.57
2025-03-08 14:20:00,82.638,12792.53,39.098,323.438,125.2,86.18,82.72,92.02,84.29,9.39,58.56
2025-03-08 14:25:00,85.527,12587.374,39.346,315.308,123.302,87.03,82.69,92.31,85.67,9.78,58.55
2025-03-08 14:30:00,84.934,12788.901,39.818,322.567,125.415,87.1,83.26,94.1,85.66,10.61,58.54
2025-03-08 14:35:00,84.842,12502.973,39.862,326.522,122.924,87.54,83.45,93.07,85.82,10.35,58.53
2025-03-08 14:40:00,81.743,12325.024,39.93,328.751,120.703,87.13,84.14,93.42,85.08,9.59,58.52
2025-03-08 14:45:00,83.479,12734.364,39.675,321.521,122.909,88.02,83.84,93.7,86.05,10.99,58.51
2025-03-08 14:50:00,86.473,12763.522,39.738,323.863,123.457,88.23,84.29,93.42,85.58,9.82,58.51
2025-03-08 14:55:00,84.103,12543.612,39.303,318.935,123.196,90.2,85.94,95.47,87.79,8.64,58.5
2025-03-08 15:00:00,85.292,12310.481,39.076,322.568,127.441,89.65,85.86,95.83,86.89,9.35,58.49
2025-03-08 15:05:00,91.229,12579.637,39.243,322.859,126.864,89.29,84.94,95.11,86.61,10.64,58.48
2025-03-08 15:10:00,81.836,12595.273,39.775,317.629,124.566,89.39,86.39,96.1,87.73,10.31,58.47
2025-03-08 15:15:00,93.443,12422.588,40.03,312.905,128.105,90.34,85.67,95.48,88.17,11.39,58.46
2025-03-08 15:20:00,90.881,12749.165,39.234,324.254,127.741,89.33,85.29,95.38,87.23,9.66,58.46
2025-03-08 15:25:00,87.534,12521.586,39.848,323.675,122.751,89.63,86.34,95.43,87.51,10.3,58.45
2025-03-08 15:30:00,92.385,12236.914,39.306,322.818,127.531,90.99,87.45,96.98,89.46,9.11,58.44
2025-03-08 15:35:00,86.17,12335.623,39.64,318.357,129.474,90.87,87.8,97.87,90.04,8.5,58.43
2025-03-08 15:40:00,90.166,12760.454,39.889,323.737,127.642,91.0,86.28,97.41,89.03,10.01,58.42
2025-03-08 15:45:00,80.88,12607.829,39.593,322.924,126.954,91.38,87.57,97.42,89.11,10.21,58.41
2025-03-08 15:50:00,84.597,12654.035,39.495,327.295,128.658,90.46,86.22,95.97,87.41,10.07,58.41
2025-03-08 15:55:00,84.72,12700.688,39.849,322.399,126.147,90.36,85.67,95.98,87.65,10.47,58.4
2025-03-08 16:00:00,88.622,12567.777,39.713,325.608,121.815,89.35,85.4,95.55,87.73,9.51,58.39
2025-03-08 16:05:00,83.607,12256.326,39.49,317.945,127.134,90.25,85.21,95.69,87.87,9.74,58.38
2025-03-08 16:10:00,86.808,12752.683,40.22,319.064,127.058,89.52,86.35,95.7,87.51,11.04,58.37
2025-03-08 16:15:00,85.168,12519.12,39.318,328.011,128.531,88.99,85.89,94.9,87.24,8.54,58.37
2025-03-08 16:20:00,85.831,12577.605,39.686,319.173,124.121,90.35,85.64,94.8,87.37,8.7,58.36
2025-03-08 16:25:00,89.813,12477.52,39.41,319.832,128.955,90.68,86.12,95.66,88.77,10.82,58.35
2025-03-08 16:30:00,87.091,12405.699,39.812,318.342,126.58,91.52,87.11,97.64,88.56,8.75,58.34
2025-03-08 16:35:00,89.23,12550.704,39.469,320.994,124.033,91.67,87.26,96.77,88.75,8.94,58.33
2025-03-08 16:40:00,87.649,12716.46,40.192,319.619,125.784,90.71,86.44,97.04,88.29,9.12,58.32
2025-03-08 16:45:00,89.726,12547.331,39.354,321.404,127.526,89.19,85.48,95.26,87.65,9.34,58.32
2025-03-08 16:50:00,85.694,12613.138,39.714,324.078,124.397,89.43,84.51,94.93,86.38,8.71,58.31
2025-03-08 16:55:00,83.623,12240.764,39.72,324.556,122.284,89.27,84.44,94.79,87.12,9.5,58.3
2025-03-08 17:00:00,90.012,12731.562,38.925,325.259,124.169,88.75,84.13,95.42,87.35,7.41,58.29
2025-03-08 17:05:00,92.324,12232.969,39.691,320.932,124.084,89.49,84.79,95.03,86.92,8.83,58.28
2025-03-08 17:10:00,84.64,12691.317,39.378,321.392,128.351,89.01,85.08,95.61,87.23,6.91,58.28
2025-03-08 17:15:00,89.693,12666.269,38.823,328.283,126.035,90.08,85.17,96.76,88.61,9.08,58.27
2025-03-08 17:20:00,89.844,12472.783,39.613,323.942,127.093,90.81,87.34,96.45,89.1,7.42,58.26
2025-03-08 17:25:00,86.868,12606.133,39.876,318.123,128.505,89.72,86.08,96.18,88.6,9.0,58.25
2025-03-08 17:30:00,85.133,12837.077,39.692,325.474,123.374,90.07,86.27,96.13,88.16,7.53,58.25
2025-03-08 17:35:00,90.968,12565.811,39.594,315.399,127.401,90.7,87.24,96.67,88.93,6.6,58.24
2025-03-08 17:40:00,86.657,12553.63,39.172,319.46,122.167,91.37,87.17,97.12,88.84,8.23,58.23
2025-03-08 17:45:00,90.035,12570.795,39.212,321.697,129.092,90.4,86.54,96.35,89.55,8.68,58.22
2025-03-08 17:50:00,86.618,12329.41,38.703,321.016,123.984,89.85,85.49,95.48,87.58,7.29,58.22
2025-03-08 17:55:00,85.452,12975.751,40.111,320.078,123.407,89.65,86.37,95.97,88.08,7.65,58.21
2025-03-08 18:00:00,84.212,12551.301,39.394,313.167,123.738,89.94,85.35,95.51,88.08,7.82,58.2
2025-03-08 18:05:00,86.667,12808.349,38.988,313.907,128.682,91.34,85.65,96.36,88.28,6.23,58.19
2025-03-08 18:10:00,87.641,12374.237,39.702,321.798,124.06,90.28,86.45,96.06,88.5,6.89,58.18
2025-03-08 18:15:00,88.963,12562.991,39.463,319.184,127.329,89.45,85.5,96.13,88.23,6.35,58.18
2025-03-08 18:20:00,93.107,12378.678,38.846,319.733,127.065,89.76,85.2,95.84,87.32,6.98,58.17
2025-03-08 18:25:00,87.486,12184.118,39.537,321.528,126.408,88.91,85.08,94.93,87.1,4.7,58.16
2025-03-08 18:30:00,95.97,12380.428,39.168,323.923,118.582,89.88,85.73,95.53,87.36,6.43,58.16
2025-03-08 18:35:00,87.536,12566.908,39.913,315.989,126.986,90.22,87.22,97.09,88.72,4.81,58.15
2025-03-08 18:40:00,85.729,12418.906,39.622,314.013,125.366,89.66,85.45,95.65,87.9,7.0,58.14
2025-03-08 18:45:00,85.022,12460.688,39.665,316.493,121.76,89.5,86.44,96.07,87.48,6.56,58.13
2025-03-08 18:50:00,86.476,12402.517,39.464,324.413,126.104,89.44,84.46,95.17,87.15,5.33,58.13
2025-03-08 18:55:00,88.338,12584.31,38.843,318.546,123.205,88.59,85.54,95.41,86.17,5.77,58.12
2025-03-08 19:00:00,87.205,12380.388,39.514,320.719,123.255,87.98,84.73,94.76,86.31,5.55,58.11
2025-03-08 19:05:00,89.118,12981.504,38.977,314.913,125.504,89.68,86.25,95.84,88.09,5.67,58.1
2025-03-08 19:10:00,89.126,12377.885,39.064,318.236,125.027,89.59,84.38,95.32,87.79,4.3,58.1
2025-03-08 19:15:00,88.534,12797.665,39.536,319.37,121.412,88.8,85.08,94.61,86.64,4.6,58.09
2025-03-08 19:20:00,90.165,12870.684,39.933,313.4,121.093,88.8,85.02,95.15,87.93,6.32,58.08
2025-03-08 19:25:00,87.564,12369.525,39.015,311.909,123.588,90.11,85.03,95.97,87.69,5.82,58.08
2025-03-08 19:30:00,88.131,12533.723,39.603,318.369,120.864,89.53,85.46,95.39,87.73,4.27,58.07
2025-03-08 19:35:00,86.863,12667.131,39.552,320.88,126.686,90.52,87.06,96.61,87.98,5.44,58.06
2025-03-08 19:40:00,86.408,12583.799,39.18,326.896,125.976,88.91,85.32,95.91,87.87,4.17,58.06
2025-03-08 19:45:00,87.456,12586.434,39.174,317.656,122.042,89.93,85.27,96.22,87.78,4.22,58.05
2025-03-08 19:50:00,86.497,12535.731,38.707,314.349,126.049,90.45,86.32,96.45,88.83,4.46,58.04
2025-03-08 19:55:00,89.12,12596.79,39.005,315.737,124.796,90.81,86.96,96.27,88.49,5.1,58.04
2025-03-08 20:00:00,88.362,12349.546,39.27,316.679,126.121,90.41,87.53,97.59,88.71,3.99,58.03
2025-03-08 20:05:00,88.042,12415.507,38.99,320.742,125.324,90.99,86.3,97.08,88.23,5.12,58.02
2025-03-08 20:10:00,93.143,12069.848,39.154,319.179,119.986,89.13,85.41,95.13,87.55,4.6,58.02
2025-03-08 20:15:00,89.39,12739.339,38.994,324.188,123.036,89.38,85.76,94.63,87.21,4.33,58.01
2025-03-08 20:20:00,87.58,12459.62,39.338,314.345,125.481,89.42,85.43,96.05,88.03,3.52,58.0
2025-03-08 20:25:00,87.374,12488.104,38.896,316.663,123.141,89.91,84.51,96.29,88.37,2.93,58.0
2025-03-08 20:30:00,88.868,12301.411,39.027,317.254,120.928,90.83,86.13,97.04,88.16,3.65,57.99
2025-03-08 20:35:00,89.325,12350.405,39.582,312.317,124.231,91.12,86.59,96.86,88.73,4.41,57.98
2025-03-08 20:40:00,89.254,12387.101,39.546,315.238,122.731,91.11,86.78,96.54,88.69,4.31,57.98
2025-03-08 20:45:00,90.21,12587.176,39.258,325.992,123.456,90.79,87.01,97.05,88.85,3.54,57.97
2025-03-08 20:50:00,91.459,12345.391,38.712,312.85,123.481,91.34,86.97,96.09,88.74,3.46,57.96
2025-03-08 20:55:00,88.669,12520.437,38.837,320.546,120.284,91.21,86.65,96.98,88.25,4.75,57.96
2025-03-08 21:00:00,89.513,12518.812,39.412,320.997,123.872,90.63,87.45,97.32,89.02,3.43,57.95
2025-03-08 21:05:00,84.938,12691.904,38.901,313.747,127.361,91.06,86.33,95.99,88.0,3.77,57.95
2025-03-08 21:10:00,87.114,12293.21,39.124,314.405,121.909,90.96,87.0,96.74,89.56,2.99,57.94
2025-03-08 21:15:00,88.345,12798.831,39.695,320.199,123.203,91.92,87.87,97.81,90.02,2.73,57.93
2025-03-08 21:20:00,86.734,12658.954,39.044,312.805,127.487,91.17,87.0,96.88,89.28,4.45,57.93
2025-03-08 21:25:00,87.132,12262.872,39.31,314.776,125.484,90.82,87.57,97.58,89.25,1.9,57.92
2025-03-08 21:30:00,86.535,12509.57,39.035,311.529,120.372,91.84,86.79,96.94,88.56,2.75,57.92
2025-03-08 21:35:00,91.748,12356.385,38.91,314.311,123.967,92.47,88.2,97.63,90.31,2.72,57.91
2025-03-08 21:40:00,95.303,12462.069,39.725,314.458,128.904,91.83,87.95,97.58,90.62,3.88,57.9
2025-03-08 21:45:00,89.38,12528.129,39.602,312.271,126.417,92.25,87.85,98.13,90.28,2.92,57.9
2025-03-08 21:50:00,91.112,12104.683,39.017,316.829,129.891,93.17,89.04,98.64,90.24,1.81,57.89
2025-03-08 21:55:00,87.392,12798.359,39.231,317.887,126.048,92.79,89.52,98.66,90.91,3.06,57.89
2025-03-08 22:00:00,88.026,12284.248,38.765,317.875,128.132,92.43,88.52,98.67,90.54,1.18,57.88
2025-03-08 22:05:00,92.554,12562.636,39.241,317.813,125.006,92.02,89.06,99.5,90.64,2.71,57.88
2025-03-08 22:10:00,92.02,12579.865,38.907,317.288,130.995,92.86,89.1,99.05,90.4,0.86,57.87
2025-03-08 22:15:00,91.76,12655.692,39.189,313.034,126.683,93.15,88.67,98.75,90.36,2.41,57.86
2025-03-08 22:20:00,86.064,12763.018,39.202,313.907,126.729,92.1,88.31,98.27,90.93,1.63,57.86
2025-03-08 22:25:00,93.002,12644.153,38.4,305.432,126.265,92.92,88.82,98.93,91.22,0.29,57.85
2025-03-08 22:30:00,88.392,13094.183,39.067,321.701,130.737,92.85,89.07,99.54,91.19,0.56,57.85
2025-03-08 22:35:00,90.425,12708.734,38.714,320.118,122.291,93.17,89.36,99.11,91.16,-0.22,57.84
2025-03-08 22:40:00,91.403,12929.969,38.65,320.111,124.141,93.15,88.87,98.88,90.82,2.49,57.84
2025-03-08 22:45:00,87.726,12443.617,38.69,301.874,126.7,92.7,88.17,98.62,90.71,1.01,57.83
2025-03-08 22:50:00,90.314,12720.392,39.075,316.226,124.215,93.47,88.84,97.99,91.26,0.64,57.83
2025-03-08 22:55:00,87.616,12600.576,39.294,307.709,125.303,93.3,89.67,99.07,91.79,1.67,57.82
2025-03-08 23:00:00,91.928,12321.522,38.927,318.47,124.486,92.13,88.3,98.61,89.85,1.66,57.82
2025-03-08 23:05:00,90.586,12775.467,38.866,316.706,125.751,92.63,88.36,98.86,90.12,-0.42,57.81
2025-03-08 23:10:00,89.503,12794.615,39.67,317.772,121.943,93.22,89.18,99.58,90.5,0.46,57.81
2025-03-08 23:15:00,91.169,12433.517,39.117,318.204,128.033,93.58,88.99,99.38,90.96,1.73,57.8
2025-03-08 23:20:00,84.122,12401.682,38.886,322.169,124.666,93.81,90.6,100.45,91.7,0.42,57.8
2025-03-08 23:25:00,92.171,12433.949,39.091,318.412,123.187,94.62,90.07,100.57,92.3,-0.13,57.79
2025-03-08 23:30:00,92.847,12908.05,39.034,310.309,127.901,93.15,89.52,100.23,91.65,-1.44,57.79
2025-03-08 23:35:00,94.252,12599.402,39.43,313.962,125.874,94.22,89.43,99.59,92.25,0.83,57.78
2025-03-08 23:40:00,91.777,12616.039,38.481,313.505,127.806,93.5,89.81,99.85,91.42,0.55,57.78
2025-03-08 23:45:00,89.007,12673.36,38.656,306.44,122.988,93.7,90.12,99.45,92.02,-0.33,57.77
2025-03-08 23:50:00,91.238,12768.296,38.748,323.784,124.521,94.36,90.1,100.12,91.47,0.4,57.77
2025-03-08 23:55:00,91.994,12242.374,38.444,323.113,127.034,94.1,90.25,99.91,92.34,0.16,57.77
2025-03-09 00:00:00,94.201,12654.706,38.886,312.521,127.109,94.17,90.97,100.09,93.01,-0.38,57.76
2025-03-09 00:05:00,92.828,12631.427,39.051,315.845,129.568,94.6,91.49,99.93,93.54,-0.66,57.76
2025-03-09 00:10:00,93.165,12791.609,39.048,316.967,128.616,94.3,91.32,100.11,92.49,1.24,57.75
2025-03-09 00:15:00,92.761,12422.712,39.329,313.293,124.496,93.97,90.13,100.42,92.22,0.03,57.75
2025-03-09 00:20:00,91.126,12893.083,39.638,312.971,129.113,93.15,89.37,99.11,91.39,0.49,57.74
2025-03-09 00:25:00,90.869,12820.484,38.783,310.679,120.701,93.85,89.32,100.1,91.86,-0.14,57.74
2025-03-09 00:30:00,89.86,12794.948,39.021,316.01,124.412,94.45,90.5,99.7,92.23,-0.6,57.74
2025-03-09 00:35:00,89.216,12625.185,38.461,306.868,128.375,94.47,90.13,100.41,92.09,-0.77,57.73
2025-03-09 00:40:00,87.233,12631.512,39.352,314.149,128.96,93.65,90.1,98.78,92.59,-0.83,57.73
2025-03-09 00:45:00,89.995,12494.403,38.977,319.738,123.211,94.32,90.3,100.17,92.7,0.55,57.72
2025-03-09 00:50:00,93.025,12635.469,38.272,305.014,128.011,94.26,90.81,100.8,91.89,0.14,57.72
2025-03-09 00:55:00,84.705,12395.136,38.189,313.572,122.578,93.28,88.96,99.22,91.93,-1.67,57.72
2025-03-09 01:00:00,91.561,12411.764,38.681,323.631,121.848,92.18,88.06,98.35,90.1,-0.01,57.71
2025-03-09 01:05:00,90.564,12360.213,39.196,313.034,126.72,92.88,89.19,98.65,90.96,-0.06,57.71
2025-03-09 01:10:00,91.926,12521.317,38.833,312.076,123.367,94.45,89.94,99.47,92.17,0.1,57.71
2025-03-09 01:15:00,91.43,12570.04,38.821,317.096,130.298,94.62,89.82,99.63,92.81,-0.72,57.7
2025-03-09 01:20:00,91.037,12378.165,38.891,318.401,128.082,93.69,89.19,99.69,90.54,0.49,57.7
2025-03-09 01:25:00,87.044,12487.166,38.992,313.043,120.936,94.42,90.5,99.87,92.98,-0.52,57.69
2025-03-09 01:30:00,95.331,12603.614,38.26,312.396,121.243,95.09,91.12,100.04,92.69,-1.74,57.69
2025-03-09 01:35:00,86.177,12663.729,38.597,314.385,127.853,94.66,90.69,99.88,92.93,-0.51,57.69
2025-03-09 01:40:00,92.221,12495.527,38.696,315.243,124.935,94.97,90.43,99.69,93.17,-0.11,57.68
2025-03-09 01:45:00,89.906,12359.168,38.889,311.588,121.737,95.19,90.88,100.04,92.87,-0.83,57.68
2025-03-09 01:50:00,94.235,12341.284,38.763,306.312,121.73,94.67,91.06,100.03,92.87,0.02,57.68
2025-03-09 01:55:00,90.655,12711.155,37.959,309.267,125.256,94.75,90.8,99.89,93.34,-1.6,57.68
2025-03-09 02:00:00,88.647,12308.752,39.315,323.556,129.22,94.2,90.7,99.39,93.69,-0.2,57.67
2025-03-09 02:05:00,98.615,12730.259,38.582,303.849,123.201,95.04,90.63,100.31,93.61,-0.4,57.67
2025-03-09 02:10:00,93.903,12313.428,38.708,319.54,120.915,94.6,90.86,100.23,92.54,0.17,57.67
2025-03-09 02:15:00,91.359,12548.975,38.856,309.638,126.375,94.39,90.73,99.49,92.92,-0.11,57.66
2025-03-09 02:20:00,91.715,12806.846,38.462,309.76,122.711,95.04,90.61,99.45,92.69,0.46,57.66
2025-03-09 02:25:00,94.859,12724.275,38.747,313.308,121.108,95.08,90.52,100.17,92.54,1.26,57.66
2025-03-09 02:30:00,94.195,12500.954,39.006,308.94,127.303,95.15,90.88,99.52,93.48,-0.06,57.66
2025-03-09 02:35:00,93.176,12387.093,38.667,315.471,124.074,94.59,91.33,100.2,93.6,0.08,57.65
2025-03-09 02:40:00,95.214,12621.218,38.864,310.155,118.096,95.16,90.94,99.46,93.16,-0.49,57.65
2025-03-09 02:45:00,88.696,12383.598,38.966,311.346,125.399,94.45,92.3,100.02,93.57,-0.0,57.65
2025-03-09 02:50:00,90.824,12488.902,38.579,310.028,125.763,95.08,91.1,99.9,93.32,-0.11,57.65
2025-03-09 02:55:00,90.7,12742.408,38.366,312.414,129.746,94.89,91.03,99.25,93.21,-0.07,57.64
2025-03-09 03:00:00,91.294,12465.879,39.174,311.411,127.222,95.15,91.29,99.93,93.38,0.3,57.64
2025-03-09 03:05:00,93.2,12359.053,38.105,314.079,127.129,95.07,91.38,99.39,92.74,-1.2,57.64
2025-03-09 03:10:00,92.805,12736.419,38.256,312.179,119.799,94.75,90.51,99.37,92.77,0.64,57.64
2025-03-09 03:15:00,88.151,12342.454,38.388,314.705,123.621,95.23,90.96,100.52,93.27,-1.16,57.63
2025-03-09 03:20:00,91.724,12518.965,38.783,310.829,127.905,95.5,91.7,99.61,92.41,0.82,57.63
2025-03-09 03:25:00,88.541,12466.326,38.969,309.74,125.046,95.61,91.14,99.92,93.21,0.73,57.63
2025-03-09 03:30:00,88.536,12603.86,38.139,309.04,123.434,94.37,91.43,99.7,93.15,1.38,57.63
2025-03-09 03:35:00,97.545,12693.462,39.507,313.529,130.413,94.68,90.63,99.46,93.23,1.45,57.63
2025-03-09 03:40:00,94.021,12388.081,38.685,314.862,126.002,95.27,91.25,100.37,93.56,0.46,57.62
2025-03-09 03:45:00,93.378,12721.449,38.337,315.919,122.036,95.78,89.87,100.81,92.91,0.06,57.62
2025-03-09 03:50:00,90.672,12622.873,38.25,316.942,124.377,94.15,90.22,100.5,92.83,0.05,57.62
2025-03-09 03:55:00,92.228,12780.426,39.341,316.943,125.134,95.17,91.48,99.7,92.93,0.74,57.62
2025-03-09 04:00:00,88.114,12472.15,39.181,321.575,124.709,95.45,91.4,100.16,93.46,-0.53,57.62
2025-03-09 04:05:00,91.736,12599.373,38.788,318.805,129.092,95.33,90.88,100.29,92.54,1.05,57.62
2025-03-09 04:10:00,90.841,12871.212,38.758,313.873,121.876,94.3,90.35,100.32,92.94,0.82,57.62
2025-03-09 04:15:00,94.195,12625.081,38.92,307.411,123.775,95.86,91.02,99.94,92.64,0.93,57.61
2025-03-09 04:20:00,94.833,12419.509,38.211,312.072,123.11,95.36,90.98,100.38,92.42,0.17,57.61
2025-03-09 04:25:00,88.588,12245.861,39.805,315.149,120.005,95.53,91.04,100.13,93.28,-0.0,57.61
2025-03-09 04:30:00,87.189,12526.418,39.506,319.672,125.627,94.85,90.65,99.63,92.89,1.15,57.61
2025-03-09 04:35:00,94.216,12543.447,38.869,318.131,122.886,95.46,91.14,99.76,92.89,0.42,57.61
2025-03-09 04:40:00,90.471,12587.81,38.503,314.63,121.289,94.93,90.99,99.62,92.97,2.03,57.61
2025-03-09 04:45:00,88.504,12664.671,38.634,312.939,123.362,94.64,91.23,99.4,92.62,-0.29,57.61
2025-03-09 04:50:00,89.399,12769.999,39.32,304.846,127.075,94.77,91.1,99.95,92.78,0.69,57.61
2025-03-09 04:55:00,89.823,12232.924,38.887,313.08,124.963,95.48,91.46,99.44,93.06,2.1,57.61
2025-03-09 05:00:00,90.326,12480.33,38.956,318.468,125.785,95.23,90.43,100.2,92.57,1.4,57.6
2025-03-09 05:05:00,87.743,12107.055,38.933,310.232,125.784,94.66,91.8,100.54,92.62,2.17,57.6
2025-03-09 05:10:00,88.21,12260.677,39.006,310.805,124.701,94.85,90.03,100.38,93.04,1.85,57.6
2025-03-09 05:15:00,88.339,12543.189,38.646,310.734,124.594,95.36,91.34,99.0,92.74,2.12,57.6
2025-03-09 05:20:00,94.712,12517.697,38.984,317.26,125.313,95.18,91.53,99.61,93.96,2.62,57.6
2025-03-09 05:25:00,97.181,12251.237,39.045,311.949,128.534,95.2,90.89,99.73,93.19,3.56,57.6
2025-03-09 05:30:00,85.499,12659.925,38.538,316.558,122.924,94.82,90.62,100.11,92.51,2.0,57.6
2025-03-09 05:35:00,94.739,12413.769,39.689,308.238,129.264,95.34,89.66,99.7,93.14,1.49,57.6
2025-03-09 05:40:00,91.771,12559.263,38.911,311.399,125.718,95.23,90.8,100.28,93.2,3.63,57.6
2025-03-09 05:45:00,92.662,12467.941,38.861,306.631,122.713,95.72,91.19,100.34,92.97,2.38,57.6
2025-03-09 05:50:00,92.843,12493.951,39.507,306.192,124.786,94.22,91.28,100.17,93.24,2.69,57.6
2025-03-09 05:55:00,95.552,12479.475,39.319,309.567,125.048,95.15,91.09,99.76,93.46,3.68,57.6
2025-03-09 06:00:00,89.84,12498.929,38.874,313.848,124.491,94.49,91.05,100.2,92.89,1.1,57.6
2025-03-09 06:05:00,88.479,12793.286,38.76,311.851,126.696,95.17,90.73,99.91,92.68,1.97,57.6
2025-03-09 06:10:00,87.808,12598.695,39.349,309.537,124.019,95.33,90.98,99.97,93.34,2.74,57.6
2025-03-09 06:15:00,90.081,12588.119,39.202,310.292,124.283,95.14,91.0,100.06,93.24,3.86,57.6
2025-03-09 06:20:00,89.381,12452.976,38.658,313.262,128.803,94.8,90.27,100.05,93.15,2.96,57.6
2025-03-09 06:25:00,91.852,12648.318,39.095,306.781,123.343,95.07,90.67,99.59,93.95,3.6,57.6
2025-03-09 06:30:00,83.889,12645.678,39.509,310.285,125.981,94.89,91.14,100.11,94.02,3.66,57.6
2025-03-09 06:35:00,93.287,12276.291,38.793,311.189,126.969,94.34,90.64,99.28,93.59,3.22,57.6
2025-03-09 06:40:00,87.317,12423.561,39.564,312.285,126.829,94.61,91.41,100.26,93.64,4.55,57.6
2025-03-09 06:45:00,88.351,12750.239,39.084,310.28,125.153,94.82,90.96,100.49,92.98,3.08,57.6
2025-03-09 06:50:00,92.585,12592.848,39.585,311.279,131.013,94.77,91.01,98.88,92.59,3.74,57.6
2025-03-09 06:55:00,89.611,12430.942,39.395,319.923,122.461,95.58,90.87,99.66,92.7,2.7,57.6
2025-03-09 07:00:00,94.613,12461.229,38.797,312.424,124.719,95.41,90.94,99.83,93.03,4.58,57.6
2025-03-09 07:05:00,90.135,12234.527,38.695,303.995,123.923,94.68,90.82,99.55,93.32,3.97,57.61
2025-03-09 07:10:00,90.874,12504.496,39.191,318.525,126.503,95.35,91.11,100.71,92.97,4.91,57.61
2025-03-09 07:15:00,98.866,12431.25,38.696,312.356,124.802,94.58,91.28,100.16,92.91,5.47,57.61
2025-03-09 07:20:00,88.757,12538.294,39.1,310.766,125.389,95.12,91.06,100.27,93.68,5.08,57.61
2025-03-09 07:25:00,90.5,12615.518,39.58,314.698,123.982,95.2,91.12,100.88,93.07,5.31,57.61
2025-03-09 07:30:00,89.752,12556.204,39.353,308.797,123.889,94.24,92.14,99.45,93.99,4.47,57.61
2025-03-09 07:35:00,91.421,12605.957,38.973,308.689,122.761,94.54,90.77,100.17,93.04,5.55,57.61
2025-03-09 07:40:00,88.562,12641.442,38.983,315.203,127.137,95.3,91.59,100.22,92.54,5.11,57.61
2025-03-09 07:45:00,95.131,12268.509,39.203,314.491,120.277,95.03,91.34,100.23,92.94,4.03,57.61
2025-03-09 07:50:00,92.884,12400.966,39.494,310.166,124.871,95.02,90.59,99.44,93.69,4.85,57.62
2025-03-09 07:55:00,92.757,12746.394,39.151,311.734,126.013,95.13,91.89,99.83,93.28,4.23,57.62
2025-03-09 08:00:00,93.407,12366.494,39.57,309.64,122.399,94.98,89.99,99.58,93.79,6.48,57.62
2025-03-09 08:05:00,89.413,12306.231,38.76,309.108,128.902,95.17,90.75,100.85,93.3,6.65,57.62
2025-03-09 08:10:00,91.63,12549.035,39.365,312.701,126.133,95.4,91.43,100.12,92.76,3.82,57.62
2025-03-09 08:15:00,94.764,12395.068,38.792,305.087,122.87,95.78,91.24,99.98,93.53,6.02,57.62
2025-03-09 08:20:00,91.968,12446.051,39.095,315.285,120.64,94.67,90.88,99.94,93.06,6.96,57.62
2025-03-09 08:25:00,92.625,12502.649,38.629,315.071,124.329,94.83,91.19,99.72,93.31,7.08,57.63
2025-03-09 08:30:00,92.315,12144.349,38.603,305.806,124.123,95.54,91.34,99.47,93.16,7.01,57.63
2025-03-09 08:35:00,92.134,12419.078,39.655,304.262,126.191,94.55,91.3,99.53,94.06,7.12,57.63
2025-03-09 08:40:00,92.906,12538.693,39.668,309.47,122.937,95.04,91.32,99.69,92.65,5.49,57.63
2025-03-09 08:45:00,90.818,12489.212,39.767,313.082,123.694,94.72,90.6,99.62,93.82,7.28,57.63
2025-03-09 08:50:00,95.15,12685.781,39.575,318.051,125.048,94.75,91.62,99.78,92.51,6.18,57.64
2025-03-09 08:55:00,95.107,12702.89,39.53,313.792,128.358,95.2,90.89,100.63,93.45,7.58,57.64
2025-03-09 09:00:00,90.355,12228.036,39.351,313.622,125.637,94.85,90.72,100.54,92.99,7.02,57.64
2025-03-09 09:05:00,95.341,12165.158,39.567,316.11,123.437,95.4,90.37,99.89,92.5,6.79,57.64
2025-03-09 09:10:00,93.052,12514.032,39.283,317.737,130.789,94.66,91.34,100.35,92.92,8.39,57.65
2025-03-09 09:15:00,97.619,12654.61,39.551,311.305,124.913,94.45,91.11,100.03,93.4,7.88,57.65
2025-03-09 09:20:00,96.768,12550.711,40.006,314.268,127.725,94.58,90.55,100.81,93.33,8.41,57.65
2025-03-09 09:25:00,92.807,12630.889,38.758,310.297,122.873,95.54,91.11,100.5,93.08,6.53,57.65
2025-03-09 09:30:00,91.142,12479.932,39.333,314.8,126.19,93.9,90.87,99.52,92.45,7.48,57.66
2025-03-09 09:35:00,95.25,12403.828,38.869,313.151,125.367,95.8,91.64,100.15,92.82,6.66,57.66
2025-03-09 09:40:00,95.311,12370.177,39.495,311.119,126.877,95.1,90.87,99.92,92.97,7.26,57.66
2025-03-09 09:45:00,90.206,12458.813,38.862,316.62,124.899,95.33,91.55,99.55,92.33,5.56,57.66
2025-03-09 09:50:00,94.999,12491.503,39.163,314.579,125.161,95.07,90.59,99.75,92.84,9.02,57.67
2025-03-09 09:55:00,89.96,12515.603,39.424,315.718,127.574,95.26,91.81,99.79,92.68,7.2,57.67
2025-03-09 10:00:00,91.233,12369.837,39.444,310.759,122.327,95.11,90.96,99.91,92.91,7.37,57.67
2025-03-09 10:05:00,92.389,12513.145,39.139,314.923,127.179,94.51,90.57,100.31,93.59,8.34,57.68
2025-03-09 10:10:00,89.882,12155.058,39.645,318.504,125.809,95.19,90.98,99.96,93.56,9.28,57.68
2025-03-09 10:15:00,94.648,12576.499,39.432,308.97,127.349,94.6,91.39,100.01,93.93,9.73,57.68
2025-03-09 10:20:00,94.371,12319.233,39.317,312.186,123.398,94.81,91.04,99.67,93.53,7.98,57.68
2025-03-09 10:25:00,89.838,12779.389,39.672,313.057,122.155,94.86,91.25,100.2,93.33,7.98,57.69
2025-03-09 10:30:00,89.905,12534.149,40.125,310.544,123.819,95.86,90.49,100.19,92.9,9.6,57.69
2025-03-09 10:35:00,90.302,12860.374,39.982,307.842,126.811,95.1,89.8,99.14,93.22,9.77,57.69
2025-03-09 10:40:00,91.727,12521.282,39.36,319.37,128.483,93.27,90.11,99.65,91.43,8.9,57.7
2025-03-09 10:45:00,88.867,12820.494,39.489,320.655,123.902,93.55,90.81,100.22,92.11,8.56,57.7
2025-03-09 10:50:00,97.855,12388.444,38.65,311.0,129.305,94.32,90.6,99.7,92.29,10.44,57.71
2025-03-09 10:55:00,91.715,12410.809,40.294,309.485,127.126,94.27,91.61,99.48,92.17,8.5,57.71
2025-03-09 11:00:00,91.566,12391.054,40.075,308.321,121.283,94.17,89.53,99.98,92.34,8.82,57.71
2025-03-09 11:05:00,91.929,12705.304,39.438,316.729,120.924,94.2,90.37,100.29,92.86,11.23,57.72
2025-03-09 11:10:00,91.137,12568.523,39.51,313.294,125.603,94.12,90.1,100.47,91.88,9.51,57.72
2025-03-09 11:15:00,92.562,12444.15,39.806,312.391,123.065,94.72,90.51,99.18,92.99,9.75,57.72
2025-03-09 11:20:00,93.858,12333.536,39.196,310.253,128.658,94.55,90.67,100.1,93.34,8.06,57.73
2025-03-09 11:25:00,93.998,12425.983,39.434,309.586,123.271,94.25,90.23,99.84,92.52,8.91,57.73
2025-03-09 11:30:00,94.856,12435.97,40.213,314.399,122.589,94.65,90.88,100.84,93.0,8.75,57.74
2025-03-09 11:35:00,94.531,12559.439,38.751,310.871,125.725,95.49,90.55,99.73,92.76,9.3,57.74
2025-03-09 11:40:00,92.764,12608.749,39.387,317.315,130.116,93.95,89.88,99.64,91.07,9.1,57.74
2025-03-09 11:45:00,89.647,12436.297,39.616,308.017,122.632,93.45,90.15,100.03,92.04,9.61,57.75
2025-03-09 11:50:00,92.447,12428.605,40.176,312.52,121.866,94.02,90.52,100.26,92.77,10.58,57.75
2025-03-09 11:55:00,91.326,12588.228,40.01,311.543,130.703,94.7,90.8,99.69,92.9,9.5,57.76
2025-03-09 12:00:00,92.716,12464.306,40.323,313.469,128.62,94.0,91.0,99.85,91.89,11.08,57.76
2025-03-09 12:05:00,98.453,12674.168,39.351,314.616,125.311,94.73,90.67,99.87,92.98,10.23,57.77
2025-03-09 12:10:00,91.992,12643.932,39.382,316.336,127.892,94.99,89.79,99.24,92.53,9.99,57.77
2025-03-09 12:15:00,94.321,12514.679,39.585,313.247,125.684,94.78,90.97,100.18,92.52,9.92,57.77
2025-03-09 12:20:00,91.189,12214.797,39.865,314.656,129.475,95.01,90.73,99.96,92.81,9.92,57.78
2025-03-09 12:25:00,94.911,12919.982,39.558,315.912,128.427,94.69,90.71,99.9,92.97,10.23,57.78
2025-03-09 12:30:00,91.842,12716.324,39.863,309.572,126.534,94.87,91.6,99.59,93.6,11.61,57.79
2025-03-09 12:35:00,88.297,12442.012,39.088,313.088,124.007,94.82,91.4,99.39,92.75,10.66,57.79
2025-03-09 12:40:00,91.874,12674.981,39.895,312.468,122.698,94.61,91.19,99.96,93.26,10.89,57.8
2025-03-09 12:45:00,92.034,12734.07,40.027,308.815,126.367,93.78,90.16,99.84,91.58,11.64,57.8
2025-03-09 12:50:00,92.676,12948.176,39.504,317.258,125.254,93.46,89.91,99.62,91.67,10.31,57.81
2025-03-09 12:55:00,89.704,12244.298,39.642,316.444,120.75,92.69,89.04,97.96,90.54,9.53,57.81
2025-03-09 13:00:00,94.104,12699.823,40.043,311.976,128.066,91.24,87.11,97.66,90.1,10.3,57.82
2025-03-09 13:05:00,88.539,12390.098,39.447,311.614,126.33,90.79,87.56,96.85,90.15,10.48,57.82
2025-03-09 13:10:00,92.43,12458.43,39.875,317.044,129.232,91.45,87.82,97.43,89.5,9.76,57.83
2025-03-09 13:15:00,90.814,12579.08,39.416,312.279,129.348,92.57,88.97,98.7,90.81,10.74,57.83
2025-03-09 13:20:00,87.977,12866.783,39.85,314.662,127.354,92.06,88.14,98.19,89.9,9.58,57.84
2025-03-09 13:25:00,86.887,12403.663,39.224,311.349,126.964,91.68,87.94,98.15,89.55,9.65,57.84
2025-03-09 13:30:00,93.343,12128.495,40.404,317.387,124.044,91.43,86.84,96.46,88.54,11.21,57.85
2025-03-09 13:35:00,89.286,12362.337,39.512,317.935,123.951,90.41,87.07,95.53,88.67,11.16,57.85
2025-03-09 13:40:00,91.283,12270.244,40.185,313.803,125.776,91.14,87.1,96.79,89.23,10.28,57.86
2025-03-09 13:45:00,85.363,12289.566,40.138,312.833,127.195,90.79,87.02,96.06,88.71,10.75,57.86
2025-03-09 13:50:00,87.54,12597.045,39.245,321.92,123.931,91.7,87.17,97.33,88.96,9.74,57.87
2025-03-09 13:55:00,88.249,12577.587,39.928,318.211,122.722,91.74,87.93,98.46,90.17,11.23,57.88
2025-03-09 14:00:00,90.094,12645.136,39.453,317.907,128.54,92.56,88.69,98.47,90.57,9.59,57.88
2025-03-09 14:05:00,90.726,12349.725,39.219,315.88,129.744,92.66,89.36,98.64,90.85,11.32,57.89
2025-03-09 14:10:00,91.719,12712.394,40.106,321.477,126.281,91.49,87.78,97.21,89.96,11.1,57.89
2025-03-09 14:15:00,89.95,12770.487,39.106,312.901,126.935,91.38,87.74,97.34,89.48,13.25,57.9
2025-03-09 14:20:00,90.262,12729.336,39.485,314.456,125.382,91.99,87.76,97.73,89.86,10.28,57.9
2025-03-09 14:25:00,91.325,12494.672,39.827,310.863,119.533,92.8,88.22,97.69,89.8,10.21,57.91
2025-03-09 14:30:00,92.375,12577.612,39.176,317.103,130.956,91.42,87.27,97.62,89.05,10.99,57.92
2025-03-09 14:35:00,90.562,12533.189,39.324,303.329,127.32,91.3,87.94,96.73,89.14,9.63,57.92
2025-03-09 14:40:00,86.38,12654.851,39.368,314.444,124.99,92.55,87.94,97.71,90.67,10.31,57.93
2025-03-09 14:45:00,92.356,12433.664,39.315,314.513,121.635,92.12,87.86,97.88,90.17,9.74,57.93
2025-03-09 14:50:00,88.535,12229.205,40.47,316.624,127.616,91.82,87.29,96.94,89.7,9.78,57.94
2025-03-09 14:55:00,86.4,12464.227,39.846,323.892,126.961,90.98,87.32,97.07,89.12,12.2,57.95
2025-03-09 15:00:00,89.548,12609.599,39.146,311.247,129.855,90.87,87.9,97.18,89.28,10.91,57.95
2025-03-09 15:05:00,87.515,12404.324,39.959,319.133,122.02,91.98,87.48,97.81,88.74,11.07,57.96
2025-03-09 15:10:00,92.568,12549.326,39.511,318.315,129.556,92.34,88.02,98.06,89.98,8.96,57.96
2025-03-09 15:15:00,93.588,12487.736,39.981,315.082,123.179,91.71,88.15,97.74,89.62,10.44,57.97
2025-03-09 15:20:00,89.312,12707.362,39.069,314.399,120.554,91.59,86.9,97.31,89.41,9.3,57.98
2025-03-09 15:25:00,91.742,12585.305,39.684,317.325,124.062,91.36,86.06,96.52,89.26,9.4,57.98
2025-03-09 15:30:00,87.577,12550.603,39.574,318.858,125.223,91.61,88.29,97.03,88.93,10.97,57.99
2025-03-09 15:35:00,86.812,12730.475,39.492,315.735,130.273,91.44,86.92,96.63,89.47,9.66,58.0
2025-03-09 15:40:00,89.857,12562.983,39.101,314.784,127.477,91.51,88.23,98.1,90.28,8.47,58.0
2025-03-09 15:45:00,91.031,12701.824,39.259,324.5,122.304,91.2,87.38,97.94,89.97,10.9,58.01
2025-03-09 15:50:00,89.437,12514.716,40.357,319.639,125.565,92.23,87.61,97.74,89.64,9.32,58.02
2025-03-09 15:55:00,91.141,12531.988,39.469,320.361,124.779,92.79,88.11,97.5,90.43,10.38,58.02
2025-03-09 16:00:00,91.224,12592.042,39.294,311.147,125.579,93.06,88.71,98.24,89.56,10.53,58.03
2025-03-09 16:05:00,88.364,12685.212,39.199,313.399,130.25,91.92,88.24,98.26,90.19,9.66,58.04
2025-03-09 16:10:00,89.278,12633.202,39.61,310.973,124.858,92.04,87.76,98.51,89.96,9.75,58.04
2025-03-09 16:15:00,94.561,12515.741,39.524,320.591,123.801,92.31,87.47,97.29,89.02,8.4,58.05
2025-03-09 16:20:00,87.853,12536.799,39.679,321.641,127.054,91.39,87.44,97.33,89.44,9.79,58.06
2025-03-09 16:25:00,88.957,12281.712,39.857,321.626,119.913,91.44,88.53,97.33,89.13,8.8,58.06
2025-03-09 16:30:00,85.878,12689.621,39.398,322.011,127.268,90.51,86.31,96.04,88.23,9.05,58.07
2025-03-09 16:35:00,88.664,12554.008,38.792,322.834,124.381,91.61,86.53,97.29,89.0,7.54,58.08
2025-03-09 16:40:00,92.275,12528.858,39.496,320.597,133.644,91.64,87.64,96.84,89.06,8.8,58.08
2025-03-09 16:45:00,87.762,12251.224,38.891,325.438,123.16,90.6,87.15,96.55,88.74,9.78,58.09
2025-03-09 16:50:00,84.961,12354.242,39.372,311.679,124.765,91.12,87.84,97.48,89.29,9.3,58.1
2025-03-09 16:55:00,92.535,12618.968,39.118,318.402,121.296,90.48,86.51,97.04,88.6,7.49,58.1
2025-03-09 17:00:00,87.971,12232.125,38.928,313.058,128.397,91.91,87.26,97.67,89.95,8.87,58.11
2025-03-09 17:05:00,91.325,12678.134,40.515,321.906,124.156,90.67,87.79,97.16,88.94,9.83,58.12
2025-03-09 17:10:00,90.4,12738.677,39.364,317.899,126.484,91.69,88.03,97.77,89.57,7.3,58.13
2025-03-09 17:15:00,87.85,12697.031,38.98,322.554,125.826,90.53,86.28,96.99,89.44,8.05,58.13
2025-03-09 17:20:00,87.821,12682.508,38.982,317.062,129.003,90.77,86.94,96.41,89.59,8.28,58.14
2025-03-09 17:25:00,94.816,12422.0,40.095,318.508,125.476,92.6,87.69,98.1,91.15,8.4,58.15
2025-03-09 17:30:00,88.938,12384.571,39.374,319.665,127.88,90.82,86.84,96.82,89.17,8.85,58.16
2025-03-09 17:35:00,88.062,12632.48,39.915,315.57,125.853,91.59,87.53,97.88,90.52,7.49,58.16
2025-03-09 17:40:00,87.709,12824.79,38.794,321.607,127.167,91.46,87.96,97.34,89.16,7.87,58.17
2025-03-09 17:45:00,90.514,12700.695,39.734,326.092,128.228,92.98,89.46,98.5,90.75,8.88,58.18
2025-03-09 17:50:00,90.931,12713.098,39.446,316.819,126.668,92.82,88.32,98.56,90.6,8.97,58.18
2025-03-09 17:55:00,90.093,12752.848,40.172,317.547,123.753,92.4,87.76,98.5,89.97,7.18,58.19
2025-03-09 18:00:00,87.956,12701.505,39.81,319.349,126.35,90.24,86.16,95.25,88.74,6.25,58.2
2025-03-09 18:05:00,89.362,12569.285,39.517,317.126,127.609,90.77,86.59,95.53,88.93,7.4,58.21
2025-03-09 18:10:00,92.096,12538.834,38.78,319.632,123.217,89.76,85.81,95.89,88.25,7.96,58.22
2025-03-09 18:15:00,87.095,12522.239,39.492,316.645,124.753,89.88,85.74,95.66,87.87,6.91,58.22
2025-03-09 18:20:00,85.968,12492.124,39.693,315.441,127.211,90.53,85.69,96.22,88.3,8.03,58.23
2025-03-09 18:25:00,87.666,12660.92,38.679,323.135,126.02,89.95,86.09,96.66,87.64,6.85,58.24
2025-03-09 18:30:00,86.709,12570.704,39.505,325.649,120.677,90.41,86.43,97.07,88.61,6.77,58.25
2025-03-09 18:35:00,85.883,12765.653,39.414,316.628,125.244,91.18,86.97,97.47,88.89,5.7,58.25
2025-03-09 18:40:00,87.234,12580.549,39.531,313.339,124.403,90.9,87.19,97.33,89.33,8.24,58.26
2025-03-09 18:45:00,90.352,12954.413,38.913,322.341,123.811,91.41,88.53,97.58,89.64,6.39,58.27
2025-03-09 18:50:00,85.12,12756.941,39.702,317.342,126.485,92.13,87.7,98.71,89.87,6.39,58.28
2025-03-09 18:55:00,87.842,12712.501,39.439,325.488,124.458,91.94,88.15,98.23,89.64,8.17,58.28
2025-03-09 19:00:00,87.145,12781.064,39.495,318.193,126.79,93.25,89.12,99.14,90.69,5.44,58.29
2025-03-09 19:05:00,91.426,12628.839,39.543,317.01,129.416,93.99,88.51,98.54,90.82,5.84,58.3
2025-03-09 19:10:00,92.438,12706.764,39.422,318.201,131.089,94.31,90.29,100.03,91.85,4.94,58.31
2025-03-09 19:15:00,91.669,12935.883,39.53,319.31,132.631,94.68,90.2,101.05,92.8,6.1,58.32
2025-03-09 19:20:00,94.886,12583.744,38.964,319.202,126.805,94.09,89.63,100.11,91.54,6.1,58.32
2025-03-09 19:25:00,87.85,12650.779,39.01,325.262,133.527,95.14,90.36,100.03,93.83,5.54,58.33
2025-03-09 19:30:00,90.169,12865.188,39.582,329.324,130.747,95.27,90.9,100.22,92.52,6.42,58.34
2025-03-09 19:35:00,86.891,12940.532,39.049,325.334,127.848,95.69,91.22,99.96,92.82,5.15,58.35
2025-03-09 19:40:00,90.807,12890.59,38.936,313.166,130.033,95.07,90.39,100.22,92.99,5.7,58.36
2025-03-09 19:45:00,91.674,12730.385,39.41,314.776,125.908,94.34,91.21,99.2,92.43,4.48,58.37
2025-03-09 19:50:00,90.405,12943.252,39.151,322.218,128.826,95.35,90.85,99.52,93.35,4.12,58.37
2025-03-09 19:55:00,96.35,12658.187,39.721,314.86,132.888,94.38,91.53,99.76,92.65,4.42,58.38
2025-03-09 20:00:00,88.558,12778.617,38.717,316.352,128.168,94.11,90.42,99.44,93.37,5.3,58.39
2025-03-09 20:05:00,87.881,12774.351,39.49,318.905,127.438,94.55,90.61,99.83,93.52,3.65,58.4
2025-03-09 20:10:00,90.509,12760.914,39.182,323.246,128.574,95.92,90.83,100.76,93.06,3.77,58.41
2025-03-09 20:15:00,89.995,12797.229,39.571,318.16,129.013,94.76,91.61,100.29,92.51,4.42,58.41
2025-03-09 20:20:00,89.334,12728.762,39.202,327.179,129.146,95.54,91.13,99.79,92.52,4.47,58.42
2025-03-09 20:25:00,91.505,12617.624,39.094,322.775,127.02,95.09,91.59,99.81,93.25,3.65,58.43
2025-03-09 20:30:00,92.363,12629.312,39.168,322.919,127.919,95.19,92.19,99.79,92.52,2.26,58.44
2025-03-09 20:35:00,95.269,12832.553,38.854,323.968,130.25,94.99,91.64,99.91,93.29,4.66,58.45
2025-03-09 20:40:00,91.291,12434.514,39.314,316.649,130.229,94.9,91.82,100.06,93.38,3.69,58.46
2025-03-09 20:45:00,89.181,12745.897,38.961,321.214,126.343,94.49,90.42,99.61,92.96,3.84,58.46
2025-03-09 20:50:00,93.97,12635.544,38.954,325.436,129.133,94.34,89.91,99.58,93.06,3.74,58.47
2025-03-09 20:55:00,91.747,12580.723,39.369,318.464,126.111,95.31,91.02,101.18,93.31,4.2,58.48
2025-03-09 21:00:00,93.097,13007.865,38.67,320.349,128.511,95.14,91.65,100.58,92.74,3.19,58.49
2025-03-09 21:05:00,89.361,12518.631,39.071,319.667,127.163,95.03,91.1,100.5,93.69,3.87,58.5
2025-03-09 21:10:00,91.084,12601.339,39.233,318.289,130.278,94.64,90.95,99.67,92.78,1.42,58.51
2025-03-09 21:15:00,90.651,12487.242,38.797,324.046,131.513,94.48,90.62,100.21,92.87,2.64,58.51
2025-03-09 21:20:00,87.924,12936.117,39.08,325.704,132.026,95.17,91.21,99.82,92.65,3.18,58.52
2025-03-09 21:25:00,88.86,12742.767,39.288,319.346,127.784,95.43,90.54,99.86,92.72,2.87,58.53
2025-03-09 21:30:00,87.485,13053.015,39.542,322.576,131.604,95.63,91.61,100.33,92.88,2.58,58.54
2025-03-09 21:35:00,88.245,12933.176,38.838,326.664,127.879,94.44,91.13,100.31,93.15,2.96,58.55
2025-03-09 21:40:00,89.813,12684.056,39.411,314.588,126.793,95.41,91.41,99.94,92.78,3.46,58.56
2025-03-09 21:45:00,90.557,13122.669,39.612,316.476,128.102,95.15,90.32,100.01,92.92,0.37,58.57
2025-03-09 21:50:00,97.128,12868.169,39.218,320.994,127.864,95.06,91.11,99.81,92.96,2.01,58.57
2025-03-09 21:55:00,87.885,12704.937,39.002,324.778,127.516,94.85,90.67,99.59,92.44,2.22,58.58
2025-03-09 22:00:00,90.451,12840.162,39.172,324.959,128.341,95.34,91.4,100.96,92.42,2.5,58.59
2025-03-09 22:05:00,92.705,12484.969,39.805,320.951,127.863,94.38,91.26,99.63,92.82,2.49,58.6
2025-03-09 22:10:00,93.488,12581.982,39.543,322.652,129.668,94.56,90.49,99.66,93.01,1.61,58.61
2025-03-09 22:15:00,93.117,12760.468,38.474,320.606,128.744,94.68,91.63,100.05,93.54,2.37,58.62
2025-03-09 22:20:00,91.958,13022.878,39.011,320.08,135.711,95.17,91.2,100.03,93.57,0.24,58.63
2025-03-09 22:25:00,86.912,13097.933,38.895,324.495,130.48,95.17,90.93,100.05,93.44,1.5,58.63
2025-03-09 22:30:00,89.871,12617.011,38.578,323.982,129.348,94.96,90.64,99.93,93.31,1.04,58.64
2025-03-09 22:35:00,91.783,12946.0,39.315,324.14,127.725,94.44,90.9,100.79,93.7,1.24,58.65
2025-03-09 22:40:00,87.8,12880.487,39.685,322.616,129.637,96.39,91.15,100.21,93.15,0.91,58.66
2025-03-09 22:45:00,93.924,12518.463,39.09,322.59,130.527,95.23,91.81,100.25,92.7,0.96,58.67
2025-03-09 22:50:00,91.608,13059.668,39.388,317.391,132.911,94.94,91.12,99.81,92.06,0.59,58.68
2025-03-09 22:55:00,93.85,12620.436,38.679,329.311,125.108,95.29,91.27,99.8,92.92,1.69,58.69
2025-03-09 23:00:00,91.331,12910.032,38.821,329.704,126.801,95.15,90.08,99.9,92.01,1.83,58.7
2025-03-09 23:05:00,92.038,12838.733,39.26,324.107,133.995,93.78,89.5,100.53,91.49,0.21,58.7
2025-03-09 23:10:00,90.503,12883.76,39.75,322.088,128.069,94.18,90.76,101.0,91.56,0.1,58.71
2025-03-09 23:15:00,86.849,12927.546,39.307,322.294,133.597,95.05,90.96,100.48,92.3,0.64,58.72
2025-03-09 23:20:00,89.53,12904.887,38.892,321.634,128.724,95.12,90.4,100.76,92.82,-0.88,58.73
2025-03-09 23:25:00,89.318,12455.129,39.584,323.459,126.58,94.67,91.19,99.65,92.05,0.25,58.74
2025-03-09 23:30:00,88.019,12563.21,39.467,316.749,133.058,95.68,90.98,100.22,92.96,0.98,58.75
2025-03-09 23:35:00,91.582,12976.554,38.888,319.89,129.098,94.89,91.04,100.6,93.44,1.87,58.76
2025-03-09 23:40:00,93.307,12850.032,38.727,317.472,124.973,94.44,91.33,99.73,92.8,-1.17,58.77
2025-03-09 23:45:00,92.556,12630.497,39.298,327.399,130.502,94.65,91.46,100.34,93.37,1.71,58.77
2025-03-09 23:50:00,95.094,12848.2,39.61,327.968,128.316,94.9,91.12,100.48,92.82,-0.65,58.78
2025-03-09 23:55:00,86.979,12587.208,38.902,324.164,129.862,95.42,90.93,100.42,93.02,0.81,58.79
2025-03-10 00:00:00,91.539,12766.221,38.934,329.139,131.631,94.38,91.25,99.18,93.51,-0.32,58.8
2025-03-10 00:05:00,88.841,12769.695,39.121,331.695,132.825,95.37,90.8,100.22,92.73,2.22,58.81
2025-03-10 00:10:00,90.727,12520.189,38.845,314.823,128.276,94.55,91.0,100.18,92.97,0.12,58.82
2025-03-10 00:15:00,88.87,13140.072,39.079,321.588,126.369,95.15,90.82,100.49,93.48,1.2,58.83
2025-03-10 00:20:00,87.476,12868.526,39.698,322.695,126.875,95.37,90.7,99.59,92.98,-0.62,58.83
2025-03-10 00:25:00,87.832,12965.596,39.053,320.426,132.303,94.47,90.89,100.52,92.69,1.85,58.84
2025-03-10 00:30:00,86.978,12711.173,39.118,322.11,130.056,94.77,91.21,100.04,92.71,-0.37,58.85
2025-03-10 00:35:00,90.454,13072.356,39.263,322.928,131.005,94.23,91.29,99.56,93.04,0.54,58.86
2025-03-10 00:40:00,91.538,12929.675,39.097,318.045,131.562,94.9,91.22,99.89,92.05,-0.4,58.87
2025-03-10 00:45:00,92.881,12750.762,38.742,327.058,134.914,95.42,92.0,99.8,93.38,-0.7,58.88
2025-03-10 00:50:00,87.736,12323.502,38.772,319.947,129.141,95.28,90.16,99.83,93.09,0.6,58.89
2025-03-10 00:55:00,87.012,12905.926,39.438,329.605,125.48,94.53,90.62,99.61,93.78,0.56,58.9
2025-03-10 01:00:00,87.959,12999.98,38.997,329.666,133.77,95.13,91.22,99.87,92.41,-0.75,58.9
2025-03-10 01:05:00,86.784,12958.155,39.349,324.008,131.072,94.52,90.91,99.82,93.21,-1.35,58.91
2025-03-10 01:10:00,90.945,12857.319,38.333,319.12,136.162,94.64,90.96,100.36,92.9,0.68,58.92
2025-03-10 01:15:00,86.754,12569.908,38.625,323.929,125.87,94.56,90.3,99.69,93.33,1.39,58.93
2025-03-10 01:20:00,84.836,13035.854,39.038,328.007,130.423,94.82,91.22,100.2,93.11,-1.74,58.94
2025-03-10 01:25:00,88.599,12908.772,39.209,320.541,128.286,94.96,90.13,100.02,92.17,0.09,58.95
2025-03-10 01:30:00,87.899,12812.694,38.572,329.325,131.411,95.11,90.91,99.72,92.92,-0.73,58.96
2025-03-10 01:35:00,95.472,12761.925,38.918,325.14,130.256,94.63,90.99,100.23,92.97,-1.21,58.97
2025-03-10 01:40:00,89.394,13004.44,38.461,321.745,127.523,95.53,91.41,99.49,93.15,-0.82,58.97
2025-03-10 01:45:00,90.44,13114.47,39.301,326.041,133.234,94.89,90.26,100.26,93.11,0.2,58.98
2025-03-10 01:50:00,86.938,12808.045,38.678,326.999,129.797,94.91,91.43,100.0,93.32,-0.32,58.99
2025-03-10 01:55:00,89.58,12613.558,39.638,321.353,125.352,95.1,90.42,99.94,92.14,0.28,59.0
2025-03-10 02:00:00,93.09,13132.558,38.581,329.756,129.401,94.17,89.67,99.57,92.26,-1.92,59.01
2025-03-10 02:05:00,88.383,13296.449,38.679,320.146,134.744,93.81,90.06,99.57,92.11,-0.7,59.02
2025-03-10 02:10:00,88.556,13053.753,39.306,329.264,133.09,95.41,91.13,99.78,92.74,0.56,59.03
2025-03-10 02:15:00,91.49,12700.557,39.084,325.622,131.908,95.08,90.92,99.21,93.11,-1.12,59.03
2025-03-10 02:20:00,87.146,12914.396,38.929,316.16,132.71,94.96,91.13,100.72,92.89,-1.23,59.04
2025-03-10 02:25:00,90.829,12887.435,39.023,325.898,129.911,94.45,90.02,99.65,92.78,-0.44,59.05
2025-03-10 02:30:00,86.739,13076.162,38.531,328.443,132.265,95.05,90.84,100.15,92.47,0.77,59.06
2025-03-10 02:35:00,89.171,12976.013,38.586,325.614,133.104,94.15,90.99,100.15,92.29,-1.15,59.07
2025-03-10 02:40:00,86.768,12827.71,38.772,328.834,130.357,94.79,90.94,100.01,92.16,0.54,59.08
2025-03-10 02:45:00,93.477,12709.791,38.843,323.846,131.99,94.74,90.58,99.78,92.36,-0.85,59.09
2025-03-10 02:50:00,89.418,12954.852,38.937,324.491,125.732,95.1,91.62,99.89,92.85,0.71,59.09
2025-03-10 02:55:00,88.297,12566.026,38.914,326.85,128.002,94.71,91.0,100.47,92.58,-0.99,59.1
2025-03-10 03:00:00,86.985,12606.716,39.0,324.049,133.741,95.18,91.18,100.2,92.07,1.22,59.11
2025-03-10 03:05:00,87.428,12729.41,38.772,324.97,127.611,95.22,91.95,100.33,92.71,-0.69,59.12
2025-03-10 03:10:00,90.575,12871.942,39.52,318.577,129.718,94.64,91.05,99.9,92.75,0.1,59.13
2025-03-10 03:15:00,85.937,12863.024,39.04,330.877,126.414,94.95,91.13,100.1,93.39,-1.01,59.14
2025-03-10 03:20:00,85.541,12953.34,39.213,327.252,131.117,94.44,91.34,100.03,94.11,-1.22,59.14
2025-03-10 03:25:00,87.368,12831.143,39.057,335.896,128.906,95.32,91.54,100.41,92.88,1.34,59.15
2025-03-10 03:30:00,87.581,12660.782,39.089,327.847,130.296,94.78,90.81,99.6,93.29,-0.57,59.16
2025-03-10 03:35:00,88.758,12810.007,39.34,323.651,131.838,94.73,90.76,99.28,93.56,0.85,59.17
2025-03-10 03:40:00,86.117,12688.794,38.762,335.086,132.065,95.62,91.44,99.59,93.29,0.84,59.18
2025-03-10 03:45:00,84.623,12920.64,39.574,329.078,134.213,94.88,90.35,99.51,92.55,0.57,59.19
2025-03-10 03:50:00,91.494,12939.541,39.309,332.974,132.876,95.25,90.72,100.32,93.0,1.41,59.19
2025-03-10 03:55:00,84.852,12503.799,38.574,333.491,133.435,95.24,91.51,100.31,93.44,0.22,59.2
2025-03-10 04:00:00,90.628,12808.536,38.917,323.717,131.753,94.79,91.28,99.42,92.73,-0.56,59.21
2025-03-10 04:05:00,86.099,12954.089,38.753,330.782,130.371,95.19,91.53,100.5,93.06,-0.55,59.22
2025-03-10 04:10:00,90.707,12811.472,39.466,324.498,131.013,94.78,90.76,99.94,93.45,2.16,59.23
2025-03-10 04:15:00,87.811,13006.227,39.321,332.351,129.161,95.46,91.41,99.91,92.99,0.65,59.23
2025-03-10 04:20:00,95.129,12942.895,38.794,329.008,132.354,93.98,91.49,100.65,93.04,1.21,59.24
2025-03-10 04:25:00,85.724,13103.814,39.133,326.783,129.707,95.59,90.86,99.87,92.83,1.12,59.25
2025-03-10 04:30:00,84.847,12829.564,39.676,330.669,136.599,95.13,90.06,99.87,92.71,2.32,59.26
2025-03-10 04:35:00,88.023,12937.307,39.19,325.476,132.445,94.93,91.04,99.45,93.13,2.7,59.27
2025-03-10 04:40:00,92.407,12821.377,39.52,332.032,131.49,95.18,91.51,99.84,93.14,0.73,59.28
2025-03-10 04:45:00,93.488,12946.741,39.1,330.742,130.453,95.23,91.14,100.21,92.38,0.88,59.28
2025-03-10 04:50:00,87.895,12831.283,39.033,333.983,129.614,95.15,90.74,99.92,93.0,2.13,59.29
2025-03-10 04:55:00,94.36,13009.429,39.75,331.176,133.782,94.01,91.78,100.45,92.81,1.31,59.3
2025-03-10 05:00:00,87.61,12653.794,38.662,333.562,130.785,94.49,90.79,100.06,93.57,2.83,59.31
2025-03-10 05:05:00,90.34,12862.878,38.785,331.253,136.772,95.48,90.5,99.79,93.76,1.51,59.32
2025-03-10 05:10:00,91.173,13017.397,39.031,327.059,134.201,94.7,91.37,99.66,92.53,1.65,59.32
2025-03-10 05:15:00,88.48,13187.242,39.087,324.501,132.206,94.84,90.72,99.09,92.84,2.4,59.33
2025-03-10 05:20:00,83.867,13245.479,38.804,329.291,133.086,94.62,91.47,99.3,93.11,1.64,59.34
2025-03-10 05:25:00,89.394,12780.331,39.299,330.484,131.015,94.64,91.55,100.2,93.26,2.59,59.35
2025-03-10 05:30:00,90.939,12908.145,39.193,327.424,135.504,95.14,90.72,99.95,93.15,2.76,59.35
2025-03-10 05:35:00,88.889,12932.983,38.97,327.773,132.665,95.08,90.62,99.86,93.24,2.06,59.36
2025-03-10 05:40:00,91.379,12709.472,39.139,331.103,129.42,94.55,91.43,99.65,94.01,2.13,59.37
2025-03-10 05:45:00,92.158,12751.194,39.474,325.121,135.014,94.94,91.18,99.89,93.78,2.92,59.38
2025-03-10 05:50:00,91.8,12690.134,38.682,335.268,128.279,95.04,91.33,100.28,92.51,2.07,59.38
2025-03-10 05:55:00,95.175,12841.109,38.939,324.913,131.245,95.36,91.27,99.88,93.01,2.72,59.39
2025-03-10 06:00:00,89.956,12768.367,39.753,335.548,135.3,94.36,90.95,99.67,92.94,4.31,59.4
2025-03-10 06:05:00,89.636,13124.785,40.022,334.164,132.154,94.67,91.29,99.31,93.17,2.94,59.41
2025-03-10 06:10:00,94.266,12729.122,39.533,337.893,130.167,94.76,90.51,100.46,92.55,2.64,59.42
2025-03-10 06:15:00,89.547,12887.185,38.965,331.433,129.347,94.81,90.51,100.03,93.01,2.33,59.42
2025-03-10 06:20:00,83.494,13290.824,38.832,329.57,133.417,95.55,90.71,99.6,92.83,2.76,59.43
2025-03-10 06:25:00,88.45,13019.75,38.894,328.089,135.173,94.94,90.62,99.86,93.45,2.83,59.44
2025-03-10 06:30:00,92.33,12963.518,39.834,330.331,132.547,94.68,90.51,100.89,93.37,4.85,59.44
2025-03-10 06:35:00,89.665,13188.439,39.187,327.318,136.33,94.83,91.68,100.55,92.97,3.89,59.45
2025-03-10 06:40:00,90.034,13060.456,39.837,332.233,130.664,94.77,91.7,100.16,93.29,4.67,59.46
2025-03-10 06:45:00,88.463,13009.723,38.643,332.38,129.744,94.98,90.55,99.89,93.15,3.88,59.47
2025-03-10 06:50:00,88.663,12955.253,39.244,335.47,134.463,95.11,91.35,100.24,92.57,5.02,59.47
2025-03-10 06:55:00,91.964,12969.608,39.607,328.866,129.741,95.38,91.21,100.72,93.11,3.75,59.48
2025-03-10 07:00:00,83.605,12925.361,39.941,329.17,136.774,94.97,91.0,99.96,93.23,4.12,59.49
2025-03-10 07:05:00,87.224,12881.051,39.482,339.986,133.234,94.97,91.56,98.85,93.0,4.11,59.5
2025-03-10 07:10:00,86.976,12724.63,39.776,335.565,135.627,95.01,91.08,100.08,92.87,3.19,59.5
2025-03-10 07:15:00,86.565,13032.991,39.884,334.499,133.637,94.04,90.66,100.29,92.78,4.65,59.51
2025-03-10 07:20:00,91.001,12822.266,39.431,327.772,134.256,94.39,90.93,99.79,92.95,4.06,59.52
2025-03-10 07:25:00,90.379,13364.23,38.932,335.316,134.587,95.43,91.18,100.03,92.2,5.17,59.52
2025-03-10 07:30:00,92.668,12553.072,39.52,325.414,133.628,95.09,90.74,100.39,93.43,5.26,59.53
2025-03-10 07:35:00,89.516,12959.852,40.108,332.501,128.742,94.79,90.85,99.3,93.83,5.56,59.54
2025-03-10 07:40:00,90.748,12891.309,39.213,325.347,133.455,95.53,91.31,99.43,94.07,5.68,59.54
2025-03-10 07:45:00,80.366,12891.265,39.512,332.319,133.929,94.73,91.04,99.68,92.57,5.11,59.55
2025-03-10 07:50:00,93.351,13100.64,39.343,335.669,131.676,95.72,91.27,100.21,93.74,6.28,59.56
2025-03-10 07:55:00,88.891,12686.752,39.695,330.747,130.305,95.95,91.12,99.59,92.23,5.71,59.56
2025-03-10 08:00:00,92.537,13210.625,39.666,334.348,132.903,94.7,90.87,99.91,93.12,5.29,59.57
2025-03-10 08:05:00,89.175,12721.054,39.434,337.328,133.764,94.63,91.11,99.74,93.08,6.52,59.58
2025-03-10 08:10:00,89.664,13349.298,39.404,329.588,134.051,94.95,90.98,99.95,93.3,5.61,59.58
2025-03-10 08:15:00,91.72,13037.039,39.017,324.066,130.228,94.9,91.13,99.38,93.19,4.64,59.59
2025-03-10 08:20:00,87.657,12810.385,38.833,335.41,134.623,95.56,91.75,100.3,92.92,6.15,59.6
2025-03-10 08:25:00,88.128,12960.689,40.059,323.803,132.72,94.75,91.35,100.27,93.13,6.49,59.6
2025-03-10 08:30:00,91.728,13028.305,39.849,331.157,132.718,95.04,90.63,100.12,92.24,7.64,59.61
2025-03-10 08:35:00,87.96,13037.756,39.304,323.513,134.65,95.2,91.2,99.87,92.98,6.78,59.62
2025-03-10 08:40:00,88.567,13056.641,39.901,340.437,136.134,94.94,91.32,100.06,92.38,7.11,59.62
2025-03-10 08:45:00,88.357,12798.971,39.665,336.423,137.666,94.55,91.08,99.73,93.03,7.16,59.63
2025-03-10 08:50:00,88.07,12510.105,39.85,326.694,134.003,95.34,91.76,100.51,92.95,5.2,59.64
2025-03-10 08:55:00,89.001,12647.325,40.063,326.262,136.245,94.61,90.72,100.48,93.35,6.37,59.64
2025-03-10 09:00:00,89.071,13195.633,39.528,337.73,132.948,94.77,90.97,99.94,92.29,8.54,59.65
2025-03-10 09:05:00,87.26,12792.631,39.663,339.086,135.285,95.47,90.78,100.4,93.38,7.7,59.65
2025-03-10 09:10:00,88.829,12992.583,39.989,333.901,133.886,94.54,91.12,100.47,93.51,9.34,59.66
2025-03-10 09:15:00,88.416,12448.687,40.159,332.066,133.46,95.28,90.67,99.78,92.88,6.85,59.67
2025-03-10 09:20:00,89.549,13025.245,40.343,338.565,128.751,95.21,91.61,99.9,92.5,8.39,59.67
2025-03-10 09:25:00,88.336,13092.939,39.224,339.016,129.984,94.48,91.12,99.48,92.45,8.28,59.68
2025-03-10 09:30:00,88.848,12936.273,39.283,331.124,134.316,94.43,90.26,99.91,92.92,6.81,59.68
2025-03-10 09:35:00,88.82,13040.723,40.279,335.4,134.649,95.05,91.25,99.3,92.74,8.22,59.69
2025-03-10 09:40:00,93.215,13113.701,40.091,335.081,133.756,94.97,92.05,100.29,93.3,8.71,59.7
2025-03-10 09:45:00,89.275,12920.136,39.588,335.674,133.965,95.32,91.35,100.32,93.52,7.86,59.7
2025-03-10 09:50:00,89.127,13205.621,39.399,329.937,134.984,95.0,90.77,99.76,93.11,8.63,59.71
2025-03-10 09:55:00,86.404,13124.564,39.816,330.671,132.408,94.81,90.8,99.97,92.48,7.87,59.71
2025-03-10 10:00:00,86.26,12949.638,39.512,334.436,137.845,95.22,90.89,99.76,92.71,8.06,59.72
2025-03-10 10:05:00,88.134,12824.642,39.596,335.742,135.11,95.18,90.93,99.91,93.77,8.56,59.72
2025-03-10 10:10:00,89.714,12927.288,39.778,331.108,133.088,95.21,90.79,99.7,93.41,8.96,59.73
2025-03-10 10:15:00,84.594,13097.212,39.745,334.168,131.296,94.31,91.05,99.67,93.05,8.59,59.74
2025-03-10 10:20:00,90.397,13021.936,39.817,341.92,133.731,94.53,90.99,99.56,93.35,8.03,59.74
2025-03-10 10:25:00,88.157,12925.012,39.726,340.985,128.58,94.92,90.16,100.34,92.59,9.21,59.75
2025-03-10 10:30:00,92.856,13082.536,39.829,337.676,130.652,94.47,91.06,99.95,92.22,9.15,59.75
2025-03-10 10:35:00,92.491,12728.041,39.607,336.076,133.247,95.18,91.19,100.06,93.1,8.85,59.76
2025-03-10 10:40:00,88.659,12778.668,39.467,336.08,130.986,94.53,90.24,99.81,93.03,10.27,59.76
2025-03-10 10:45:00,86.934,12917.53,39.535,334.956,130.802,95.27,89.69,99.85,92.68,9.7,59.77
2025-03-10 10:50:00,87.434,12725.864,39.712,340.455,134.496,94.16,90.25,100.78,92.74,9.17,59.77
2025-03-10 10:55:00,90.46,12637.031,40.332,329.77,136.414,93.05,89.45,98.82,90.65,9.58,59.78
2025-03-10 11:00:00,89.922,12900.396,40.527,328.549,138.403,93.97,90.86,100.08,91.84,10.04,59.78
2025-03-10 11:05:00,90.861,13275.313,39.664,331.423,134.042,92.75,89.5,99.49,92.63,9.75,59.79
2025-03-10 11:10:00,88.654,12789.57,39.988,332.457,136.906,94.14,89.43,100.13,92.01,8.83,59.79
2025-03-10 11:15:00,87.982,12973.481,39.94,330.325,133.501,93.16,88.27,99.19,91.57,10.28,59.8
2025-03-10 11:20:00,89.781,13175.458,39.672,340.57,133.696,92.8,88.4,98.74,90.84,9.39,59.8
2025-03-10 11:25:00,84.905,12996.471,39.539,330.773,131.856,92.95,88.94,98.56,90.58,8.32,59.81
2025-03-10 11:30:00,89.177,13004.857,39.858,344.221,134.003,92.12,87.09,98.13,90.09,9.6,59.81
2025-03-10 11:35:00,84.517,12975.294,40.323,334.37,130.943,91.46,87.95,97.51,89.21,10.06,59.82
2025-03-10 11:40:00,87.816,12926.465,40.293,336.494,135.593,91.82,86.65,97.82,88.91,10.55,59.82
2025-03-10 11:45:00,89.617,12934.035,39.904,329.818,130.699,90.96,86.77,96.24,88.94,10.44,59.83
2025-03-10 11:50:00,87.325,12616.068,40.505,337.83,127.294,91.25,86.75,96.04,88.58,11.46,59.83
2025-03-10 11:55:00,89.882,12881.547,39.891,332.978,133.646,90.66,87.47,96.82,88.71,10.84,59.83
2025-03-10 12:00:00,86.355,12879.746,40.556,341.276,133.765,90.46,86.24,96.05,88.89,8.72,59.84
2025-03-10 12:05:00,83.972,12714.068,39.996,339.596,133.758,92.02,87.99,97.74,90.52,10.18,59.84
2025-03-10 12:10:00,86.831,12886.564,39.541,334.076,133.641,91.04,87.67,97.3,89.13,10.69,59.85
2025-03-10 12:15:00,86.296,12730.755,39.884,335.675,135.391,90.2,85.55,95.95,88.25,9.92,59.85
2025-03-10 12:20:00,83.785,12949.658,39.796,337.198,131.767,90.73,86.54,96.01,88.31,9.96,59.86
2025-03-10 12:25:00,88.065,12598.95,39.844,334.436,135.308,90.59,87.03,97.22,89.01,10.82,59.86
2025-03-10 12:30:00,90.477,12969.499,40.384,335.827,133.79,91.38,86.59,97.2,88.83,10.82,59.86
2025-03-10 12:35:00,87.483,12548.151,40.521,332.588,137.932,90.94,87.07,96.68,89.1,11.89,59.87
2025-03-10 12:40:00,86.757,12713.96,39.758,331.446,134.609,93.38,89.1,98.22,90.57,10.36,59.87
2025-03-10 12:45:00,86.318,12762.758,40.416,340.461,128.919,93.82,88.94,99.82,91.08,10.39,59.88
2025-03-10 12:50:00,84.52,13160.967,39.744,339.102,132.075,93.15,89.05,98.25,90.77,10.83,59.88
2025-03-10 12:55:00,86.999,13017.262,39.956,334.453,132.052,93.35,89.74,99.2,91.66,9.12,59.88
2025-03-10 13:00:00,84.532,12866.103,39.545,341.483,135.286,92.74,89.77,98.78,91.27,11.09,59.89
2025-03-10 13:05:00,84.803,12888.861,39.367,330.533,134.246,92.16,88.0,98.98,90.61,12.05,59.89
2025-03-10 13:10:00,85.916,12742.299,39.821,335.118,132.233,92.72,88.71,98.08,90.77,10.67,59.89
2025-03-10 13:15:00,88.903,12593.198,39.907,332.53,131.246,92.44,87.75,96.94,89.42,10.43,59.9
2025-03-10 13:20:00,83.255,12268.084,39.556,339.026,134.127,91.28,87.79,97.41,89.39,10.87,59.9
2025-03-10 13:25:00,81.788,12950.128,40.232,342.252,135.824,91.73,87.53,97.7,89.21,10.56,59.91
2025-03-10 13:30:00,83.775,13104.789,40.164,341.265,131.359,91.03,87.22,97.55,90.02,10.66,59.91
2025-03-10 13:35:00,84.939,12723.397,40.191,339.678,135.966,91.31,87.15,97.11,89.7,10.88,59.91
2025-03-10 13:40:00,87.351,13125.819,40.447,339.243,133.5,91.61,87.82,98.73,89.84,10.77,59.92
2025-03-10 13:45:00,85.897,12890.176,39.713,339.167,136.373,91.25,87.9,98.53,90.57,12.61,59.92
2025-03-10 13:50:00,87.407,13015.881,40.368,342.187,132.953,92.27,89.03,98.33,90.9,8.76,59.92
2025-03-10 13:55:00,87.628,12967.369,40.756,335.04,132.954,91.87,88.17,98.06,89.93,12.25,59.92
2025-03-10 14:00:00,89.221,12972.486,39.606,334.788,138.136,92.36,88.59,98.06,90.05,11.56,59.93
2025-03-10 14:05:00,92.484,12917.363,39.147,339.384,134.325,93.22,88.2,98.88,90.87,9.67,59.93
2025-03-10 14:10:00,87.558,12746.544,40.365,328.867,133.481,91.51,87.78,98.39,89.85,11.46,59.93
2025-03-10 14:15:00,84.561,13044.784,39.893,332.985,136.088,92.07,87.58,97.95,90.05,12.73,59.94
2025-03-10 14:20:00,91.169,13030.776,40.389,342.829,129.478,92.83,88.79,98.37,90.53,10.16,59.94
2025-03-10 14:25:00,87.882,12838.552,39.326,329.721,134.314,91.68,88.96,98.28,90.12,9.78,59.94
2025-03-10 14:30:00,87.041,12871.306,39.97,338.214,134.456,91.49,87.54,97.52,89.85,10.77,59.94
2025-03-10 14:35:00,88.72,12620.333,39.316,336.743,128.234,91.98,89.03,97.98,90.2,9.99,59.95
2025-03-10 14:40:00,88.119,12995.72,40.757,339.962,132.314,91.03,87.64,97.95,88.95,10.62,59.95
2025-03-10 14:45:00,91.39,13212.932,39.536,337.015,133.205,91.92,87.48,98.41,88.84,9.48,59.95
2025-03-10 14:50:00,91.354,12962.829,40.16,345.897,135.318,91.5,87.0,97.66,89.44,10.44,59.95
2025-03-10 14:55:00,89.015,13127.225,39.986,336.901,136.573,91.05,87.56,97.29,89.78,10.76,59.96
2025-03-10 15:00:00,82.685,12916.773,40.256,336.347,130.759,91.74,88.26,98.35,89.66,10.57,59.96
2025-03-10 15:05:00,82.994,12734.688,39.623,330.815,134.802,90.86,86.89,97.36,89.17,10.54,59.96
2025-03-10 15:10:00,85.932,12804.898,40.215,336.699,131.317,91.09,87.04,97.09,89.26,10.11,59.96
2025-03-10 15:15:00,88.245,13074.426,39.855,339.036,134.464,91.73,87.04,97.63,89.3,9.51,59.97
2025-03-10 15:20:00,87.61,12978.944,39.93,338.44,133.561,91.2,86.23,96.14,88.95,10.72,59.97
2025-03-10 15:25:00,85.676,12759.96,40.135,334.553,131.961,91.69,87.08,96.44,88.17,11.86,59.97
2025-03-10 15:30:00,81.859,12968.43,39.868,330.306,138.77,91.34,86.78,97.27,89.12,9.28,59.97
2025-03-10 15:35:00,86.713,12979.403,39.796,334.275,126.967,90.42,86.96,96.34,89.27,9.47,59.97
2025-03-10 15:40:00,92.709,12927.596,40.38,342.327,133.151,90.14,86.09,96.29,88.23,9.94,59.98
2025-03-10 15:45:00,83.32,12918.344,40.07,337.527,137.889,91.16,86.31,96.59,89.19,9.11,59.98
2025-03-10 15:50:00,90.172,12784.912,39.606,335.211,138.148,90.93,87.03,96.79,88.71,9.86,59.98
2025-03-10 15:55:00,83.649,13047.836,39.507,336.585,134.903,91.07,87.07,96.43,88.63,9.31,59.98
2025-03-10 16:00:00,83.246,12913.558,40.014,330.333,135.749,90.52,86.28,96.29,88.13,10.82,59.98
2025-03-10 16:05:00,87.96,13006.003,39.906,336.183,134.578,90.49,86.19,96.08,87.92,9.82,59.98
2025-03-10 16:10:00,82.761,12999.58,40.516,337.638,134.013,91.0,86.89,96.04,88.42,8.9,59.98
2025-03-10 16:15:00,90.241,12995.719,39.536,340.113,132.034,91.52,86.9,96.68,89.33,10.05,59.99
2025-03-10 16:20:00,86.045,12809.11,40.498,346.63,127.803,90.87,87.18,96.49,89.05,10.09,59.99
2025-03-10 16:25:00,92.427,12888.335,40.116,333.477,129.511,92.14,87.91,97.95,89.58,10.2,59.99
2025-03-10 16:30:00,86.851,12603.803,39.783,333.06,131.833,91.79,87.39,98.48,89.87,8.7,59.99
2025-03-10 16:35:00,89.072,13075.584,39.912,343.412,135.734,91.63,87.33,97.79,89.82,8.62,59.99
2025-03-10 16:40:00,86.945,13165.521,39.686,335.168,133.84,90.57,86.09,96.49,88.53,8.71,59.99
2025-03-10 16:45:00,85.763,13048.179,39.826,337.002,131.911,91.26,87.22,96.94,88.66,9.33,59.99
2025-03-10 16:50:00,88.785,13226.787,39.731,337.919,139.219,90.35,86.41,96.75,88.58,9.8,59.99
2025-03-10 16:55:00,84.324,12681.08,39.71,334.896,132.899,90.82,87.04,97.07,89.26,8.18,59.99
2025-03-10 17:00:00,89.027,13162.351,39.549,339.54,135.505,90.93,86.36,96.38,88.27,8.15,60.0
2025-03-10 17:05:00,88.899,12974.843,40.004,340.131,127.347,90.93,86.67,96.28,88.61,8.24,60.0
2025-03-10 17:10:00,84.985,12427.716,39.656,338.513,132.563,90.48,86.82,96.51,89.38,8.99,60.0
2025-03-10 17:15:00,87.245,12745.478,40.267,339.248,126.859,90.85,87.33,97.07,90.23,8.48,60.0
2025-03-10 17:20:00,86.986,12947.932,39.808,339.979,131.795,91.02,87.15,96.76,89.5,8.12,60.0
2025-03-10 17:25:00,87.357,12757.672,39.893,340.518,133.761,91.78,87.73,98.19,90.2,7.7,60.0
2025-03-10 17:30:00,82.961,12863.064,39.44,343.182,131.998,90.97,87.42,96.25,88.84,9.03,60.0
2025-03-10 17:35:00,84.839,13254.51,39.843,345.596,132.237,91.26,87.43,97.44,89.38,7.31,60.0
2025-03-10 17:40:00,90.28,12865.725,39.552,341.511,130.166,90.15,86.92,96.41,88.86,7.41,60.0
2025-03-10 17:45:00,85.945,12733.954,38.791,342.681,133.488,90.04,86.49,95.61,88.1,6.36,60.0
2025-03-10 17:50:00,84.812,12988.52,40.453,331.874,130.844,91.49,87.75,98.22,90.24,7.65,60.0
2025-03-10 17:55:00,82.239,13246.402,40.309,336.866,135.455,91.49,87.62,97.45,89.8,7.73,60.0
2025-03-10 18:00:00,87.373,13054.042,39.114,335.231,133.981,91.76,87.57,98.02,89.96,7.68,60.0
2025-03-10 18:05:00,84.743,12945.481,39.412,339.574,133.125,93.0,88.68,97.91,90.69,6.56,60.0
2025-03-10 18:10:00,86.385,13011.226,39.243,343.326,134.356,92.99,88.75,98.55,90.96,6.51,60.0
2025-03-10 18:15:00,81.572,12921.911,39.947,338.008,134.922,92.36,88.37,98.5,90.32,8.08,60.0
2025-03-10 18:20:00,90.333,12952.263,39.747,343.758,136.205,92.77,88.39,99.02,90.96,6.71,60.0
2025-03-10 18:25:00,86.988,12895.381,39.345,333.477,136.766,92.59,87.75,98.98,89.82,6.45,60.0
2025-03-10 18:30:00,87.117,13028.187,40.33,341.074,136.103,93.03,88.57,98.42,91.59,7.07,60.0
2025-03-10 18:35:00,91.24,13075.64,39.782,337.326,137.459,92.5,88.78,98.81,91.14,6.45,60.0
2025-03-10 18:40:00,85.895,12914.34,39.2,341.374,135.133,92.86,88.14,98.42,90.37,6.71,60.0
2025-03-10 18:45:00,82.882,12568.977,39.537,332.791,134.277,91.49,87.66,97.09,88.83,7.41,60.0
2025-03-10 18:50:00,85.574,13206.092,39.589,340.139,134.641,90.98,87.32,97.7,89.4,6.66,60.0
2025-03-10 18:55:00,93.573,12721.784,39.47,342.891,132.514,93.37,89.26,99.33,91.02,6.38,60.0
2025-03-10 19:00:00,83.762,13160.697,39.208,338.926,132.693,94.2,89.96,100.29,91.97,6.93,60.0
2025-03-10 19:05:00,83.78,12886.632,39.565,337.501,132.392,93.88,90.65,99.76,92.3,7.23,59.99
2025-03-10 19:10:00,86.784,13176.302,39.49,329.409,137.775,94.54,91.35,100.04,92.77,5.7,59.99
2025-03-10 19:15:00,89.188,12908.662,38.945,336.422,137.365,95.16,91.43,99.82,92.96,4.43,59.99
2025-03-10 19:20:00,87.326,12954.691,39.537,339.124,134.26,95.23,90.36,100.35,92.8,6.27,59.99
2025-03-10 19:25:00,86.9,12844.62,39.781,333.288,136.357,94.11,90.14,100.96,91.73,4.5,59.99
2025-03-10 19:30:00,87.181,12871.029,39.803,333.662,134.917,94.48,90.2,99.4,93.22,5.07,59.99
2025-03-10 19:35:00,83.46,12911.414,39.067,338.491,137.847,94.06,89.87,99.23,91.02,6.1,59.99
2025-03-10 19:40:00,84.613,13313.492,39.757,336.226,138.086,94.52,89.37,100.44,91.78,6.75,59.99
2025-03-10 19:45:00,84.221,12911.474,39.12,343.23,138.164,92.16,88.88,99.52,91.07,4.91,59.99
2025-03-10 19:50:00,91.232,12978.734,40.17,335.447,131.305,92.53,89.43,98.61,89.69,5.57,59.98
2025-03-10 19:55:00,87.381,13348.01,39.176,342.539,138.996,93.45,89.12,100.19,91.72,4.42,59.98
2025-03-10 20:00:00,87.622,12849.812,39.779,338.14,133.52,92.76,88.84,100.19,90.03,6.12,59.98
2025-03-10 20:05:00,86.717,13109.926,39.325,337.291,130.887,93.27,88.82,98.46,91.82,5.5,59.98
2025-03-10 20:10:00,86.708,13148.639,39.92,335.195,129.363,94.29,89.35,99.29,91.03,3.69,59.98
2025-03-10 20:15:00,87.496,12900.81,39.807,338.609,135.13,93.58,88.43,98.44,91.08,5.61,59.98
2025-03-10 20:20:00,83.737,13095.009,39.378,338.201,132.651,91.73,89.29,98.53,89.97,5.06,59.98
2025-03-10 20:25:00,86.646,12722.612,39.311,333.306,135.19,92.44,89.12,98.23,91.2,2.82,59.97
2025-03-10 20:30:00,88.792,12748.175,39.328,342.365,127.398,94.23,89.63,99.87,90.96,5.27,59.97
2025-03-10 20:35:00,86.605,13098.83,38.71,336.016,132.595,94.73,90.26,99.75,93.17,3.69,59.97
2025-03-10 20:40:00,86.946,12842.948,39.591,337.327,134.409,94.46,90.8,100.36,92.63,3.83,59.97
2025-03-10 20:45:00,86.548,13495.262,39.722,339.107,137.092,94.6,91.13,99.68,92.5,4.06,59.97
2025-03-10 20:50:00,87.863,13088.791,39.062,334.352,130.592,94.81,90.68,100.41,93.26,3.21,59.96
2025-03-10 20:55:00,89.69,12841.141,39.657,341.383,136.471,93.54,89.64,100.24,92.05,3.23,59.96
2025-03-10 21:00:00,89.714,13036.017,39.221,336.77,139.395,94.87,90.56,99.91,92.03,2.91,59.96
2025-03-10 21:05:00,89.127,12824.05,39.806,339.984,132.761,93.82,90.14,99.21,91.68,3.12,59.96
2025-03-10 21:10:00,89.708,12627.943,39.559,338.495,132.921,94.47,89.76,100.2,92.08,4.34,59.95
2025-03-10 21:15:00,84.974,13046.365,39.234,329.821,137.342,94.07,89.77,99.97,91.89,3.78,59.95
2025-03-10 21:20:00,87.599,13436.19,39.879,338.75,133.137,93.99,90.23,100.34,92.54,2.25,59.95
2025-03-10 21:25:00,93.083,12815.567,39.766,342.021,134.257,93.58,90.67,100.12,92.5,2.79,59.95
2025-03-10 21:30:00,90.093,13013.2,39.309,335.889,138.877,94.25,90.93,100.3,92.12,2.86,59.94
2025-03-10 21:35:00,86.302,12771.632,39.291,344.355,135.068,92.27,89.07,99.27,90.9,1.25,59.94
2025-03-10 21:40:00,87.511,13148.913,39.527,334.347,136.097,91.54,87.24,97.95,90.07,1.57,59.94
2025-03-10 21:45:00,85.136,13144.827,39.758,344.978,134.767,92.1,88.29,97.52,90.19,4.04,59.94
2025-03-10 21:50:00,87.844,12910.299,39.002,335.143,133.417,91.24,88.38,97.38,90.08,3.22,59.93
2025-03-10 21:55:00,84.215,12764.922,39.382,333.284,131.339,92.01,87.91,98.22,90.05,3.23,59.93
2025-03-10 22:00:00,90.07,12549.066,39.23,337.685,140.904,92.58,88.53,98.83,90.75,2.0,59.93
2025-03-10 22:05:00,83.909,12716.971,39.532,340.637,134.593,91.88,87.98,97.94,89.88,3.24,59.92
2025-03-10 22:10:00,90.85,13032.947,38.942,333.441,134.143,91.54,87.42,97.49,89.04,2.44,59.92
2025-03-10 22:15:00,84.612,12853.837,39.592,339.522,133.914,91.44,87.25,97.63,90.27,2.02,59.92
2025-03-10 22:20:00,87.696,12934.337,39.916,333.325,130.265,91.81,87.49,96.96,89.55,3.16,59.92
2025-03-10 22:25:00,86.891,13197.864,38.909,341.065,133.49,91.35,87.08,96.96,89.51,2.01,59.91
2025-03-10 22:30:00,88.32,13009.792,39.154,337.61,132.728,90.84,87.91,96.98,89.59,1.57,59.91
2025-03-10 22:35:00,88.1,12986.068,39.006,336.73,136.216,91.37,86.47,97.49,88.81,2.21,59.91
2025-03-10 22:40:00,82.561,12903.666,39.488,335.099,135.465,90.69,86.17,96.35,88.13,0.78,59.9
2025-03-10 22:45:00,85.772,13124.657,38.918,337.466,131.75,89.46,85.24,95.41,87.81,1.49,59.9
2025-03-10 22:50:00,85.899,13096.641,39.054,340.698,136.188,90.46,86.6,96.75,88.06,-0.05,59.89
2025-03-10 22:55:00,86.347,12931.359,38.692,342.25,130.061,91.18,87.22,97.78,89.13,-0.42,59.89
2025-03-10 23:00:00,88.04,12944.0,39.93,337.612,130.247,92.17,88.17,97.68,90.38,2.29,59.89
2025-03-10 23:05:00,85.825,13183.346,39.43,342.604,132.821,92.3,88.18,98.12,90.33,0.37,59.88
2025-03-10 23:10:00,90.76,12863.821,38.864,337.46,131.898,92.75,88.52,98.43,90.97,1.2,59.88
2025-03-10 23:15:00,88.437,12597.603,39.655,336.799,135.333,92.39,88.51,98.4,90.82,-0.37,59.88
2025-03-10 23:20:00,87.099,13109.826,39.406,335.04,133.193,92.91,88.99,99.23,91.36,1.05,59.87
2025-03-10 23:25:00,86.605,13028.492,38.954,348.762,129.589,91.61,87.51,98.71,89.85,0.88,59.87
2025-03-10 23:30:00,87.382,13001.735,38.726,339.447,135.268,92.66,88.74,98.58,90.72,0.79,59.86
2025-03-10 23:35:00,86.443,13187.889,38.926,341.378,130.974,92.13,87.45,97.99,90.21,-1.04,59.86
2025-03-10 23:40:00,84.956,13063.514,38.616,331.987,132.226,92.63,88.73,98.52,90.48,1.28,59.86
2025-03-10 23:45:00,84.6,12971.78,38.936,333.319,137.841,93.03,90.16,99.3,91.21,0.77,59.85
2025-03-10 23:50:00,86.471,13163.141,39.717,335.594,130.297,93.28,89.91,100.1,91.79,1.3,59.85
2025-03-10 23:55:00,86.644,12895.159,39.032,344.37,132.919,93.82,90.59,99.68,92.18,0.49,59.84
2025-03-11 00:00:00,86.559,12960.4,39.079,335.706,136.565,94.65,91.14,99.52,92.7,-0.02,59.84
2025-03-11 00:05:00,89.557,12889.22,38.989,335.347,135.644,93.78,90.39,98.93,92.15,0.88,59.83
2025-03-11 00:10:00,90.745,13096.811,39.239,338.629,134.71,94.82,90.21,99.87,92.43,-0.65,59.83
2025-03-11 00:15:00,90.877,12960.384,39.562,336.848,135.313,95.06,91.57,100.79,92.79,0.81,59.83
2025-03-11 00:20:00,86.329,12841.615,38.259,340.768,137.604,94.91,90.88,100.23,92.86,0.62,59.82
2025-03-11 00:25:00,87.078,12987.233,38.344,335.638,136.469,94.22,91.27,99.49,92.64,-0.62,59.82
2025-03-11 00:30:00,88.049,13128.915,39.589,333.333,134.364,95.0,90.8,99.54,93.27,1.44,59.81
2025-03-11 00:35:00,92.144,12801.397,39.618,333.619,131.934,94.8,90.89,99.95,92.88,-0.08,59.81
2025-03-11 00:40:00,89.961,12896.48,38.576,336.592,133.593,95.22,90.98,99.89,93.14,-1.87,59.8
2025-03-11 00:45:00,88.461,12974.125,39.513,329.559,132.82,94.69,91.43,100.28,93.23,0.01,59.8
2025-03-11 00:50:00,92.045,12508.055,38.797,327.8,132.206,95.24,91.15,100.22,92.69,-0.19,59.79
2025-03-11 00:55:00,88.289,13123.758,38.859,336.408,130.94,95.13,90.84,99.69,93.46,-1.76,59.79
2025-03-11 01:00:00,91.004,12557.94,39.819,332.961,130.26,95.35,91.12,99.79,92.44,1.21,59.78
2025-03-11 01:05:00,90.761,12873.408,39.455,330.486,132.433,94.2,91.0,100.19,92.81,-0.91,59.78
2025-03-11 01:10:00,87.064,12887.613,38.939,336.364,137.684,94.92,91.16,99.67,92.33,-0.33,59.77
2025-03-11 01:15:00,86.921,13111.07,39.929,334.743,134.359,94.92,90.97,99.9,92.28,0.19,59.77
2025-03-11 01:20:00,89.156,12914.892,39.461,337.626,134.332,94.2,90.51,100.29,92.55,0.88,59.76
2025-03-11 01:25:00,91.087,13032.231,38.727,334.759,132.787,95.61,91.09,99.98,92.84,0.08,59.76
2025-03-11 01:30:00,89.999,13266.911,39.915,337.634,134.057,94.93,90.63,99.56,93.03,1.18,59.75
2025-03-11 01:35:00,87.722,12772.328,39.303,340.013,133.074,95.72,91.34,99.68,92.87,0.15,59.75
2025-03-11 01:40:00,87.78,12924.99,39.049,335.624,134.183,94.8,91.05,99.53,93.07,0.06,59.74
2025-03-11 01:45:00,91.259,12784.294,38.99,331.23,138.145,95.62,90.04,99.64,92.63,-0.41,59.74
2025-03-11 01:50:00,89.144,13140.651,38.415,334.641,133.171,94.52,90.32,100.55,93.15,0.85,59.73
2025-03-11 01:55:00,92.779,13148.679,39.152,327.446,129.425,94.74,91.48,99.51,93.31,-0.63,59.72
2025-03-11 02:00:00,86.738,12767.267,39.553,336.672,131.5,95.24,91.3,100.33,93.02,-1.32,59.72
2025-03-11 02:05:00,86.411,12382.965,39.556,337.547,134.95,94.53,90.87,100.21,93.15,-0.8,59.71
2025-03-11 02:10:00,85.407,12687.328,38.994,333.966,135.695,94.48,90.86,99.93,92.27,-2.27,59.71
2025-03-11 02:15:00,87.485,12868.942,39.363,340.527,130.179,94.62,91.21,99.49,93.26,1.2,59.7
2025-03-11 02:20:00,90.637,13052.748,39.496,329.158,130.261,94.88,91.04,99.93,92.82,1.17,59.7
2025-03-11 02:25:00,88.528,13105.853,38.812,340.518,131.102,95.0,91.27,99.67,92.98,-0.73,59.69
2025-03-11 02:30:00,90.841,12533.356,38.919,335.862,135.361,95.39,90.9,100.4,92.77,-1.52,59.68
2025-03-11 02:35:00,90.692,12970.36,39.496,334.779,134.263,95.26,90.93,99.92,93.56,0.89,59.68
2025-03-11 02:40:00,89.985,12953.171,39.243,334.19,133.467,94.86,91.64,100.13,92.76,-0.67,59.67
2025-03-11 02:45:00,87.817,13079.587,39.643,339.875,133.383,95.55,91.14,100.04,92.71,0.75,59.67
2025-03-11 02:50:00,86.373,12785.32,39.251,341.788,128.438,94.93,91.15,99.43,92.84,2.18,59.66
2025-03-11 02:55:00,86.413,12762.614,39.296,325.655,136.362,95.3,91.53,100.04,93.15,0.81,59.65
2025-03-11 03:00:00,86.876,12293.92,39.3,327.343,133.959,94.93,90.79,100.55,93.5,1.49,59.65
2025-03-11 03:05:00,87.784,12749.422,39.314,331.739,135.502,95.49,90.61,100.22,92.81,-1.76,59.64
2025-03-11 03:10:00,91.0,12953.555,39.242,336.5,136.227,94.85,91.48,99.67,93.01,1.05,59.64
2025-03-11 03:15:00,87.928,12939.997,39.039,329.975,134.325,95.53,91.2,100.38,92.78,-0.47,59.63
2025-03-11 03:20:00,85.927,12751.024,39.631,332.571,137.54,94.75,91.67,100.07,92.75,0.42,59.62
2025-03-11 03:25:00,84.621,12904.158,38.814,339.757,134.462,94.47,91.46,99.52,92.71,-0.1,59.62
2025-03-11 03:30:00,89.703,12985.514,39.077,329.104,133.79,95.56,91.19,100.52,92.59,1.15,59.61
2025-03-11 03:35:00,85.755,13000.133,38.767,336.853,135.732,94.04,90.8,99.45,92.62,0.59,59.6
2025-03-11 03:40:00,90.685,12849.081,39.07,330.71,130.68,94.45,91.0,100.31,92.54,-1.02,59.6
2025-03-11 03:45:00,85.548,12877.819,38.637,336.06,132.471,96.19,90.69,99.85,93.24,-1.22,59.59
2025-03-11 03:50:00,87.305,12869.045,39.737,344.4,132.796,95.61,90.72,100.2,93.16,0.58,59.58
2025-03-11 03:55:00,93.716,12922.89,39.187,336.333,133.633,94.99,91.05,99.6,92.93,-1.27,59.58
2025-03-11 04:00:00,87.939,13153.182,39.381,330.107,133.257,94.97,91.57,99.95,93.29,0.92,59.57
2025-03-11 04:05:00,88.042,12846.685,38.531,329.834,131.199,94.62,90.9,100.01,92.82,1.64,59.56
2025-03-11 04:10:00,87.082,13189.003,39.314,330.303,133.362,94.86,90.44,99.86,92.69,0.56,59.56
2025-03-11 04:15:00,85.891,13033.026,39.037,328.885,130.223,94.85,90.81,100.49,93.24,0.74,59.55
2025-03-11 04:20:00,88.881,12838.814,39.853,330.06,132.599,95.22,90.6,100.52,92.9,0.66,59.54
2025-03-11 04:25:00,86.58,13327.258,39.701,335.893,135.2,94.65,90.33,100.07,93.22,0.65,59.54
2025-03-11 04:30:00,89.075,13057.3,39.328,337.169,135.819,94.99,90.57,99.59,93.17,0.84,59.53
2025-03-11 04:35:00,90.061,13119.576,39.636,331.927,134.867,95.03,91.19,100.59,93.45,0.9,59.52
2025-03-11 04:40:00,88.919,12687.309,39.116,332.432,132.491,95.74,90.35,100.31,93.71,1.28,59.52
2025-03-11 04:45:00,91.025,12836.138,39.29,336.99,129.452,94.45,91.67,99.79,92.54,0.52,59.51
2025-03-11 04:50:00,92.675,13039.884,39.025,332.079,133.914,94.85,91.46,99.9,92.87,0.03,59.5
2025-03-11 04:55:00,90.618,12873.049,39.084,339.397,130.949,94.51,91.23,99.91,92.91,1.34,59.5
2025-03-11 05:00:00,90.611,12689.12,39.313,336.374,127.183,95.6,90.67,100.22,92.31,2.04,59.49
2025-03-11 05:05:00,93.105,13194.748,39.439,326.352,135.445,95.16,91.21,100.33,93.4,1.49,59.48
2025-03-11 05:10:00,85.131,12624.007,39.519,331.028,132.73,95.13,91.02,99.98,92.99,1.91,59.47
2025-03-11 05:15:00,87.013,12846.73,38.656,334.226,131.366,94.32,90.55,100.48,92.98,1.74,59.47
2025-03-11 05:20:00,92.271,13025.491,39.385,338.78,134.458,94.75,90.54,100.03,92.42,2.76,59.46
2025-03-11 05:25:00,93.169,12866.671,39.847,331.128,128.318,95.91,91.24,99.29,93.11,2.09,59.45
2025-03-11 05:30:00,91.219,12937.894,39.368,325.283,132.739,95.24,91.11,100.51,92.77,3.16,59.44
2025-03-11 05:35:00,90.272,13114.479,39.516,328.309,133.578,95.58,91.09,100.23,93.09,1.53,59.44
2025-03-11 05:40:00,93.039,13111.207,39.382,330.271,133.17,94.75,91.0,100.06,92.84,1.68,59.43
2025-03-11 05:45:00,87.248,13127.262,38.994,332.505,135.205,94.91,91.24,99.53,93.27,3.5,59.42
2025-03-11 05:50:00,90.06,13049.24,39.335,327.896,128.471,95.04,90.81,100.45,92.95,2.86,59.42
2025-03-11 05:55:00,89.465,13006.416,39.127,319.784,127.474,95.24,91.25,99.93,93.01,2.69,59.41
2025-03-11 06:00:00,84.587,12867.562,39.215,329.951,133.415,95.25,90.56,100.33,92.97,1.54,59.4
2025-03-11 06:05:00,88.386,12962.137,39.226,330.876,132.99,95.28,90.81,100.43,92.99,2.88,59.39
2025-03-11 06:10:00,89.39,12777.627,39.1,323.981,131.337,94.87,91.21,99.88,92.78,3.84,59.38
2025-03-11 06:15:00,86.148,13204.277,38.233,329.625,134.788,95.66,91.0,100.73,93.12,1.93,59.38
2025-03-11 06:20:00,92.223,12707.259,39.395,329.179,129.826,95.09,91.16,100.43,92.6,2.5,59.37
2025-03-11 06:25:00,86.781,12969.59,39.726,327.91,129.606,94.29,90.4,99.96,93.24,4.62,59.36
2025-03-11 06:30:00,90.009,12791.853,38.848,337.494,131.665,94.71,90.91,100.19,93.06,3.33,59.35
2025-03-11 06:35:00,88.942,12983.031,39.555,336.81,135.202,95.16,90.63,99.45,92.76,2.64,59.35
2025-03-11 06:40:00,84.305,12979.979,39.461,329.888,130.18,94.56,91.86,100.09,92.79,4.42,59.34
2025-03-11 06:45:00,94.919,12569.709,38.761,333.425,129.791,94.7,91.34,99.9,93.02,4.72,59.33
2025-03-11 06:50:00,86.537,12565.267,39.996,328.092,132.466,94.88,90.97,99.82,93.05,3.51,59.32
2025-03-11 06:55:00,91.318,13215.676,38.725,332.904,132.684,95.22,91.04,100.05,92.89,4.52,59.32
2025-03-11 07:00:00,89.287,12652.414,39.248,336.718,131.872,95.5,91.39,99.91,93.11,3.27,59.31
2025-03-11 07:05:00,94.782,13091.673,39.356,328.917,127.946,94.7,91.14,100.17,92.9,4.86,59.3
2025-03-11 07:10:00,91.705,12986.675,39.899,330.202,131.467,94.81,91.11,100.11,93.02,4.69,59.29
2025-03-11 07:15:00,87.562,12933.733,39.02,327.946,129.283,94.98,90.33,99.97,92.62,5.27,59.28
2025-03-11 07:20:00,87.537,12999.833,39.628,339.457,130.381,94.79,90.57,99.82,92.56,4.78,59.28
2025-03-11 07:25:00,91.171,13002.684,39.677,326.72,130.386,95.12,91.36,100.22,93.51,4.56,59.27
2025-03-11 07:30:00,91.301,12651.156,39.185,324.411,134.479,94.81,91.36,99.58,93.8,5.03,59.26
2025-03-11 07:35:00,89.15,13208.153,38.734,337.563,131.43,94.96,91.73,99.7,92.84,5.24,59.25
2025-03-11 07:40:00,90.539,12709.998,40.266,330.198,128.527,94.77,90.66,100.15,92.89,5.03,59.24
2025-03-11 07:45:00,94.222,12980.914,39.788,334.192,133.509,95.53,91.08,99.44,92.95,6.87,59.23
2025-03-11 07:50:00,88.644,12644.495,39.662,331.193,131.379,94.79,90.77,100.29,93.38,6.06,59.23
2025-03-11 07:55:00,87.924,12702.363,39.774,330.111,128.585,95.3,91.06,99.79,93.66,7.28,59.22
2025-03-11 08:00:00,90.496,12810.112,39.731,325.486,129.744,94.58,91.02,100.37,92.82,6.01,59.21
2025-03-11 08:05:00,92.098,12813.817,40.106,322.306,130.199,94.52,90.06,99.98,92.12,7.11,59.2
2025-03-11 08:10:00,90.603,12809.274,40.154,328.474,131.084,94.91,91.01,99.63,92.35,5.9,59.19
2025-03-11 08:15:00,89.113,12840.696,39.79,329.461,132.03,94.34,90.43,99.23,92.06,5.54,59.19
2025-03-11 08:20:00,92.207,13126.37,39.375,335.077,131.521,94.17,89.58,99.54,92.43,6.97,59.18
2025-03-11 08:25:00,90.831,12786.512,39.774,328.594,128.721,93.77,89.83,99.83,92.41,6.09,59.17
2025-03-11 08:30:00,86.963,12754.41,39.146,322.78,132.817,94.33,90.04,99.62,92.68,6.87,59.16
2025-03-11 08:35:00,91.65,13042.684,39.838,322.522,130.532,94.79,90.71,99.96,92.34,7.87,59.15
2025-03-11 08:40:00,93.089,13247.786,40.397,328.745,133.257,95.7,90.47,100.24,92.61,6.94,59.14
2025-03-11 08:45:00,90.571,12774.081,39.221,328.753,132.384,95.5,90.9,100.71,91.98,7.37,59.14
2025-03-11 08:50:00,87.314,12798.007,39.674,333.482,130.169,93.88,89.7,99.88,91.94,8.11,59.13
2025-03-11 08:55:00,85.29,12772.74,39.492,333.976,129.007,93.25,88.76,99.22,91.03,6.82,59.12
2025-03-11 09:00:00,89.002,12819.362,39.421,328.751,131.336,94.2,89.02,98.5,90.72,5.63,59.11
2025-03-11 09:05:00,85.483,13047.554,39.44,332.467,125.456,93.54,89.63,99.02,91.58,7.8,59.1
2025-03-11 09:10:00,88.664,12728.334,39.854,325.888,125.79,93.85,89.13,99.35,91.91,6.61,59.09
2025-03-11 09:15:00,86.26,12833.672,39.722,326.993,128.616,93.47,89.44,98.74,91.26,7.41,59.09
2025-03-11 09:20:00,91.295,12796.553,38.839,328.96,129.208,93.1,89.2,99.54,91.78,8.16,59.08
2025-03-11 09:25:00,89.307,12729.703,38.96,327.005,132.424,94.0,89.69,100.19,92.12,6.75,59.07
2025-03-11 09:30:00,91.242,13139.729,39.39,327.0,132.527,94.07,91.15,100.33,92.81,8.51,59.06
2025-03-11 09:35:00,92.434,12643.335,39.772,337.824,131.203,94.85,90.58,99.51,92.65,8.54,59.05
2025-03-11 09:40:00,91.293,13309.169,39.478,329.253,127.883,94.31,90.0,99.15,91.58,7.75,59.04
2025-03-11 09:45:00,86.326,13084.996,39.031,327.494,132.008,93.15,88.21,99.22,91.59,7.92,59.03
2025-03-11 09:50:00,93.329,12548.76,39.241,329.694,133.339,92.52,89.42,98.69,91.62,9.06,59.03
2025-03-11 09:55:00,86.916,12742.949,39.652,327.109,126.455,93.1,88.3,98.24,90.17,7.72,59.02
2025-03-11 10:00:00,89.715,12533.442,39.922,329.772,121.578,91.79,87.6,97.55,89.6,8.43,59.01
2025-03-11 10:05:00,84.879,12613.884,39.571,315.593,129.655,91.1,88.0,96.97,89.21,7.36,59.0
2025-03-11 10:10:00,91.15,12715.506,39.749,326.802,128.988,91.77,87.8,97.68,89.85,9.11,58.99
2025-03-11 10:15:00,90.534,12540.783,39.823,329.72,127.921,91.03,87.16,96.87,89.02,6.49,58.98
2025-03-11 10:20:00,85.176,12683.072,39.087,326.448,127.83,90.16,86.57,96.79,88.22,8.89,58.97
2025-03-11 10:25:00,85.891,12670.49,39.088,326.796,127.61,90.57,86.2,96.4,88.62,8.23,58.97
2025-03-11 10:30:00,92.526,12360.363,39.683,325.846,130.932,90.2,85.46,96.04,87.7,8.26,58.96
2025-03-11 10:35:00,85.656,12523.268,39.318,324.337,127.347,89.39,85.28,95.25,87.06,8.93,58.95
2025-03-11 10:40:00,88.26,12820.444,40.003,323.438,127.659,89.63,85.18,96.05,87.59,9.64,58.94
2025-03-11 10:45:00,86.275,12715.211,39.995,329.319,129.382,89.92,85.31,95.47,87.86,8.77,58.93
2025-03-11 10:50:00,90.936,12744.17,39.742,324.046,126.909,90.59,87.69,97.43,88.48,9.35,58.92
2025-03-11 10:55:00,91.713,12628.678,39.654,326.289,127.02,90.47,86.85,96.71,88.61,10.36,58.91
2025-03-11 11:00:00,90.075,12908.742,39.853,327.55,129.918,90.13,86.39,97.15,88.53,9.0,58.9
2025-03-11 11:05:00,80.992,12317.048,39.501,325.354,124.843,89.62,86.01,95.29,87.87,9.55,58.9
2025-03-11 11:10:00,83.602,12579.041,40.435,328.462,124.927,89.51,84.84,94.94,86.33,11.24,58.89
2025-03-11 11:15:00,86.229,12896.37,39.634,327.984,128.7,88.73,85.1,94.86,86.24,9.27,58.88
2025-03-11 11:20:00,85.169,12557.524,39.544,325.252,124.715,88.96,84.49,94.77,87.18,8.28,58.87
2025-03-11 11:25:00,85.095,12642.884,39.539,331.411,122.73,89.58,85.1,95.1,87.7,10.39,58.86
2025-03-11 11:30:00,85.704,12547.679,39.404,328.187,125.979,88.8,84.18,95.09,86.22,10.71,58.85
2025-03-11 11:35:00,86.186,12678.218,39.763,329.368,125.632,87.17,83.84,93.64,85.94,9.71,58.84
2025-03-11 11:40:00,87.086,12652.359,39.376,328.247,129.316,86.57,82.83,92.66,84.45,10.91,58.83
2025-03-11 11:45:00,85.428,12600.724,40.169,325.341,121.882,87.29,82.28,92.28,85.55,11.34,58.83
2025-03-11 11:50:00,86.048,12724.169,39.309,329.482,126.181,86.79,83.33,92.66,84.61,9.63,58.82
2025-03-11 11:55:00,82.373,12920.724,39.615,332.935,128.121,86.41,83.03,92.31,84.98,9.39,58.81
2025-03-11 12:00:00,83.676,12836.925,40.226,324.864,127.185,87.7,84.01,93.95,86.28,11.97,58.8
2025-03-11 12:05:00,89.097,12832.465,39.531,325.17,129.311,87.33,82.4,93.11,86.09,11.3,58.79
2025-03-11 12:10:00,84.849,12438.249,39.787,331.242,121.902,87.19,83.1,92.89,84.17,11.27,58.78
2025-03-11 12:15:00,83.723,12362.358,40.008,323.854,131.143,87.25,83.62,94.05,85.84,11.02,58.77
2025-03-11 12:20:00,88.398,12700.891,39.904,330.038,122.75,87.32,82.73,92.86,84.97,8.53,58.77
2025-03-11 12:25:00,85.61,12388.953,40.321,326.45,122.366,86.11,81.27,91.57,83.84,10.09,58.76
2025-03-11 12:30:00,85.434,12484.511,40.145,329.757,128.91,85.81,82.29,91.82,83.47,9.9,58.75
2025-03-11 12:35:00,81.404,12402.342,38.996,318.69,127.118,86.91,82.34,92.49,84.39,10.65,58.74
2025-03-11 12:40:00,86.525,12395.877,39.295,332.364,125.062,86.82,82.33,92.13,84.55,10.97,58.73
2025-03-11 12:45:00,82.655,12571.044,39.84,326.019,129.641,87.5,83.27,93.25,85.5,10.52,58.72
2025-03-11 12:50:00,88.294,12299.385,39.488,324.705,125.579,86.95,82.6,92.95,84.7,9.71,58.71
2025-03-11 12:55:00,85.981,12866.596,39.801,323.298,124.033,87.54,83.71,93.72,86.08,11.88,58.7
2025-03-11 13:00:00,79.457,12638.79,39.716,323.176,127.32,87.8,84.2,94.06,85.32,9.69,58.7
2025-03-11 13:05:00,84.638,12635.075,40.028,331.601,129.896,86.14,83.17,92.97,84.82,10.34,58.69
2025-03-11 13:10:00,89.854,12916.048,39.442,325.217,121.743,86.29,82.66,92.73,84.31,9.46,58.68
2025-03-11 13:15:00,85.842,12375.993,39.536,323.812,125.768,87.46,82.21,92.95,85.34,10.04,58.67
2025-03-11 13:20:00,81.688,12401.636,40.038,327.86,125.12,85.77,80.87,92.03,83.74,12.78,58.66
2025-03-11 13:25:00,86.498,12216.153,39.675,326.97,127.524,86.3,82.06,92.36,84.19,11.26,58.65
2025-03-11 13:30:00,84.195,12462.031,38.893,321.189,123.246,85.33,81.3,91.92,83.45,9.02,58.64
2025-03-11 13:35:00,86.355,12565.163,39.925,318.429,120.165,85.97,82.13,91.47,84.82,10.07,58.63
2025-03-11 13:40:00,82.955,12593.517,40.154,327.787,118.716,87.15,83.1,92.57,84.38,10.85,58.63
2025-03-11 13:45:00,87.144,12748.527,39.826,327.257,130.34,87.54,83.11,93.62,84.67,10.26,58.62
2025-03-11 13:50:00,84.564,12535.877,39.812,321.046,127.113,87.13,83.63,93.61,85.15,10.8,58.61
2025-03-11 13:55:00,85.263,12514.196,40.052,328.537,123.988,86.85,83.81,92.88,84.67,11.28,58.6
2025-03-11 14:00:00,80.364,12118.33,39.153,328.196,122.272,87.93,83.6,93.15,85.64,9.21,58.59
2025-03-11 14:05:00,85.165,12549.162,39.327,322.417,127.717,87.07,83.3,93.5,85.7,10.58,58.58
2025-03-11 14:10:00,85.382,12627.813,39.996,331.506,126.676,87.76,83.77,93.63,85.54,9.98,58.57
2025-03-11 14:15:00,82.702,12717.42,39.672,325.027,124.001,87.17,83.29,93.33,85.43,11.88,58.57
2025-03-11 14:20:00,84.034,12437.07,39.569,322.896,131.732,87.81,83.21,93.79,85.63,9.89,58.56
2025-03-11 14:25:00,90.319,12728.486,38.986,329.968,124.173,88.51,84.36,94.2,86.33,12.29,58.55
2025-03-11 14:30:00,86.109,12617.572,40.099,327.529,125.373,88.77,83.76,94.85,86.91,10.59,58.54
2025-03-11 14:35:00,90.045,12163.9,39.838,328.43,125.919,89.34,85.47,94.82,87.16,10.52,58.53
2025-03-11 14:40:00,88.881,12568.348,39.56,326.999,130.227,89.75,86.43,95.92,88.86,8.11,58.52
2025-03-11 14:45:00,91.481,12906.467,39.547,322.641,129.404,90.19,86.42,95.85,87.25,11.77,58.51
2025-03-11 14:50:00,88.095,12536.218,39.915,313.069,127.625,90.71,86.69,96.18,88.39,10.48,58.51
2025-03-11 14:55:00,87.603,12689.958,39.481,319.791,130.845,90.88,85.82,96.4,88.53,10.4,58.5
2025-03-11 15:00:00,85.902,12200.263,39.607,326.63,125.528,90.65,86.15,96.18,87.99,11.27,58.49
2025-03-11 15:05:00,84.947,12662.413,39.554,319.381,124.834,90.93,86.01,96.33,88.86,9.84,58.48
2025-03-11 15:10:00,88.523,12865.067,39.793,323.273,128.239,90.95,87.71,96.93,88.95,10.53,58.47
2025-03-11 15:15:00,86.04,12816.396,39.313,321.202,126.927,90.55,85.82,95.81,87.93,10.93,58.46
2025-03-11 15:20:00,83.623,12484.166,39.77,324.456,128.985,91.3,87.29,96.87,89.0,9.64,58.46
2025-03-11 15:25:00,90.096,12567.135,39.95,318.512,125.965,92.13,88.06,97.52,89.59,10.66,58.45
2025-03-11 15:30:00,85.071,12949.806,39.253,316.046,125.711,91.68,88.15,97.52,89.59,11.11,58.44
2025-03-11 15:35:00,88.507,12163.805,39.8,319.904,122.105,91.76,86.88,96.22,88.72,10.48,58.43
2025-03-11 15:40:00,85.636,12485.776,39.669,319.952,122.235,91.24,86.86,96.34,88.57,10.75,58.42
2025-03-11 15:45:00,84.318,12782.064,40.274,323.141,128.238,91.12,86.69,96.87,88.97,10.49,58.41
2025-03-11 15:50:00,89.378,12496.023,40.004,320.613,124.038,90.41,87.06,97.0,88.54,11.19,58.41
2025-03-11 15:55:00,86.687,12630.332,39.244,321.893,125.073,90.26,87.38,96.52,88.77,10.66,58.4
2025-03-11 16:00:00,87.722,12782.834,39.513,319.004,132.798,91.64,86.44,97.63,88.92,9.36,58.39
2025-03-11 16:05:00,84.917,12725.246,39.398,325.832,128.461,90.39,87.15,96.39,88.61,9.2,58.38
2025-03-11 16:10:00,88.399,12487.679,39.846,322.513,132.816,90.28,85.93,96.36,88.1,10.66,58.37
2025-03-11 16:15:00,86.489,12635.576,39.796,318.467,126.099,90.6,86.02,95.95,88.17,9.37,58.37
2025-03-11 16:20:00,88.173,12751.772,39.674,321.754,128.669,90.88,85.97,96.58,88.16,9.55,58.36
2025-03-11 16:25:00,88.561,12499.749,40.245,310.539,125.357,89.82,86.94,95.81,88.28,9.48,58.35
2025-03-11 16:30:00,85.197,12512.937,39.413,316.384,127.854,90.17,86.13,96.34,88.22,9.23,58.34
2025-03-11 16:35:00,84.123,12745.927,39.423,319.697,126.505,90.31,85.97,96.25,87.54,8.34,58.33
2025-03-11 16:40:00,88.767,12575.772,39.941,320.065,127.562,91.28,87.05,96.47,88.99,7.77,58.32
2025-03-11 16:45:00,82.469,12486.754,39.969,321.426,124.978,89.66,85.4,94.99,87.97,10.01,58.32
2025-03-11 16:50:00,84.397,12828.625,39.777,320.165,129.223,90.48,86.14,97.19,87.21,8.4,58.31
2025-03-11 16:55:00,85.179,12678.453,39.727,322.994,124.374,88.48,85.95,96.29,87.12,7.77,58.3
2025-03-11 17:00:00,88.83,12594.357,39.281,316.587,122.346,89.2,85.02,95.43,87.09,9.86,58.29
2025-03-11 17:05:00,87.768,12789.603,39.493,318.742,127.084,88.49,84.44,93.65,86.1,7.98,58.28
2025-03-11 17:10:00,85.273,12382.414,39.791,323.306,127.123,87.95,83.15,93.65,85.72,9.29,58.28
2025-03-11 17:15:00,82.126,12270.649,39.101,326.273,125.358,87.98,83.65,94.01,86.1,9.51,58.27
2025-03-11 17:20:00,84.162,12904.862,39.577,323.229,126.433,86.57,83.13,93.33,85.19,8.26,58.26
2025-03-11 17:25:00,87.985,12561.454,39.347,320.748,123.72,85.72,82.05,92.52,84.25,7.12,58.25
2025-03-11 17:30:00,87.433,12355.181,39.638,318.035,125.128,86.55,81.95,91.83,84.1,8.96,58.25
2025-03-11 17:35:00,82.596,12214.103,39.678,318.967,121.78,86.57,82.63,91.6,84.85,9.45,58.24
2025-03-11 17:40:00,83.616,12383.802,39.877,326.397,123.692,86.56,80.99,92.71,84.37,7.84,58.23
2025-03-11 17:45:00,85.863,12491.26,39.48,321.495,124.943,85.58,80.72,90.93,83.35,8.29,58.22
2025-03-11 17:50:00,87.603,12173.582,38.857,327.655,119.452,85.56,81.63,91.19,83.97,6.04,58.22
2025-03-11 17:55:00,84.434,12568.062,39.509,327.739,125.825,84.71,80.56,91.25,83.14,8.39,58.21
2025-03-11 18:00:00,84.92,12331.184,39.094,325.297,121.232,85.0,81.29,91.29,83.29,7.36,58.2
2025-03-11 18:05:00,89.254,12387.185,39.237,322.003,119.698,85.29,82.17,91.7,83.09,7.76,58.19
2025-03-11 18:10:00,84.401,12400.779,39.093,319.197,122.617,85.51,81.63,91.75,83.64,7.53,58.18
2025-03-11 18:15:00,90.466,12233.486,40.022,316.577,120.933,85.79,81.39,91.09,83.35,6.96,58.18
2025-03-11 18:20:00,90.566,12661.01,39.833,316.429,122.336,86.74,82.36,92.94,85.57,7.52,58.17
2025-03-11 18:25:00,87.356,12330.686,39.665,315.189,120.373,86.9,82.87,93.94,85.46,7.34,58.16
2025-03-11 18:30:00,85.297,12374.181,39.47,320.568,126.37,87.39,83.75,93.96,85.68,8.17,58.16
2025-03-11 18:35:00,84.908,12581.949,39.487,320.354,126.217,88.2,83.36,93.87,85.42,6.18,58.15
2025-03-11 18:40:00,84.023,12771.604,39.697,314.576,124.625,88.44,85.06,95.04,87.02,6.24,58.14
2025-03-11 18:45:00,86.988,12448.54,39.459,314.354,124.651,89.51,86.0,96.11,87.64,7.65,58.13
2025-03-11 18:50:00,87.08,12362.418,39.608,326.247,125.685,90.0,85.18,96.54,88.29,6.56,58.13
2025-03-11 18:55:00,85.885,12735.79,39.082,321.886,125.773,89.73,86.01,95.92,87.99,5.56,58.12
2025-03-11 19:00:00,84.335,12273.565,38.979,315.238,124.174,90.03,86.33,96.15,87.97,4.57,58.11
2025-03-11 19:05:00,84.127,12164.836,40.202,320.516,121.739,91.02,86.59,97.37,88.43,6.48,58.1
2025-03-11 19:10:00,89.55,12548.526,39.689,321.897,124.495,90.58,86.8,96.38,88.74,4.69,58.1
2025-03-11 19:15:00,87.685,12374.74,39.584,314.524,123.375,90.08,86.24,96.49,88.48,5.26,58.09
2025-03-11 19:20:00,88.879,12723.049,39.49,319.426,127.423,91.98,87.56,98.0,89.07,6.48,58.08
2025-03-11 19:25:00,88.534,12308.932,39.301,323.338,129.217,91.32,87.35,98.19,89.6,5.73,58.08
2025-03-11 19:30:00,89.387,12572.876,39.048,316.163,126.421,91.67,88.35,97.8,90.07,5.11,58.07
2025-03-11 19:35:00,92.585,12634.778,38.807,319.477,128.782,92.97,88.46,99.15,91.42,4.14,58.06
2025-03-11 19:40:00,90.43,12443.861,39.565,316.098,126.312,93.08,89.12,98.27,90.87,4.77,58.06
2025-03-11 19:45:00,92.558,12564.116,39.222,318.946,128.21,93.75,89.18,98.68,91.84,5.26,58.05
2025-03-11 19:50:00,82.836,12686.659,38.93,323.766,120.96,93.82,89.35,98.96,90.74,3.83,58.04
2025-03-11 19:55:00,92.722,12733.616,39.744,313.421,127.613,93.03,89.75,99.59,91.16,5.13,58.04
2025-03-11 20:00:00,90.18,12701.212,39.133,323.297,125.026,93.19,89.54,98.88,91.39,4.12,58.03
2025-03-11 20:05:00,87.642,13020.36,39.763,316.677,121.89,93.58,89.57,100.41,91.66,4.47,58.02
2025-03-11 20:10:00,90.526,12511.414,39.31,323.652,128.336,93.67,89.52,100.12,91.32,4.34,58.02
2025-03-11 20:15:00,97.104,12727.586,39.044,313.343,124.311,93.39,90.38,99.37,91.37,3.94,58.01
2025-03-11 20:20:00,93.079,12420.895,39.051,324.127,122.69,92.97,87.29,97.38,90.33,3.76,58.0
2025-03-11 20:25:00,87.901,12586.108,39.132,315.543,126.66,91.75,88.36,98.74,90.72,5.68,58.0
2025-03-11 20:30:00,83.662,12570.559,39.216,318.17,125.764,91.3,87.24,98.43,89.98,4.92,57.99
2025-03-11 20:35:00,91.299,12446.043,38.723,321.847,128.865,91.9,88.18,98.29,90.48,4.68,57.98
2025-03-11 20:40:00,96.894,12520.094,39.393,316.042,127.066,93.84,89.54,99.25,91.08,3.77,57.98
2025-03-11 20:45:00,91.91,12821.736,39.788,311.881,129.402,93.99,90.06,99.56,92.12,3.46,57.97
2025-03-11 20:50:00,88.744,12833.516,39.283,317.759,124.341,94.61,90.34,99.26,92.56,4.23,57.96
2025-03-11 20:55:00,89.934,12490.874,39.581,315.983,128.121,93.8,91.12,99.91,92.36,2.96,57.96
2025-03-11 21:00:00,84.553,12889.944,39.076,308.822,123.981,94.36,91.49,100.07,92.96,2.71,57.95
2025-03-11 21:05:00,88.364,12418.43,38.395,314.992,128.691,95.02,91.3,100.49,92.67,4.03,57.95
2025-03-11 21:10:00,91.981,12767.853,38.716,315.85,127.714,94.09,91.51,99.74,92.68,3.2,57.94
2025-03-11 21:15:00,93.262,12709.815,38.423,317.244,121.618,94.89,91.1,100.02,93.43,1.69,57.93
2025-03-11 21:20:00,91.018,12271.745,38.819,314.501,124.538,94.89,90.77,100.06,92.91,2.79,57.93
2025-03-11 21:25:00,92.721,12611.546,38.98,313.739,122.698,95.41,91.74,99.75,93.1,2.85,57.92
2025-03-11 21:30:00,89.549,12616.977,39.296,315.983,124.653,95.29,91.32,99.45,93.08,2.93,57.92
2025-03-11 21:35:00,94.403,12819.303,38.612,318.769,125.078,95.19,90.35,99.81,93.5,2.31,57.91
2025-03-11 21:40:00,94.777,12476.317,38.519,323.454,122.813,94.65,90.89,100.4,93.53,1.15,57.9
2025-03-11 21:45:00,93.577,12340.386,38.738,311.002,124.052,94.59,90.87,100.57,93.16,2.51,57.9
2025-03-11 21:50:00,90.354,13050.063,39.6,313.69,121.07,95.48,91.01,100.18,93.25,3.58,57.89
2025-03-11 21:55:00,90.414,12482.532,38.537,324.245,126.143,95.19,91.92,99.71,93.13,1.52,57.89
2025-03-11 22:00:00,90.806,12426.374,39.515,315.367,127.684,94.79,91.26,100.25,93.49,3.52,57.88
2025-03-11 22:05:00,94.021,12339.433,38.748,311.087,121.984,94.54,90.8,99.55,92.58,1.53,57.88
2025-03-11 22:10:00,92.947,12271.521,39.163,319.115,128.755,94.85,90.46,99.58,93.79,1.67,57.87
2025-03-11 22:15:00,88.724,12713.727,38.349,315.478,124.943,94.96,91.4,100.25,92.71,1.34,57.86
2025-03-11 22:20:00,89.561,12586.253,38.998,311.68,127.19,95.86,91.41,100.41,92.45,1.6,57.86
2025-03-11 22:25:00,94.364,12779.866,38.861,311.749,120.167,95.48,90.78,100.13,92.63,2.61,57.85
2025-03-11 22:30:00,91.198,12616.181,39.125,313.365,126.656,95.04,91.5,99.71,92.73,2.92,57.85
2025-03-11 22:35:00,91.667,12202.179,39.393,315.094,123.362,95.11,91.21,99.98,93.14,2.65,57.84
2025-03-11 22:40:00,94.523,12688.816,38.739,320.604,124.837,94.55,91.48,100.12,92.88,1.83,57.84
2025-03-11 22:45:00,85.102,12765.322,38.982,315.802,127.244,95.12,90.86,99.33,92.77,2.06,57.83
2025-03-11 22:50:00,90.348,12771.872,38.41,316.073,123.539,94.96,91.31,100.94,93.12,1.53,57.83
2025-03-11 22:55:00,88.276,12566.778,39.138,316.905,131.16,94.94,91.72,100.33,92.71,1.29,57.82
2025-03-11 23:00:00,95.197,12338.235,38.665,314.272,127.534,95.0,90.92,99.68,93.25,0.49,57.82
2025-03-11 23:05:00,93.8,12675.474,39.38,318.678,123.059,94.73,90.7,100.8,93.52,1.14,57.81
2025-03-11 23:10:00,89.176,12412.29,38.649,309.815,123.863,94.67,91.61,99.65,92.68,1.28,57.81
2025-03-11 23:15:00,90.285,12526.26,38.805,309.554,124.066,95.38,90.55,99.59,92.59,0.05,57.8
2025-03-11 23:20:00,91.749,12744.754,38.137,309.43,131.309,94.98,90.61,99.33,93.18,1.76,57.8
2025-03-11 23:25:00,88.025,12669.384,38.796,309.83,122.459,94.6,91.07,99.66,93.32,1.24,57.79
2025-03-11 23:30:00,88.661,12731.815,39.092,319.023,125.551,94.9,90.64,99.86,92.79,0.77,57.79
2025-03-11 23:35:00,93.486,12443.179,38.323,314.593,127.269,95.38,90.61,99.82,93.4,1.41,57.78
2025-03-11 23:40:00,90.409,12458.722,39.564,311.838,125.08,94.89,90.46,100.45,92.31,1.15,57.78
2025-03-11 23:45:00,93.438,12622.713,38.589,318.425,127.762,94.7,90.73,99.7,93.5,1.35,57.77
2025-03-11 23:50:00,93.346,12725.702,38.628,314.771,128.382,94.7,90.06,100.61,93.12,-0.16,57.77
2025-03-11 23:55:00,91.193,12501.257,38.886,311.077,123.646,95.2,91.44,99.87,93.38,0.49,57.77
2025-03-12 00:00:00,91.745,12734.979,39.06,315.64,121.166,94.94,90.81,100.54,92.88,-0.45,57.76
2025-03-12 00:05:00,94.852,12397.553,38.299,319.616,121.013,95.31,91.01,99.63,92.56,0.13,57.76
2025-03-12 00:10:00,89.638,12808.288,38.425,311.754,122.386,94.69,90.53,100.26,93.1,0.42,57.75
2025-03-12 00:15:00,89.033,12566.98,39.182,310.551,128.573,95.11,90.35,100.18,93.31,0.18,57.75
2025-03-12 00:20:00,92.007,12647.515,38.271,310.62,123.744,94.68,91.47,100.4,93.62,1.51,57.74
2025-03-12 00:25:00,94.17,12735.143,38.718,312.637,128.694,94.84,91.41,98.55,92.78,-1.11,57.74
2025-03-12 00:30:00,96.828,12814.86,38.271,312.6,121.07,95.2,91.16,99.17,93.48,0.77,57.74
2025-03-12 00:35:00,90.803,12761.377,38.863,318.385,123.419,94.88,91.24,100.23,92.37,-0.82,57.73
2025-03-12 00:40:00,89.286,12524.28,38.21,316.721,124.955,94.84,91.39,100.08,91.94,0.26,57.73
2025-03-12 00:45:00,93.058,13086.421,38.964,306.51,121.891,94.98,91.12,100.41,93.28,-0.47,57.72
2025-03-12 00:50:00,96.606,12259.156,38.524,311.569,125.137,94.71,90.73,99.73,92.73,0.73,57.72
2025-03-12 00:55:00,93.71,12872.696,38.187,312.031,125.879,95.16,91.28,100.59,93.27,-1.89,57.72
2025-03-12 01:00:00,95.307,12821.043,39.145,311.035,123.458,95.16,90.03,99.33,92.41,-0.07,57.71
2025-03-12 01:05:00,90.359,12894.119,39.304,312.836,122.476,94.91,90.45,99.24,92.25,-1.42,57.71
2025-03-12 01:10:00,88.234,12528.726,38.89,306.064,125.862,95.02,90.53,99.72,93.34,1.1,57.71
2025-03-12 01:15:00,88.229,12360.687,38.687,317.617,122.56,95.52,91.42,100.15,92.74,-0.1,57.7
2025-03-12 01:20:00,94.993,12446.177,38.707,309.22,125.285,94.36,90.8,99.57,93.24,0.1,57.7
2025-03-12 01:25:00,91.375,12614.801,38.942,313.702,129.367,94.48,91.68,99.88,93.02,-0.42,57.69
2025-03-12 01:30:00,91.733,12520.369,38.448,309.386,125.086,95.46,91.12,100.1,92.53,-1.01,57.69
2025-03-12 01:35:00,91.928,12547.904,38.663,317.832,126.958,95.0,91.11,100.03,92.46,0.32,57.69
2025-03-12 01:40:00,89.826,12247.783,39.112,313.927,129.02,94.62,90.53,99.12,92.94,-1.77,57.68
2025-03-12 01:45:00,91.921,12354.849,39.086,313.653,124.593,94.37,91.39,99.75,92.85,0.85,57.68
2025-03-12 01:50:00,95.201,12898.932,38.658,310.147,130.087,94.71,90.96,100.08,92.28,0.06,57.68
2025-03-12 01:55:00,86.832,12548.202,39.179,307.393,124.76,94.76,91.56,100.62,92.68,1.76,57.68
2025-03-12 02:00:00,90.688,12461.465,39.471,315.279,127.573,94.65,91.05,100.08,93.14,-0.47,57.67
2025-03-12 02:05:00,91.627,12557.659,39.055,304.581,122.489,94.19,91.14,100.48,92.92,-1.13,57.67
2025-03-12 02:10:00,95.345,12419.589,38.08,312.797,124.602,95.08,91.42,99.82,92.45,-0.16,57.67
2025-03-12 02:15:00,90.859,12688.289,38.801,315.423,122.254,95.49,91.09,99.83,92.71,-0.99,57.66
2025-03-12 02:20:00,89.87,12396.695,38.038,316.2,121.606,94.74,91.96,99.28,92.61,0.11,57.66
2025-03-12 02:25:00,89.287,12502.738,39.317,314.851,128.507,95.15,90.51,99.52,93.4,0.68,57.66
2025-03-12 02:30:00,91.619,12554.428,38.615,311.125,122.668,94.53,90.79,100.23,93.03,-1.43,57.66
2025-03-12 02:35:00,86.917,12684.551,38.363,309.967,122.265,95.57,90.64,99.73,92.79,-0.11,57.65
2025-03-12 02:40:00,89.958,12745.233,39.504,311.612,126.655,95.25,90.69,99.88,92.52,0.16,57.65
2025-03-12 02:45:00,94.831,12469.239,39.429,320.713,127.442,95.29,90.75,99.92,93.22,-0.9,57.65
2025-03-12 02:50:00,92.028,12427.326,38.144,316.79,125.719,95.29,91.21,99.24,92.87,0.71,57.65
2025-03-12 02:55:00,90.369,12390.081,38.537,319.534,126.057,95.2,90.68,99.31,93.62,-0.22,57.64
2025-03-12 03:00:00,93.601,12375.516,38.757,320.223,122.067,94.77,91.12,99.95,93.18,-0.22,57.64
2025-03-12 03:05:00,94.417,12223.533,38.442,314.441,126.63,95.03,91.3,100.66,92.46,0.52,57.64
2025-03-12 03:10:00,91.178,12545.422,38.537,311.399,123.929,95.38,90.74,100.1,92.53,-0.5,57.64
2025-03-12 03:15:00,90.14,12785.914,38.786,313.682,125.89,95.99,91.74,99.5,93.45,0.51,57.63
2025-03-12 03:20:00,93.23,12252.004,39.166,310.435,125.672,94.39,91.26,99.55,93.25,-0.32,57.63
2025-03-12 03:25:00,89.463,12489.21,38.952,312.154,127.611,95.0,90.46,99.63,92.49,0.53,57.63
2025-03-12 03:30:00,91.745,12825.384,39.034,315.266,125.621,94.88,90.71,99.18,92.38,-0.39,57.63
2025-03-12 03:35:00,89.975,12681.883,38.23,315.94,122.448,94.22,90.69,98.84,93.16,0.37,57.63
2025-03-12 03:40:00,94.519,12682.018,38.837,319.179,126.678,95.27,90.78,99.18,93.02,0.28,57.62
2025-03-12 03:45:00,94.308,12653.116,38.323,314.573,126.482,95.55,91.24,99.82,93.16,-0.93,57.62
2025-03-12 03:50:00,93.068,12566.791,39.488,313.476,123.463,94.93,90.7,99.83,93.35,0.87,57.62
2025-03-12 03:55:00,91.47,12536.975,39.302,309.056,122.801,95.07,91.4,99.57,92.65,0.71,57.62
2025-03-12 04:00:00,92.585,12306.341,39.23,312.429,121.287,94.56,91.0,99.78,92.6,0.94,57.62
2025-03-12 04:05:00,84.483,12547.884,38.652,319.582,122.846,94.76,91.29,99.4,93.42,1.17,57.62
2025-03-12 04:10:00,92.044,12190.016,38.862,307.747,127.383,95.06,91.07,99.75,93.37,2.04,57.62
2025-03-12 04:15:00,88.267,12427.019,39.021,315.652,126.355,95.43,91.0,100.0,93.34,0.76,57.61
2025-03-12 04:20:00,91.69,12501.688,40.055,317.908,125.486,94.93,90.75,99.69,92.84,2.31,57.61
2025-03-12 04:25:00,88.375,12376.729,38.71,308.146,126.942,95.57,90.74,99.96,93.12,0.11,57.61
2025-03-12 04:30:00,89.779,12370.406,39.036,312.599,127.085,95.42,90.52,100.66,93.14,1.31,57.61
2025-03-12 04:35:00,94.747,12448.803,38.773,315.274,124.522,95.62,90.97,99.78,93.1,3.08,57.61
2025-03-12 04:40:00,89.725,12489.963,39.298,315.347,123.981,94.35,90.87,99.6,93.6,2.16,57.61
2025-03-12 04:45:00,91.731,12705.298,38.563,312.698,126.127,95.49,91.25,100.48,93.92,1.95,57.61
2025-03-12 04:50:00,92.632,12309.436,39.841,312.711,121.807,94.61,90.88,100.18,92.62,1.24,57.61
2025-03-12 04:55:00,94.239,12439.396,38.66,311.013,122.743,95.17,90.16,99.84,93.28,3.08,57.61
2025-03-12 05:00:00,92.523,12364.636,38.702,310.118,126.415,95.55,91.26,100.14,92.58,1.88,57.6
2025-03-12 05:05:00,92.805,12763.039,39.315,315.508,122.386,94.89,91.24,99.98,92.92,2.7,57.6
2025-03-12 05:10:00,91.956,12653.858,38.668,312.289,124.443,94.46,91.04,99.3,93.06,2.37,57.6
2025-03-12 05:15:00,87.179,12598.606,38.753,311.725,123.452,94.63,91.01,100.4,93.25,2.03,57.6
2025-03-12 05:20:00,91.103,12365.882,38.95,305.881,123.322,94.97,90.9,100.11,92.5,0.46,57.6
2025-03-12 05:25:00,94.808,12420.727,38.819,310.097,124.576,95.27,91.36,99.91,92.9,2.42,57.6
2025-03-12 05:30:00,90.09,12672.884,38.355,327.45,122.418,94.52,91.37,99.56,93.13,1.13,57.6
2025-03-12 05:35:00,93.43,12533.053,38.88,317.001,123.743,94.54,91.27,99.95,92.87,2.93,57.6
2025-03-12 05:40:00,93.625,12760.924,38.464,312.084,122.477,95.07,91.18,100.05,92.87,2.49,57.6
2025-03-12 05:45:00,93.506,12693.842,38.696,306.153,126.084,94.88,91.44,99.7,92.48,2.28,57.6
2025-03-12 05:50:00,91.85,12563.483,39.192,316.684,124.396,94.38,90.62,100.28,92.1,4.92,57.6
2025-03-12 05:55:00,97.057,12702.948,39.059,318.482,127.54,94.64,91.07,100.03,92.47,3.72,57.6
2025-03-12 06:00:00,95.609,12576.592,39.553,311.981,122.025,94.26,90.76,99.19,92.77,2.43,57.6
2025-03-12 06:05:00,87.501,12646.569,38.454,316.005,125.1,94.22,90.57,99.96,92.42,1.75,57.6
2025-03-12 06:10:00,87.133,12570.315,38.939,310.844,129.889,93.88,90.12,100.72,92.4,2.64,57.6
2025-03-12 06:15:00,93.503,12360.17,39.23,316.092,126.561,92.4,88.38,98.25,90.69,4.77,57.6
2025-03-12 06:20:00,88.344,12969.144,39.573,309.696,124.85,92.79,88.14,99.22,91.2,2.77,57.6
2025-03-12 06:25:00,89.135,12320.844,39.181,306.713,120.386,92.6,89.16,99.67,90.82,3.05,57.6
2025-03-12 06:30:00,88.773,12546.401,39.203,303.253,124.519,91.91,87.72,97.58,90.07,4.7,57.6
2025-03-12 06:35:00,85.382,12416.489,39.488,314.537,121.156,91.12,86.91,97.56,88.62,6.29,57.6
2025-03-12 06:40:00,89.008,12464.058,38.915,309.273,124.857,91.28,87.72,97.4,89.83,2.91,57.6
2025-03-12 06:45:00,91.667,12543.752,39.062,323.089,122.563,91.94,88.22,98.37,90.1,3.92,57.6
2025-03-12 06:50:00,91.185,12073.342,39.07,318.075,120.111,90.58,87.01,96.91,89.0,4.95,57.6
2025-03-12 06:55:00,92.105,12430.698,39.32,314.972,125.372,90.14,86.55,95.83,88.4,5.62,57.6
2025-03-12 07:00:00,89.626,12605.722,38.803,310.786,123.871,90.65,86.08,95.95,88.16,4.43,57.6
2025-03-12 07:05:00,88.371,12548.15,39.302,315.614,124.995,90.2,86.33,95.88,87.53,3.93,57.61
2025-03-12 07:10:00,89.437,12289.616,39.097,308.121,121.043,91.58,87.37,96.85,89.96,4.28,57.61
2025-03-12 07:15:00,88.358,12471.143,39.105,310.028,122.823,91.55,87.8,98.17,90.55,6.52,57.61
2025-03-12 07:20:00,88.643,12490.794,38.945,302.377,124.65,92.12,87.42,97.91,90.13,5.36,57.61
2025-03-12 07:25:00,93.552,12298.848,39.809,308.89,127.252,91.89,88.14,98.51,89.2,5.08,57.61
2025-03-12 07:30:00,90.179,12725.78,39.769,311.042,124.529,92.82,89.11,98.42,90.56,5.64,57.61
2025-03-12 07:35:00,91.217,12145.481,38.943,308.14,123.935,91.97,88.54,98.57,90.98,6.38,57.61
2025-03-12 07:40:00,93.64,12587.688,38.8,319.394,123.871,92.24,89.29,99.93,90.29,5.73,57.61
2025-03-12 07:45:00,93.282,12171.3,38.826,313.443,124.339,93.08,88.15,99.43,90.83,5.4,57.61
2025-03-12 07:50:00,88.886,12369.092,39.286,307.545,124.296,93.18,89.12,98.84,91.69,5.26,57.62
2025-03-12 07:55:00,86.612,12513.159,38.99,314.578,124.495,93.64,89.29,99.58,90.96,5.73,57.62
2025-03-12 08:00:00,86.366,12689.379,39.601,316.351,120.505,92.19,88.2,97.92,90.98,7.63,57.62
2025-03-12 08:05:00,86.199,12717.407,39.311,309.155,127.567,92.82,88.91,98.96,90.26,5.98,57.62
2025-03-12 08:10:00,85.474,12650.339,39.331,312.102,119.966,93.38,89.33,99.36,92.0,5.45,57.62
2025-03-12 08:15:00,87.742,12375.432,39.419,311.377,122.114,92.83,89.0,99.4,90.64,6.35,57.62
2025-03-12 08:20:00,88.222,12444.215,39.151,320.117,121.269,94.42,90.5,99.92,91.49,6.53,57.62
2025-03-12 08:25:00,92.667,12514.094,39.286,311.817,123.556,93.49,89.62,99.6,92.86,6.81,57.63
2025-03-12 08:30:00,90.194,12238.265,39.681,312.731,128.532,94.15,89.0,99.67,91.88,5.42,57.63
2025-03-12 08:35:00,92.109,12862.498,39.036,307.613,127.315,93.71,89.8,99.63,92.12,8.02,57.63
2025-03-12 08:40:00,95.469,12387.699,40.257,315.874,120.786,95.34,91.2,99.1,92.96,6.66,57.63
2025-03-12 08:45:00,90.313,12479.83,40.496,307.806,123.785,95.26,90.6,100.25,92.68,7.99,57.63
2025-03-12 08:50:00,90.783,12477.243,39.674,309.601,120.55,94.39,90.94,99.74,92.87,9.06,57.64
2025-03-12 08:55:00,90.592,12608.448,39.536,309.946,125.164,94.3,90.51,99.55,92.96,7.12,57.64
2025-03-12 09:00:00,93.788,12349.009,39.152,312.016,120.953,94.32,90.06,99.21,91.77,6.2,57.64
2025-03-12 09:05:00,92.828,12506.941,39.31,318.618,122.005,94.8,91.64,100.16,92.85,6.85,57.64
2025-03-12 09:10:00,91.122,12392.891,39.496,309.86,126.545,94.24,90.71,100.08,93.38,8.4,57.65
2025-03-12 09:15:00,91.037,12517.981,39.823,309.762,124.346,93.37,89.42,99.72,91.28,7.84,57.65
2025-03-12 09:20:00,88.395,12629.77,39.3,312.033,125.579,93.52,89.51,99.83,91.45,6.86,57.65
2025-03-12 09:25:00,92.277,12537.309,39.148,307.112,124.123,93.05,88.34,99.38,91.26,7.78,57.65
2025-03-12 09:30:00,89.836,12519.817,39.626,309.864,126.539,93.27,88.95,99.49,91.32,8.74,57.66
2025-03-12 09:35:00,89.225,12449.638,40.314,315.755,123.971,91.61,87.21,98.36,90.13,9.22,57.66
2025-03-12 09:40:00,90.359,12560.085,39.28,313.361,123.133,90.79,86.56,97.08,88.86,10.43,57.66
2025-03-12 09:45:00,92.298,12458.002,38.952,313.181,123.377,91.25,86.92,97.44,89.43,7.89,57.66
2025-03-12 09:50:00,94.34,12304.191,39.451,315.214,126.204,91.2,86.78,97.31,89.2,9.66,57.67
2025-03-12 09:55:00,86.848,12416.238,39.36,317.875,124.414,91.12,87.01,96.64,89.1,7.24,57.67
2025-03-12 10:00:00,88.896,12667.219,38.791,316.996,126.959,90.69,86.74,97.48,88.46,7.66,57.67
2025-03-12 10:05:00,85.805,12720.987,39.542,312.29,122.881,90.26,85.75,94.95,87.3,7.02,57.68
2025-03-12 10:10:00,87.66,12290.887,38.883,308.34,123.861,89.27,85.08,94.56,86.9,8.86,57.68
2025-03-12 10:15:00,83.674,12336.192,39.651,311.017,122.94,88.33,84.6,93.71,86.77,8.92,57.68
2025-03-12 10:20:00,88.804,12228.06,39.588,316.688,122.463,88.93,84.47,94.69,86.98,9.18,57.68
2025-03-12 10:25:00,91.637,12402.125,39.733,316.922,124.121,88.6,84.75,94.36,86.05,8.89,57.69
2025-03-12 10:30:00,88.842,12459.915,39.137,314.185,120.459,88.4,84.03,94.28,85.95,9.07,57.69
2025-03-12 10:35:00,88.525,12220.513,39.06,315.534,121.463,87.16,84.03,94.07,85.75,10.95,57.69
2025-03-12 10:40:00,83.668,12479.122,39.093,314.585,118.657,88.91,84.44,94.82,86.52,9.83,57.7
2025-03-12 10:45:00,86.819,12350.305,39.155,314.093,123.779,88.88,84.22,94.83,86.64,10.16,57.7
2025-03-12 10:50:00,92.649,12526.475,39.905,303.683,124.17,89.11,84.66,94.74,87.51,8.55,57.71
2025-03-12 10:55:00,91.603,12544.066,38.972,308.154,121.873,88.48,84.9,94.42,86.3,10.24,57.71
2025-03-12 11:00:00,88.698,12255.401,39.614,320.972,125.261,90.06,85.86,95.44,88.45,9.19,57.71
2025-03-12 11:05:00,87.949,12233.717,39.436,318.415,126.152,90.34,85.76,96.34,87.56,8.89,57.72
2025-03-12 11:10:00,91.391,12485.686,39.962,313.159,124.93,90.27,86.32,96.74,88.06,9.14,57.72
2025-03-12 11:15:00,87.021,12340.818,39.791,323.024,123.104,90.69,86.93,97.16,88.06,10.92,57.72
2025-03-12 11:20:00,88.645,12525.359,39.691,312.749,124.598,90.15,85.97,96.1,88.34,9.15,57.73
2025-03-12 11:25:00,85.443,12590.428,39.487,314.217,120.895,90.17,87.14,96.25,87.86,9.16,57.73
2025-03-12 11:30:00,94.435,12224.393,39.572,317.257,125.673,91.1,87.81,97.5,89.38,8.21,57.74
2025-03-12 11:35:00,89.567,12963.637,39.729,308.007,128.527,90.98,87.52,97.85,89.54,9.75,57.74
2025-03-12 11:40:00,89.367,12321.766,39.56,309.932,128.018,91.01,86.83,96.99,89.25,10.12,57.74
2025-03-12 11:45:00,87.834,12140.443,39.693,312.936,124.958,91.27,87.61,97.38,89.48,8.66,57.75
2025-03-12 11:50:00,86.502,12577.094,38.723,313.933,122.197,92.07,87.75,97.75,90.03,10.1,57.75
2025-03-12 11:55:00,86.368,12474.09,39.467,312.499,127.014,91.6,87.49,96.91,88.8,10.68,57.76
2025-03-12 12:00:00,91.839,12464.57,39.663,312.327,123.891,90.7,87.02,97.42,89.45,10.61,57.76
2025-03-12 12:05:00,84.837,12525.07,39.812,314.455,125.849,92.19,87.96,98.45,90.13,10.15,57.77
2025-03-12 12:10:00,88.398,12459.482,39.23,314.599,123.994,91.72,87.33,97.6,90.06,11.43,57.77
2025-03-12 12:15:00,90.161,12456.295,39.309,312.214,123.604,91.19,88.31,97.43,89.91,9.69,57.77
2025-03-12 12:20:00,88.514,12727.546,39.208,314.321,124.997,90.81,86.79,96.63,88.81,11.25,57.78
2025-03-12 12:25:00,91.257,12273.282,40.059,315.811,126.706,90.89,87.75,97.74,89.44,9.73,57.78
2025-03-12 12:30:00,90.833,12280.468,39.975,308.246,123.413,91.63,87.96,97.86,89.06,10.51,57.79
2025-03-12 12:35:00,92.85,12414.51,38.974,317.306,119.168,92.56,88.48,98.61,90.19,10.35,57.79
2025-03-12 12:40:00,91.088,12356.92,39.498,313.852,125.68,92.43,87.7,98.02,89.89,11.82,57.8
2025-03-12 12:45:00,91.343,12212.941,39.468,315.182,122.448,91.18,87.7,98.75,90.33,9.71,57.8
2025-03-12 12:50:00,93.485,12274.954,39.819,307.503,125.77,92.52,88.1,97.91,90.57,13.58,57.81
2025-03-12 12:55:00,93.991,12782.025,39.453,316.004,129.241,92.28,88.55,97.98,90.02,11.43,57.81
2025-03-12 13:00:00,91.446,12486.04,38.91,318.506,121.059,90.52,86.66,97.24,88.71,11.13,57.82
2025-03-12 13:05:00,91.971,12276.73,39.737,312.652,124.891,91.49,87.92,98.4,90.44,10.38,57.82
2025-03-12 13:10:00,87.528,12457.727,40.026,310.029,125.872,91.06,86.63,97.28,88.96,11.83,57.83
2025-03-12 13:15:00,85.699,12561.471,39.748,320.497,125.625,91.54,87.72,96.47,89.07,11.74,57.83
2025-03-12 13:20:00,91.971,12387.519,39.597,303.544,127.564,91.56,87.17,97.52,89.65,10.57,57.84
2025-03-12 13:25:00,90.189,12544.983,39.591,316.901,124.708,90.17,86.27,96.31,88.96,11.77,57.84
2025-03-12 13:30:00,89.156,12516.273,39.658,315.585,124.213,90.02,86.52,95.71,87.77,11.09,57.85
2025-03-12 13:35:00,91.605,12386.699,39.49,317.802,123.127,90.3,85.58,96.54,87.77,10.97,57.85
2025-03-12 13:40:00,88.561,12272.129,39.373,315.825,122.684,90.66,86.56,96.82,88.6,9.63,57.86
2025-03-12 13:45:00,85.985,12402.428,40.179,323.748,128.489,89.64,85.41,95.76,87.85,10.63,57.86
2025-03-12 13:50:00,86.575,12630.191,39.352,311.552,124.179,89.55,85.62,96.22,88.15,9.52,57.87
2025-03-12 13:55:00,89.964,12544.612,39.493,314.799,117.191,89.9,86.41,95.66,87.79,10.49,57.88
2025-03-12 14:00:00,91.192,12450.032,38.993,315.036,120.979,90.89,86.88,96.76,89.93,9.35,57.88
2025-03-12 14:05:00,85.231,12441.412,39.853,311.042,124.836,91.12,86.6,96.67,88.31,11.21,57.89
2025-03-12 14:10:00,87.231,12892.152,39.703,315.605,127.735,91.02,87.28,97.84,89.96,11.99,57.89
2025-03-12 14:15:00,88.133,12635.936,39.82,316.176,125.515,91.54,88.36,97.85,89.86,11.25,57.9
2025-03-12 14:20:00,88.082,12818.132,39.283,315.156,127.464,91.32,87.17,96.91,89.54,11.05,57.9
2025-03-12 14:25:00,92.67,12570.423,39.44,321.161,120.413,92.02,88.09,98.18,89.91,10.39,57.91
2025-03-12 14:30:00,95.098,12686.771,39.34,317.943,126.329,92.46,88.18,98.09,89.83,10.49,57.92
2025-03-12 14:35:00,91.699,12510.192,39.603,314.859,126.098,93.3,89.12,99.31,90.67,11.29,57.92
2025-03-12 14:40:00,92.862,12489.865,39.699,321.556,123.978,92.93,88.5,98.43,90.36,9.59,57.93
2025-03-12 14:45:00,88.688,12365.993,39.369,312.99,123.51,92.97,89.2,99.58,91.96,9.66,57.93
2025-03-12 14:50:00,92.859,12821.474,40.367,310.432,123.348,94.56,89.91,100.24,91.07,11.32,57.94
2025-03-12 14:55:00,91.909,12265.162,40.289,314.934,123.915,94.36,89.39,99.66,92.19,11.75,57.95
2025-03-12 15:00:00,92.761,12481.2,39.614,308.9,128.291,92.63,88.96,98.94,90.67,11.29,57.95
2025-03-12 15:05:00,87.79,12498.858,39.799,318.9,125.831,92.94,88.8,98.88,91.56,11.03,57.96
2025-03-12 15:10:00,88.412,12390.043,39.474,318.31,123.552,94.34,89.17,100.5,91.6,9.74,57.96
2025-03-12 15:15:00,94.698,12565.494,39.534,320.094,124.722,94.12,89.58,99.89,91.9,9.55,57.97
2025-03-12 15:20:00,91.646,12399.583,39.191,324.092,129.541,93.83,89.89,99.7,92.61,9.44,57.98
2025-03-12 15:25:00,96.27,12359.971,39.937,312.813,126.081,94.43,89.58,99.66,91.66,10.54,57.98
2025-03-12 15:30:00,91.631,12394.586,39.355,317.087,129.42,94.07,90.45,99.85,92.51,9.86,57.99
2025-03-12 15:35:00,91.128,12696.239,40.246,315.238,129.308,94.74,91.36,99.34,92.86,9.96,58.0
2025-03-12 15:40:00,89.131,12663.949,39.814,322.209,124.068,94.78,90.64,99.42,93.05,10.51,58.0
2025-03-12 15:45:00,86.835,12581.352,39.622,317.288,124.709,94.8,90.48,99.76,92.64,9.07,58.01
2025-03-12 15:50:00,93.502,12697.433,39.439,314.861,126.696,95.33,91.47,100.01,92.27,9.18,58.02
2025-03-12 15:55:00,94.126,12609.741,39.424,312.632,124.575,95.19,91.66,99.57,93.58,9.36,58.02
2025-03-12 16:00:00,91.048,12678.207,38.755,316.785,126.029,95.24,91.01,99.56,92.99,8.11,58.03
2025-03-12 16:05:00,90.069,12516.893,39.388,314.449,124.01,94.07,90.8,99.66,92.55,8.85,58.04
2025-03-12 16:10:00,91.715,12507.874,39.741,317.011,125.063,94.99,91.26,99.54,92.88,10.31,58.04
2025-03-12 16:15:00,95.367,12702.588,40.045,313.168,125.508,95.23,91.34,100.56,92.75,9.98,58.05
2025-03-12 16:20:00,94.008,12551.008,39.348,315.767,127.779,94.88,91.73,98.9,93.57,8.88,58.06
2025-03-12 16:25:00,92.888,12577.234,39.96,315.835,128.205,94.98,90.86,99.84,93.92,8.11,58.06
2025-03-12 16:30:00,91.959,12588.834,39.606,307.405,126.049,94.27,90.49,100.04,93.11,10.46,58.07
2025-03-12 16:35:00,90.285,12788.13,40.158,316.015,128.177,95.09,91.06,100.35,91.41,10.69,58.08
2025-03-12 16:40:00,90.671,13052.643,39.495,315.481,130.664,95.01,91.22,100.08,92.64,10.95,58.08
2025-03-12 16:45:00,93.549,12826.631,39.901,322.722,128.181,94.71,90.67,100.6,93.99,10.39,58.09
2025-03-12 16:50:00,91.503,12788.559,40.056,317.724,124.086,94.58,90.43,99.95,93.17,9.01,58.1
2025-03-12 16:55:00,91.804,12794.808,39.077,315.242,126.975,94.83,90.62,99.26,92.67,9.09,58.1
2025-03-12 17:00:00,92.391,12656.293,39.665,323.276,127.328,94.83,90.86,100.28,93.05,10.18,58.11
2025-03-12 17:05:00,90.811,12769.731,40.007,313.063,128.354,95.2,90.66,99.86,92.7,8.64,58.12
2025-03-12 17:10:00,92.159,12553.03,39.23,318.782,132.964,94.7,91.86,100.2,94.01,9.07,58.13
2025-03-12 17:15:00,91.113,12579.767,39.147,319.074,128.131,94.62,91.38,99.75,93.34,7.54,58.13
2025-03-12 17:20:00,91.338,12526.312,38.844,321.045,126.701,94.69,90.6,99.51,93.61,8.03,58.14
2025-03-12 17:25:00,87.958,12786.709,39.572,314.733,124.838,95.22,91.49,100.19,92.91,9.52,58.15
2025-03-12 17:30:00,92.464,12760.297,39.239,316.378,125.927,95.14,90.95,99.79,92.49,7.86,58.16
2025-03-12 17:35:00,87.719,12623.164,39.787,323.075,125.468,95.34,91.24,99.44,92.75,8.95,58.16
2025-03-12 17:40:00,96.658,12776.752,39.377,311.236,129.447,94.84,90.93,99.98,93.07,8.07,58.17
2025-03-12 17:45:00,92.459,12549.949,39.522,312.762,123.476,94.93,90.76,100.23,92.96,7.73,58.18
2025-03-12 17:50:00,91.233,12821.656,40.026,316.201,127.047,95.42,90.84,99.76,93.53,9.03,58.18
2025-03-12 17:55:00,92.321,12720.54,39.652,318.431,127.768,94.72,90.76,99.66,92.51,9.15,58.19
2025-03-12 18:00:00,90.867,12664.521,39.497,317.522,128.917,95.09,90.95,100.22,93.28,9.26,58.2
2025-03-12 18:05:00,91.606,12525.822,39.373,312.339,129.949,94.9,90.61,100.27,92.98,8.7,58.21
2025-03-12 18:10:00,92.572,12591.524,39.445,311.282,127.927,94.76,91.11,99.93,93.63,6.5,58.22
2025-03-12 18:15:00,89.527,12338.292,39.201,313.949,125.62,95.04,91.0,99.0,93.94,7.63,58.22
2025-03-12 18:20:00,86.803,12676.673,39.788,317.38,129.856,94.8,90.63,100.32,93.1,8.83,58.23
2025-03-12 18:25:00,95.738,12802.862,39.181,314.741,130.122,95.58,91.08,99.87,93.13,8.08,58.24
2025-03-12 18:30:00,91.808,12765.403,38.95,327.741,122.967,95.2,90.82,100.33,92.49,7.01,58.25
2025-03-12 18:35:00,86.427,12791.129,39.29,314.908,128.453,95.35,90.64,100.35,93.63,7.34,58.25
2025-03-12 18:40:00,90.121,12641.929,39.88,317.1,129.839,95.28,90.89,100.08,93.75,6.6,58.26
2025-03-12 18:45:00,93.78,13020.158,39.339,320.014,129.444,95.02,91.82,100.29,92.59,4.76,58.27
2025-03-12 18:50:00,89.321,12656.866,39.443,315.386,128.607,95.09,90.27,100.62,92.91,7.22,58.28
2025-03-12 18:55:00,91.068,12967.172,39.39,321.176,129.345,95.03,91.15,100.71,93.34,6.68,58.28
2025-03-12 19:00:00,90.67,12690.369,39.29,321.703,128.585,94.87,91.07,100.36,92.54,5.47,58.29
2025-03-12 19:05:00,91.747,12549.837,39.274,316.833,127.314,95.32,91.5,100.61,93.15,6.44,58.3
2025-03-12 19:10:00,91.769,12520.753,39.343,318.594,129.716,95.4,91.18,100.16,93.44,6.67,58.31
2025-03-12 19:15:00,92.733,12279.072,38.985,324.771,129.397,95.14,90.54,100.08,93.06,5.93,58.32
2025-03-12 19:20:00,90.468,13015.823,39.32,312.778,128.746,95.12,90.87,99.87,92.56,4.47,58.32
2025-03-12 19:25:00,90.875,12798.08,39.04,327.014,131.06,94.94,90.82,100.21,92.62,5.91,58.33
2025-03-12 19:30:00,85.833,12501.148,39.113,325.282,129.529,96.22,90.97,99.67,92.97,5.92,58.34
2025-03-12 19:35:00,91.325,12953.912,39.044,322.418,131.157,95.2,90.21,99.95,93.32,3.69,58.35
2025-03-12 19:40:00,89.713,12632.697,39.063,310.952,130.279,95.58,91.27,99.97,92.52,5.16,58.36
2025-03-12 19:45:00,87.656,12669.86,39.61,323.75,124.991,94.48,90.69,99.59,92.85,6.73,58.37
2025-03-12 19:50:00,94.952,12677.337,39.509,322.602,128.511,94.8,91.21,99.4,92.49,5.99,58.37
2025-03-12 19:55:00,91.547,12792.387,39.904,315.068,124.373,95.03,91.54,100.16,92.97,5.97,58.38
2025-03-12 20:00:00,88.655,12647.948,39.389,320.907,133.716,94.93,91.17,99.6,93.05,5.54,58.39
2025-03-12 20:05:00,87.734,12639.076,39.277,317.221,130.839,93.96,91.21,100.04,93.59,4.8,58.4
2025-03-12 20:10:00,88.203,12773.013,39.53,318.603,129.973,94.81,90.72,100.27,93.33,3.26,58.41
2025-03-12 20:15:00,89.708,12735.377,39.43,325.055,128.33,95.02,91.22,100.38,92.19,4.5,58.41
2025-03-12 20:20:00,91.632,12851.245,39.748,322.141,129.719,94.96,91.01,99.78,93.0,5.28,58.42
2025-03-12 20:25:00,90.525,12832.722,39.312,322.133,127.82,95.68,90.27,100.01,92.96,4.54,58.43
2025-03-12 20:30:00,89.492,12386.938,39.462,312.033,124.925,94.55,90.89,100.18,92.45,3.67,58.44
2025-03-12 20:35:00,89.805,12791.582,39.431,321.206,125.175,95.11,91.46,100.73,93.54,4.48,58.45
2025-03-12 20:40:00,86.816,12651.095,38.857,323.722,131.46,94.54,91.6,99.82,93.81,3.96,58.46
2025-03-12 20:45:00,90.909,12870.97,39.481,320.191,126.73,94.59,90.39,99.59,92.91,3.97,58.46
2025-03-12 20:50:00,95.561,12692.908,38.803,321.633,127.5,94.85,91.45,100.34,92.98,3.74,58.47
2025-03-12 20:55:00,94.285,12551.653,39.624,320.006,129.395,94.58,91.06,99.95,92.83,3.22,58.48
2025-03-12 21:00:00,89.408,12595.901,39.982,324.321,129.315,95.2,91.31,99.75,93.02,3.82,58.49
2025-03-12 21:05:00,90.464,12619.538,38.807,323.688,128.046,95.32,91.08,100.21,92.39,2.98,58.5
2025-03-12 21:10:00,89.627,12600.528,38.862,325.999,132.961,95.1,90.99,100.05,92.74,3.62,58.51
2025-03-12 21:15:00,87.352,12895.8,39.539,321.826,131.976,95.37,91.31,99.78,92.94,2.75,58.51
2025-03-12 21:20:00,88.619,12826.842,38.837,325.832,131.734,94.3,91.4,100.39,92.58,2.52,58.52
2025-03-12 21:25:00,84.252,12503.074,39.364,318.98,128.286,94.01,91.34,100.49,92.84,4.1,58.53
2025-03-12 21:30:00,90.386,12798.848,39.147,320.586,133.569,95.61,91.42,99.82,93.4,3.62,58.54
2025-03-12 21:35:00,89.31,13084.913,39.308,319.633,131.021,94.92,91.01,99.74,93.01,3.2,58.55
2025-03-12 21:40:00,87.478,12526.911,39.6,321.441,128.767,94.4,91.66,99.5,92.48,2.34,58.56
2025-03-12 21:45:00,91.044,12765.811,39.217,317.806,128.347,94.66,91.07,100.06,92.88,1.86,58.57
2025-03-12 21:50:00,86.312,12708.341,39.118,323.082,133.089,95.39,90.47,99.85,93.24,3.21,58.57
2025-03-12 21:55:00,94.285,12492.768,39.483,318.928,129.771,94.74,92.19,100.17,93.59,2.47,58.58
2025-03-12 22:00:00,90.559,12474.232,38.589,325.663,127.983,95.05,91.47,100.02,93.26,2.57,58.59
2025-03-12 22:05:00,86.892,12703.976,39.078,327.966,131.966,95.1,90.95,100.09,92.75,2.07,58.6
2025-03-12 22:10:00,91.975,12931.583,38.624,321.743,130.484,95.19,90.74,100.09,93.21,1.82,58.61
2025-03-12 22:15:00,87.602,12525.221,39.266,322.989,129.478,95.2,90.26,100.54,93.62,1.84,58.62
2025-03-12 22:20:00,88.632,12486.438,39.203,320.945,133.911,95.27,91.47,99.7,92.58,2.02,58.63
2025-03-12 22:25:00,89.407,12674.336,39.516,322.243,124.024,94.79,90.64,99.44,92.73,0.74,58.63
2025-03-12 22:30:00,91.421,12758.456,38.853,319.537,132.087,96.06,91.36,100.15,92.9,1.05,58.64
2025-03-12 22:35:00,91.497,12894.681,39.205,324.654,133.827,95.14,90.7,99.8,93.27,1.77,58.65
2025-03-12 22:40:00,91.461,12912.069,38.806,320.869,128.599,95.05,91.24,100.41,92.38,1.01,58.66
2025-03-12 22:45:00,93.299,12509.914,38.981,323.903,124.699,94.84,91.09,99.94,92.96,1.62,58.67
2025-03-12 22:50:00,87.407,13032.712,38.971,330.348,134.595,94.6,90.48,99.45,93.14,1.66,58.68
2025-03-12 22:55:00,92.148,12989.967,38.843,320.288,128.149,94.54,91.5,100.59,93.22,0.55,58.69
2025-03-12 23:00:00,86.944,12600.287,39.099,321.066,127.26,95.38,90.55,99.85,93.33,3.39,58.7
2025-03-12 23:05:00,93.025,12783.492,39.067,319.202,128.903,95.65,91.08,99.87,93.35,1.03,58.7
2025-03-12 23:10:00,93.143,12692.83,39.305,320.846,130.641,95.19,90.97,100.35,93.3,0.91,58.71
2025-03-12 23:15:00,87.202,12849.665,38.802,321.001,128.939,94.53,90.88,100.1,92.9,-0.11,58.72
2025-03-12 23:20:00,91.674,13081.323,39.297,326.084,126.68,94.2,91.15,100.65,92.91,0.36,58.73
2025-03-12 23:25:00,93.454,13068.557,39.159,319.154,129.165,95.18,90.99,100.12,93.28,-0.37,58.74
2025-03-12 23:30:00,88.573,12664.183,39.033,321.998,126.161,95.63,90.73,100.5,93.57,1.82,58.75
2025-03-12 23:35:00,87.745,12843.746,38.888,330.829,134.468,95.11,90.59,100.01,91.82,1.03,58.76
2025-03-12 23:40:00,86.035,12559.675,39.489,320.55,131.084,94.86,90.8,99.64,92.69,1.44,58.77
2025-03-12 23:45:00,85.667,12669.294,39.229,321.803,127.816,94.97,91.33,99.99,92.77,0.77,58.77
2025-03-12 23:50:00,88.028,12854.685,39.54,324.58,132.741,95.3,90.79,99.79,92.34,-0.48,58.78
2025-03-12 23:55:00,90.993,13037.007,38.961,325.539,128.378,95.51,91.37,100.23,93.34,-0.93,58.79
2025-03-13 00:00:00,90.702,12612.961,39.058,329.598,130.896,94.97,90.86,100.75,92.41,-1.38,58.8
2025-03-13 00:05:00,87.55,13061.857,38.487,325.809,129.819,95.71,91.14,100.12,92.77,0.75,58.81
2025-03-13 00:10:00,91.855,13047.543,38.961,321.619,128.319,95.71,91.31,99.8,92.94,1.41,58.82
2025-03-13 00:15:00,88.361,12747.01,38.578,330.604,126.085,94.88,90.25,99.83,93.02,-0.07,58.83
2025-03-13 00:20:00,89.071,13007.471,39.14,321.84,126.084,95.0,90.66,100.02,92.84,1.48,58.83
2025-03-13 00:25:00,85.172,12792.279,38.705,328.941,128.003,94.32,90.57,99.34,92.9,-1.71,58.84
2025-03-13 00:30:00,91.482,12863.648,39.178,329.775,129.235,94.91,90.87,100.09,92.5,1.33,58.85
2025-03-13 00:35:00,88.978,12635.651,39.231,323.356,132.021,94.48,90.75,99.71,93.01,0.37,58.86
2025-03-13 00:40:00,92.521,12985.152,38.762,329.807,128.196,95.29,91.27,100.03,93.29,0.87,58.87
2025-03-13 00:45:00,89.835,12735.115,39.341,325.693,135.576,95.46,90.54,100.21,92.44,-1.09,58.88
2025-03-13 00:50:00,85.806,12733.029,38.899,320.056,127.778,94.31,91.67,99.71,92.85,0.03,58.89
2025-03-13 00:55:00,90.717,12969.952,38.695,325.551,128.603,94.71,91.88,99.67,93.72,0.45,58.9
2025-03-13 01:00:00,89.678,12893.035,38.598,328.893,125.054,94.67,90.76,99.68,93.59,0.98,58.9
2025-03-13 01:05:00,92.473,12875.071,38.518,322.348,131.839,94.44,91.72,100.28,93.15,-0.54,58.91
2025-03-13 01:10:00,88.873,12743.521,39.847,330.52,132.147,95.63,91.24,100.51,92.8,0.9,58.92
2025-03-13 01:15:00,87.523,12945.067,38.738,330.567,129.968,95.1,90.58,99.89,93.13,-1.21,58.93
2025-03-13 01:20:00,92.861,12609.45,38.352,326.56,128.679,95.26,91.39,99.58,92.99,1.04,58.94
2025-03-13 01:25:00,86.055,12980.822,38.969,317.585,130.324,95.09,90.89,100.3,92.94,-0.99,58.95
2025-03-13 01:30:00,88.929,12710.874,39.618,324.25,131.308,95.02,90.84,100.28,92.85,0.12,58.96
2025-03-13 01:35:00,91.347,12723.583,39.892,330.233,132.576,94.96,91.39,99.78,93.95,-0.26,58.97
2025-03-13 01:40:00,84.773,13016.604,39.148,334.107,136.891,94.97,91.04,100.16,93.44,0.14,58.97
2025-03-13 01:45:00,90.949,12930.558,38.967,325.964,134.617,94.92,91.62,99.83,92.46,-0.46,58.98
2025-03-13 01:50:00,88.795,13178.308,38.779,320.406,134.389,94.99,91.48,100.22,92.71,-0.33,58.99
2025-03-13 01:55:00,82.312,12985.482,38.86,327.701,125.621,95.19,91.19,99.62,93.36,0.94,59.0
2025-03-13 02:00:00,86.084,12910.147,38.551,324.088,132.713,95.27,91.15,99.54,93.31,-0.39,59.01
2025-03-13 02:05:00,90.93,12960.625,38.985,328.86,129.337,95.23,90.99,99.74,93.05,-0.04,59.02
2025-03-13 02:10:00,87.175,12882.913,39.947,332.042,131.581,94.48,91.54,99.9,93.7,0.49,59.03
2025-03-13 02:15:00,90.031,12596.981,39.624,323.345,135.937,94.83,90.94,99.78,92.48,-0.85,59.03
2025-03-13 02:20:00,90.776,13037.443,38.804,327.51,130.647,95.56,89.92,100.39,93.12,0.52,59.04
2025-03-13 02:25:00,87.64,12906.813,39.425,335.498,132.211,94.42,90.89,99.82,93.11,0.38,59.05
2025-03-13 02:30:00,92.185,13183.662,39.3,334.736,131.45,94.75,91.63,100.02,92.63,-0.58,59.06
2025-03-13 02:35:00,88.033,12582.827,39.178,327.246,129.531,94.34,90.83,99.55,93.25,0.37,59.07
2025-03-13 02:40:00,91.004,13167.354,38.607,330.371,131.001,95.23,90.88,99.73,93.61,0.39,59.08
2025-03-13 02:45:00,86.229,12919.358,39.27,320.562,135.631,95.22,91.13,100.68,92.76,0.23,59.09
2025-03-13 02:50:00,89.196,12980.618,38.956,321.519,132.312,94.58,90.25,99.94,92.75,0.62,59.09
2025-03-13 02:55:00,94.677,12635.538,39.297,330.853,133.184,94.62,90.9,98.99,93.9,0.31,59.1
2025-03-13 03:00:00,89.391,12581.966,39.304,326.939,131.757,95.36,91.28,100.05,93.36,0.27,59.11
2025-03-13 03:05:00,90.836,12665.187,38.862,329.607,133.172,95.57,90.71,100.23,93.1,-2.09,59.12
2025-03-13 03:10:00,90.108,12606.762,39.208,335.577,131.706,95.12,90.74,99.49,92.74,-1.66,59.13
2025-03-13 03:15:00,88.682,12866.671,38.442,332.247,131.41,95.0,91.52,100.1,92.88,1.1,59.14
2025-03-13 03:20:00,88.544,13081.487,38.888,326.997,131.642,94.56,91.69,99.74,93.51,2.49,59.14
2025-03-13 03:25:00,88.377,12803.64,39.703,338.773,133.848,94.44,90.91,99.98,92.33,1.51,59.15
2025-03-13 03:30:00,89.034,12869.367,39.761,330.801,131.15,94.83,90.51,100.27,92.9,0.08,59.16
2025-03-13 03:35:00,91.705,12792.373,39.32,331.711,127.99,95.15,90.38,100.21,92.17,-0.14,59.17
2025-03-13 03:40:00,86.914,13015.304,38.511,326.007,132.33,94.87,91.25,99.03,92.62,0.27,59.18
2025-03-13 03:45:00,89.528,12861.271,39.198,328.588,133.487,94.83,91.22,99.8,93.47,0.61,59.19
2025-03-13 03:50:00,92.072,12965.991,38.987,328.777,129.112,94.91,90.53,99.55,93.2,0.86,59.19
2025-03-13 03:55:00,91.993,13295.657,38.464,328.225,130.179,94.72,91.33,100.38,93.01,2.0,59.2
2025-03-13 04:00:00,90.404,12648.795,39.159,328.144,131.708,95.14,91.32,99.83,93.18,1.12,59.21
2025-03-13 04:05:00,92.658,12888.263,39.164,326.975,127.289,95.11,91.0,99.67,92.63,0.99,59.22
2025-03-13 04:10:00,91.349,13014.913,39.108,330.024,135.381,94.53,90.83,99.92,92.88,0.05,59.23
2025-03-13 04:15:00,89.156,12903.583,39.298,332.848,131.928,94.92,92.3,99.76,92.83,1.18,59.23
2025-03-13 04:20:00,89.456,13230.603,39.161,332.76,134.387,95.08,90.59,100.6,93.31,0.28,59.24
2025-03-13 04:25:00,95.686,12636.863,38.813,331.242,131.991,95.18,90.83,99.61,92.56,2.31,59.25
2025-03-13 04:30:00,83.48,12784.123,39.869,329.176,132.537,94.59,90.89,99.45,93.84,0.86,59.26
2025-03-13 04:35:00,93.242,12709.668,39.146,335.638,135.291,95.39,91.14,100.35,92.9,2.52,59.27
2025-03-13 04:40:00,89.199,12834.747,39.398,332.159,133.474,94.79,90.73,99.8,92.82,1.53,59.28
2025-03-13 04:45:00,91.465,13118.046,39.704,337.153,131.382,95.23,91.61,100.29,92.89,2.13,59.28
2025-03-13 04:50:00,89.201,13197.975,39.059,331.308,130.823,95.34,91.79,99.6,92.96,3.22,59.29
2025-03-13 04:55:00,86.173,12953.988,38.592,326.877,136.313,95.0,91.21,100.07,93.65,0.62,59.3
2025-03-13 05:00:00,89.025,13238.163,39.472,329.74,130.994,94.99,90.75,99.54,93.66,1.96,59.31
2025-03-13 05:05:00,91.715,12808.134,38.825,323.28,130.597,94.8,91.37,100.6,92.41,2.68,59.32
2025-03-13 05:10:00,91.86,12578.452,39.12,336.51,130.278,94.96,90.77,100.2,93.08,2.32,59.32
2025-03-13 05:15:00,88.532,12924.244,38.738,328.161,131.614,95.13,90.95,99.82,92.79,1.78,59.33
2025-03-13 05:20:00,89.641,12770.934,38.821,329.094,132.05,94.75,90.89,100.27,93.09,2.11,59.34
2025-03-13 05:25:00,85.782,13082.777,39.099,323.024,133.942,95.44,91.16,99.86,92.54,3.53,59.35
2025-03-13 05:30:00,88.478,12536.054,39.411,332.098,133.726,95.11,90.82,99.37,92.97,1.95,59.35
2025-03-13 05:35:00,91.077,12752.115,39.124,336.842,128.876,94.64,91.21,99.41,93.25,2.25,59.36
2025-03-13 05:40:00,89.304,12753.429,39.146,334.145,127.822,95.55,91.23,99.68,92.94,4.19,59.37
2025-03-13 05:45:00,90.66,12903.886,39.789,332.832,131.011,95.15,90.63,99.61,92.85,3.75,59.38
2025-03-13 05:50:00,86.228,12998.169,39.993,326.97,130.761,94.23,91.21,99.61,92.83,3.15,59.38
2025-03-13 05:55:00,88.02,12997.856,39.373,329.312,134.1,95.08,91.55,100.41,93.12,1.78,59.39
2025-03-13 06:00:00,91.528,13220.659,39.258,328.323,132.273,94.43,91.26,100.42,92.31,3.13,59.4
2025-03-13 06:05:00,90.579,12764.255,39.245,327.915,130.472,94.84,90.18,100.47,93.2,2.45,59.41
2025-03-13 06:10:00,90.754,13066.189,39.18,331.006,132.523,94.86,91.27,101.01,93.36,3.56,59.42
2025-03-13 06:15:00,93.498,13012.753,38.985,327.509,128.973,95.22,89.88,99.92,92.67,2.28,59.42
2025-03-13 06:20:00,91.783,13226.6,39.448,327.515,132.95,94.81,91.34,100.21,92.58,3.52,59.43
2025-03-13 06:25:00,90.963,12892.247,39.437,334.385,134.801,94.94,90.72,100.05,93.05,2.45,59.44
2025-03-13 06:30:00,91.192,13113.805,38.839,336.389,130.559,94.61,89.89,100.43,93.43,4.65,59.44
2025-03-13 06:35:00,90.324,12941.033,39.171,332.653,128.992,94.78,90.75,99.59,93.66,2.38,59.45
2025-03-13 06:40:00,86.497,13134.105,39.185,332.717,133.24,95.27,91.19,99.16,92.69,3.49,59.46
2025-03-13 06:45:00,89.21,12947.05,39.673,327.426,134.53,95.16,90.84,98.99,92.87,4.14,59.47
2025-03-13 06:50:00,85.916,12845.561,40.048,326.503,132.121,94.86,90.54,99.8,93.01,3.27,59.47
2025-03-13 06:55:00,87.554,13135.79,39.514,336.051,131.72,95.06,90.88,99.31,93.23,4.88,59.48
2025-03-13 07:00:00,93.202,13242.337,39.809,333.286,134.311,94.46,91.75,99.76,93.36,3.92,59.49
2025-03-13 07:05:00,88.652,12981.557,39.377,332.683,135.981,95.47,91.16,99.08,92.52,5.48,59.5
2025-03-13 07:10:00,94.186,13032.362,39.59,329.73,138.901,94.67,90.99,100.33,93.16,5.53,59.5
2025-03-13 07:15:00,91.223,13142.99,39.555,331.86,137.955,95.12,91.12,99.22,92.48,2.83,59.51
2025-03-13 07:20:00,86.985,13003.22,39.539,336.748,136.787,95.07,90.6,100.18,93.1,5.51,59.52
2025-03-13 07:25:00,88.437,12557.722,39.693,341.24,132.72,94.99,90.65,100.44,92.6,5.17,59.52
2025-03-13 07:30:00,86.893,12923.916,39.502,332.284,132.698,95.0,90.65,99.93,93.2,5.59,59.53
2025-03-13 07:35:00,89.551,12821.367,39.4,335.049,131.933,95.51,91.45,99.78,92.91,6.04,59.54
2025-03-13 07:40:00,88.181,13124.915,39.401,340.795,133.918,95.56,91.23,99.79,92.87,7.23,59.54
2025-03-13 07:45:00,86.837,13016.622,39.505,329.412,135.667,94.87,90.84,99.94,93.37,5.85,59.55
2025-03-13 07:50:00,95.039,12980.055,39.04,333.87,135.991,95.07,89.76,99.64,93.19,6.13,59.56
2025-03-13 07:55:00,85.209,13216.086,39.377,335.585,132.533,94.34,90.77,100.27,93.05,5.72,59.56
2025-03-13 08:00:00,89.714,12959.714,39.281,335.053,133.904,94.65,91.12,100.02,93.3,5.65,59.57
2025-03-13 08:05:00,88.029,12731.349,39.395,327.709,134.149,95.74,90.4,100.11,93.32,5.84,59.58
2025-03-13 08:10:00,89.961,12881.218,39.762,333.402,131.537,95.06,90.32,99.98,93.05,6.23,59.58
2025-03-13 08:15:00,83.855,13117.292,39.871,332.166,134.804,94.67,91.43,100.07,93.14,5.34,59.59
2025-03-13 08:20:00,92.363,12957.229,39.783,336.794,135.773,94.97,91.28,99.66,93.61,8.02,59.6
2025-03-13 08:25:00,88.558,13243.678,39.169,332.93,133.362,95.06,90.78,100.05,93.07,7.0,59.6
2025-03-13 08:30:00,90.418,12831.473,39.69,329.858,131.789,95.04,90.4,99.51,93.48,4.71,59.61
2025-03-13 08:35:00,90.983,12969.4,39.794,336.244,133.349,95.32,90.84,99.38,93.13,5.25,59.62
2025-03-13 08:40:00,86.052,12758.259,39.21,335.034,135.914,95.74,91.24,100.27,92.44,6.06,59.62
2025-03-13 08:45:00,90.165,13076.688,39.416,328.295,132.64,95.38,91.72,100.08,92.4,7.33,59.63
2025-03-13 08:50:00,90.059,12871.931,39.693,327.542,130.826,95.16,91.1,100.03,92.9,8.59,59.64
2025-03-13 08:55:00,88.539,13185.039,39.378,336.44,136.027,95.65,91.38,99.78,92.92,7.5,59.64
2025-03-13 09:00:00,87.754,12992.228,39.849,333.086,135.351,94.79,90.64,99.74,92.89,7.76,59.65
2025-03-13 09:05:00,94.843,12842.292,39.595,337.353,131.154,94.92,91.05,99.34,93.46,6.02,59.65
2025-03-13 09:10:00,87.5,12554.097,39.91,336.81,129.215,95.56,91.22,99.52,92.84,7.16,59.66
2025-03-13 09:15:00,88.521,13012.691,39.51,331.094,132.566,95.66,90.51,99.79,93.46,6.16,59.67
2025-03-13 09:20:00,88.356,12564.648,39.987,335.095,131.311,95.1,91.52,100.53,92.91,9.02,59.67
2025-03-13 09:25:00,88.646,13000.61,39.883,331.698,135.094,95.32,91.57,99.93,93.18,7.96,59.68
2025-03-13 09:30:00,91.445,12877.537,39.634,325.072,135.996,94.84,91.42,100.14,93.2,8.96,59.68
2025-03-13 09:35:00,88.552,13162.551,40.338,328.726,137.595,94.7,91.14,99.83,93.31,9.37,59.69
2025-03-13 09:40:00,90.769,13068.629,39.903,330.035,137.775,95.18,90.7,100.3,93.61,8.95,59.7
2025-03-13 09:45:00,84.967,12993.149,39.904,340.284,132.595,94.34,91.36,100.25,93.0,8.4,59.7
2025-03-13 09:50:00,88.943,12999.748,39.612,335.621,138.075,95.24,91.13,100.09,93.57,7.99,59.71
2025-03-13 09:55:00,88.904,12560.657,39.643,331.568,130.129,95.46,90.9,100.72,92.68,9.0,59.71
2025-03-13 10:00:00,90.198,12899.625,39.423,334.955,134.192,95.29,91.39,99.79,93.23,8.37,59.72
2025-03-13 10:05:00,92.162,13193.482,39.579,339.987,135.09,94.8,90.86,99.77,93.09,8.22,59.72
2025-03-13 10:10:00,85.27,13001.03,39.686,332.187,138.031,94.97,91.64,100.44,92.57,10.22,59.73
2025-03-13 10:15:00,89.357,12538.158,40.067,339.744,129.613,95.01,91.12,100.06,92.45,9.17,59.74
2025-03-13 10:20:00,88.292,13298.343,40.28,332.24,135.449,95.6,90.84,100.83,93.63,10.4,59.74
2025-03-13 10:25:00,92.582,12935.194,39.374,335.109,134.133,94.33,91.2,99.66,93.15,8.15,59.75
2025-03-13 10:30:00,91.587,12897.679,39.536,335.824,135.638,94.87,90.77,99.85,93.6,7.98,59.75
2025-03-13 10:35:00,88.448,12915.991,39.81,335.103,134.825,94.62,91.58,100.11,93.67,8.85,59.76
2025-03-13 10:40:00,88.616,13004.428,40.19,336.331,131.774,95.1,90.85,100.04,92.95,9.27,59.76
2025-03-13 10:45:00,87.149,12924.928,39.913,337.492,131.831,95.14,90.72,100.28,93.12,10.13,59.77
2025-03-13 10:50:00,88.392,12708.151,40.284,331.421,133.525,94.65,91.92,99.41,91.96,10.79,59.77
2025-03-13 10:55:00,90.224,12917.328,40.524,338.746,132.105,95.26,90.81,99.34,93.0,10.96,59.78
2025-03-13 11:00:00,91.031,12754.293,40.024,330.572,135.935,95.27,90.66,100.49,92.77,10.27,59.78
2025-03-13 11:05:00,91.576,13012.549,39.804,337.966,135.215,94.82,91.41,100.4,91.89,10.14,59.79
2025-03-13 11:10:00,90.211,13078.216,39.821,329.677,139.71,95.26,90.39,100.21,93.04,10.21,59.79
2025-03-13 11:15:00,84.944,12805.755,39.655,332.323,134.296,94.81,90.84,99.89,93.02,9.27,59.8
2025-03-13 11:20:00,88.224,13070.957,39.176,336.051,133.435,95.98,91.36,99.73,93.07,10.55,59.8
2025-03-13 11:25:00,92.597,13174.45,39.814,336.363,136.786,94.72,90.8,100.02,92.53,10.03,59.81
2025-03-13 11:30:00,89.695,12960.859,40.36,329.868,128.138,95.33,90.85,99.37,92.64,11.99,59.81
2025-03-13 11:35:00,92.127,13186.32,39.553,339.278,132.389,95.1,90.66,100.56,93.74,10.69,59.82
2025-03-13 11:40:00,88.758,12956.668,40.178,324.073,132.748,94.9,91.26,99.5,93.33,10.68,59.82
2025-03-13 11:45:00,87.439,12924.879,40.592,336.341,135.821,95.9,91.42,100.37,93.24,10.44,59.83
2025-03-13 11:50:00,85.582,13190.673,40.342,340.619,131.552,94.71,91.64,99.53,93.3,10.73,59.83
2025-03-13 11:55:00,92.044,12910.323,39.928,339.995,135.584,95.29,91.31,99.48,93.35,10.01,59.83
2025-03-13 12:00:00,92.558,12642.138,40.072,334.524,135.484,95.22,90.91,99.66,93.17,9.18,59.84
2025-03-13 12:05:00,91.757,12673.077,39.472,341.464,134.067,95.37,90.91,99.38,92.48,9.2,59.84
2025-03-13 12:10:00,84.828,12878.102,39.935,336.374,141.359,94.63,91.36,100.42,93.37,10.86,59.85
2025-03-13 12:15:00,91.85,13326.212,40.601,342.206,134.229,94.96,90.17,100.09,93.3,10.87,59.85
2025-03-13 12:20:00,84.073,12684.482,40.547,338.009,135.804,95.52,91.09,100.14,92.82,10.77,59.86
2025-03-13 12:25:00,88.717,13083.417,39.59,337.258,130.293,95.15,90.92,99.88,93.1,10.64,59.86
2025-03-13 12:30:00,89.712,13084.782,40.049,329.819,135.498,95.2,90.96,99.75,92.78,11.45,59.86
2025-03-13 12:35:00,86.362,12826.828,40.121,337.769,128.827,95.07,90.69,100.06,92.92,11.5,59.87
2025-03-13 12:40:00,91.467,12829.419,40.328,328.725,132.592,95.42,91.3,99.25,92.81,11.21,59.87
2025-03-13 12:45:00,88.319,13196.027,39.844,329.908,137.613,94.9,91.47,100.45,93.26,11.5,59.88
2025-03-13 12:50:00,90.7,13102.696,40.256,339.208,137.448,94.56,91.33,99.41,93.42,11.38,59.88
2025-03-13 12:55:00,90.578,13033.838,40.287,330.33,134.858,94.38,91.24,99.88,92.99,9.92,59.88
2025-03-13 13:00:00,89.907,13117.934,39.504,337.469,133.397,94.89,90.23,100.51,93.07,10.27,59.89
2025-03-13 13:05:00,87.053,13398.665,39.917,337.839,133.148,95.06,91.32,99.29,92.82,12.12,59.89
2025-03-13 13:10:00,90.576,12968.944,40.094,343.497,131.548,94.44,89.68,99.42,91.9,11.23,59.89
2025-03-13 13:15:00,87.34,12825.069,40.219,336.299,134.49,93.48,89.11,99.3,90.98,10.95,59.9
2025-03-13 13:20:00,86.863,12699.748,40.201,346.074,137.161,92.32,87.66,98.28,90.72,11.88,59.9
2025-03-13 13:25:00,89.272,12566.284,39.873,336.456,134.098,91.12,86.46,96.77,87.79,10.76,59.91
2025-03-13 13:30:00,84.506,13017.23,39.596,336.615,129.822,91.17,87.06,95.94,87.95,10.6,59.91
2025-03-13 13:35:00,85.478,12944.13,40.303,331.394,128.369,90.95,87.34,96.94,89.16,10.16,59.91
2025-03-13 13:40:00,89.716,12691.315,39.944,339.937,128.904,91.01,86.5,96.24,88.6,10.4,59.92
2025-03-13 13:45:00,84.54,12685.226,40.186,336.969,134.572,91.32,87.81,97.04,89.33,11.78,59.92
2025-03-13 13:50:00,88.11,12968.857,40.057,337.275,130.071,91.79,87.29,96.82,88.61,12.78,59.92
2025-03-13 13:55:00,88.484,12935.387,39.707,347.527,135.799,91.24,86.92,97.39,89.42,11.03,59.92
2025-03-13 14:00:00,87.343,12827.555,39.515,338.622,131.602,92.04,88.19,97.76,90.54,11.44,59.93
2025-03-13 14:05:00,83.363,12625.464,40.241,335.242,136.864,91.51,87.42,97.72,89.06,11.55,59.93
2025-03-13 14:10:00,85.962,13034.829,40.112,331.499,134.34,91.43,88.31,98.07,89.5,11.18,59.93
2025-03-13 14:15:00,85.967,12956.381,39.545,339.012,132.078,91.47,87.32,96.9,89.42,11.17,59.94
2025-03-13 14:20:00,85.212,12909.895,39.809,339.396,130.303,90.3,86.31,96.16,88.27,10.72,59.94
2025-03-13 14:25:00,88.444,13152.327,39.834,337.196,131.976,91.49,86.97,97.67,88.8,10.41,59.94
2025-03-13 14:30:00,81.509,13165.526,40.439,333.778,136.997,91.14,86.83,97.89,89.72,10.72,59.94
2025-03-13 14:35:00,87.53,12877.994,39.625,339.798,132.597,90.04,85.96,96.29,88.85,10.5,59.95
2025-03-13 14:40:00,89.173,12905.658,40.721,340.667,133.338,90.79,86.89,96.82,88.88,11.31,59.95
2025-03-13 14:45:00,85.788,12752.35,39.829,338.331,131.392,91.81,86.92,96.17,89.13,10.41,59.95
2025-03-13 14:50:00,83.441,13117.577,39.688,339.76,129.847,91.06,87.72,97.5,89.91,10.77,59.95
2025-03-13 14:55:00,88.361,13031.009,39.941,331.471,133.874,90.51,86.65,96.47,88.6,10.36,59.96
2025-03-13 15:00:00,88.181,12871.787,39.621,339.036,131.187,91.04,87.24,96.98,88.92,11.53,59.96
2025-03-13 15:05:00,86.158,12759.96,39.721,340.766,132.268,91.39,87.78,97.14,89.42,10.72,59.96
2025-03-13 15:10:00,89.455,12741.523,39.572,332.266,133.604,91.23,87.4,97.58,89.87,9.05,59.96
2025-03-13 15:15:00,87.105,13210.803,40.389,336.51,131.303,91.83,87.06,97.36,89.42,10.93,59.97
2025-03-13 15:20:00,90.539,12567.696,39.702,329.561,133.597,92.53,88.17,97.82,90.35,10.62,59.97
2025-03-13 15:25:00,86.991,12899.496,39.748,339.46,133.241,92.42,88.2,98.11,90.34,10.0,59.97
2025-03-13 15:30:00,90.538,12972.844,39.638,341.412,131.839,91.24,87.28,97.68,89.72,11.07,59.97
2025-03-13 15:35:00,83.852,13007.483,39.979,333.153,133.96,91.66,87.57,96.75,89.55,10.04,59.97
2025-03-13 15:40:00,82.869,12751.344,40.356,334.348,129.727,90.81,87.0,96.22,88.74,9.68,59.98
2025-03-13 15:45:00,85.171,12762.931,40.079,342.2,131.623,90.19,87.74,97.09,89.34,11.12,59.98
2025-03-13 15:50:00,83.145,12623.697,39.735,337.157,133.332,91.35,87.26,96.84,89.84,11.43,59.98
2025-03-13 15:55:00,89.758,13091.716,40.168,334.212,130.924,91.5,87.15,97.26,89.13,11.76,59.98
2025-03-13 16:00:00,85.963,13203.92,39.705,335.615,134.711,92.17,87.92,97.16,89.66,10.29,59.98
2025-03-13 16:05:00,86.532,12811.399,39.748,345.731,134.339,91.25,88.88,97.66,90.09,9.47,59.98
2025-03-13 16:10:00,89.056,12927.778,39.796,336.893,135.848,92.45,88.15,99.05,89.94,10.14,59.98
2025-03-13 16:15:00,85.738,13218.745,40.303,335.061,133.939,93.15,88.61,98.3,90.61,10.05,59.99
2025-03-13 16:20:00,87.76,12868.273,39.501,338.472,135.798,93.84,89.24,99.86,91.51,10.59,59.99
2025-03-13 16:25:00,86.064,13131.88,40.184,341.912,132.504,92.58,89.17,99.02,90.33,8.74,59.99
2025-03-13 16:30:00,84.745,12973.584,39.601,344.019,134.616,92.55,88.36,98.06,90.07,8.74,59.99
2025-03-13 16:35:00,87.596,12812.046,39.556,336.088,131.806,92.89,88.29,98.57,89.31,8.25,59.99
2025-03-13 16:40:00,88.78,12783.518,39.944,348.168,136.762,92.8,88.53,98.06,90.62,8.77,59.99
2025-03-13 16:45:00,85.531,12916.186,39.685,332.823,135.956,91.94,88.42,97.98,91.0,7.16,59.99
2025-03-13 16:50:00,85.383,13197.073,39.969,341.834,137.252,92.22,88.66,98.03,90.76,8.91,59.99
2025-03-13 16:55:00,89.901,12684.872,40.03,333.58,132.672,92.27,88.07,97.08,89.29,10.51,59.99
2025-03-13 17:00:00,85.64,12945.492,39.756,333.879,136.236,91.94,88.03,97.8,89.4,8.76,60.0
2025-03-13 17:05:00,87.744,12628.808,40.251,337.56,132.953,91.69,87.63,97.31,89.75,9.99,60.0
2025-03-13 17:10:00,84.102,13067.249,39.676,337.654,136.412,92.65,88.81,99.28,90.63,9.41,60.0
2025-03-13 17:15:00,82.3,12795.3,39.807,332.478,134.763,91.75,87.75,97.55,89.03,8.1,60.0
2025-03-13 17:20:00,89.747,12884.935,39.839,336.046,138.792,92.14,88.0,97.5,89.73,8.92,60.0
2025-03-13 17:25:00,89.008,12860.119,39.777,335.809,134.824,92.03,88.04,98.05,90.65,8.01,60.0
2025-03-13 17:30:00,88.286,12804.697,40.612,331.431,130.395,92.56,87.66,98.36,90.62,8.12,60.0
2025-03-13 17:35:00,86.494,12977.844,39.647,345.017,132.191,93.07,89.71,99.94,91.17,9.3,60.0
2025-03-13 17:40:00,93.292,12922.666,39.894,341.972,137.166,95.02,91.16,100.73,93.64,7.35,60.0
2025-03-13 17:45:00,90.139,13148.316,39.812,333.846,130.997,94.13,90.95,99.78,92.13,7.33,60.0
2025-03-13 17:50:00,85.655,12691.116,39.533,341.685,138.264,95.43,90.23,100.25,92.06,9.52,60.0
2025-03-13 17:55:00,86.149,12870.936,39.947,331.4,134.67,94.66,91.92,100.85,92.12,9.08,60.0
2025-03-13 18:00:00,89.658,12749.98,39.204,338.187,137.29,94.77,91.59,100.57,92.85,7.5,60.0
2025-03-13 18:05:00,87.448,12957.389,39.351,335.547,134.569,95.31,91.06,99.93,93.51,6.73,60.0
2025-03-13 18:10:00,92.59,13151.642,39.827,337.768,131.991,94.46,91.03,100.23,92.58,6.42,60.0
2025-03-13 18:15:00,86.93,12995.696,40.079,334.63,132.634,93.72,89.76,99.48,92.81,9.37,60.0
2025-03-13 18:20:00,88.954,13193.141,39.834,331.72,132.223,94.07,90.5,99.44,92.34,7.15,60.0
2025-03-13 18:25:00,85.49,13367.895,39.488,336.721,134.123,94.34,90.11,100.14,92.51,7.4,60.0
2025-03-13 18:30:00,94.956,13090.905,39.624,339.133,137.86,94.74,90.4,99.56,92.52,7.95,60.0
2025-03-13 18:35:00,89.041,12716.222,39.29,337.06,139.118,94.31,91.05,99.51,91.31,7.04,60.0
2025-03-13 18:40:00,92.315,12949.083,40.011,332.951,133.539,93.41,89.61,100.45,91.51,7.48,60.0
2025-03-13 18:45:00,88.338,13114.851,39.596,333.614,136.241,94.67,91.09,100.32,92.6,8.46,60.0
2025-03-13 18:50:00,90.325,13123.922,40.154,340.032,133.119,93.02,89.18,98.64,91.8,7.34,60.0
2025-03-13 18:55:00,88.687,13298.441,39.775,339.271,137.102,94.39,90.2,99.69,92.55,6.14,60.0
2025-03-13 19:00:00,90.182,12808.64,39.966,332.335,132.729,94.4,90.17,100.02,92.15,7.67,60.0
2025-03-13 19:05:00,89.476,12966.681,39.599,331.799,136.554,94.42,90.32,99.97,91.87,6.06,59.99
2025-03-13 19:10:00,91.687,13615.836,39.873,339.041,136.472,93.3,89.46,99.96,91.32,6.68,59.99
2025-03-13 19:15:00,84.501,13029.003,39.532,325.727,135.339,93.8,90.62,99.74,93.48,6.53,59.99
2025-03-13 19:20:00,86.912,13087.758,39.478,336.591,130.161,95.23,90.71,100.02,92.76,6.55,59.99
2025-03-13 19:25:00,92.929,13244.838,40.251,340.266,131.977,95.49,91.19,99.81,93.68,4.71,59.99
2025-03-13 19:30:00,88.813,13155.886,39.651,333.15,134.878,94.92,90.66,99.82,92.88,5.73,59.99
2025-03-13 19:35:00,87.004,13023.596,39.525,333.67,132.982,95.7,91.0,99.43,92.92,5.2,59.99
2025-03-13 19:40:00,91.316,12903.668,40.433,339.114,135.225,95.4,90.85,99.95,93.09,5.67,59.99
2025-03-13 19:45:00,87.452,12820.385,39.372,329.398,137.962,94.55,92.08,99.98,92.79,5.15,59.99
2025-03-13 19:50:00,89.687,13255.728,39.383,336.122,132.323,95.32,91.0,99.43,93.28,5.72,59.98
2025-03-13 19:55:00,85.265,12935.58,40.178,344.831,135.645,95.75,90.67,100.42,93.08,5.67,59.98
2025-03-13 20:00:00,81.869,12946.139,39.579,338.039,135.909,95.1,90.09,100.67,92.43,4.23,59.98
2025-03-13 20:05:00,84.994,12705.622,40.281,346.582,135.48,94.67,90.59,100.07,93.32,5.91,59.98
2025-03-13 20:10:00,88.873,12908.874,40.073,333.997,136.185,94.75,90.93,99.64,93.27,4.91,59.98
2025-03-13 20:15:00,91.242,13146.459,39.876,340.979,136.295,94.74,91.15,100.17,93.52,6.92,59.98
2025-03-13 20:20:00,87.479,13237.871,39.875,335.823,139.886,95.32,91.14,100.17,92.8,3.39,59.98
2025-03-13 20:25:00,88.434,13005.43,39.404,338.56,129.963,94.79,91.2,99.54,93.07,3.34,59.97
2025-03-13 20:30:00,93.955,12574.168,39.553,334.066,134.686,94.78,91.04,100.32,92.55,5.7,59.97
2025-03-13 20:35:00,90.797,13037.392,39.961,339.78,131.535,94.97,91.19,99.5,92.37,4.89,59.97
2025-03-13 20:40:00,92.74,13363.259,39.195,344.151,132.095,95.05,91.14,100.19,93.27,3.96,59.97
2025-03-13 20:45:00,95.811,13023.059,39.686,334.538,136.975,94.9,91.12,99.75,93.07,4.66,59.97
2025-03-13 20:50:00,85.962,13150.797,39.642,336.878,132.451,94.83,91.35,99.94,92.94,4.74,59.96
2025-03-13 20:55:00,91.239,13613.595,40.114,335.013,132.521,95.46,90.9,99.69,93.47,3.96,59.96
2025-03-13 21:00:00,90.284,13139.38,40.144,339.049,133.244,95.34,91.57,99.35,93.19,4.37,59.96
2025-03-13 21:05:00,90.478,13168.401,39.434,329.156,136.133,95.18,90.21,100.86,93.43,4.45,59.96
2025-03-13 21:10:00,86.439,13006.978,39.743,333.195,133.625,95.48,91.21,100.62,93.41,3.99,59.95
2025-03-13 21:15:00,86.955,13006.584,38.65,335.971,136.695,95.33,90.8,100.1,92.44,2.46,59.95
2025-03-13 21:20:00,86.933,13130.464,39.269,335.189,132.596,95.23,90.83,100.14,92.95,4.1,59.95
2025-03-13 21:25:00,87.587,13172.394,40.094,330.645,133.913,95.46,90.87,100.16,92.88,2.32,59.95
2025-03-13 21:30:00,84.412,13327.184,39.261,342.256,135.906,94.1,90.96,100.43,93.24,2.84,59.94
2025-03-13 21:35:00,89.317,13090.275,39.676,336.827,135.757,94.78,91.28,100.04,93.24,2.89,59.94
2025-03-13 21:40:00,88.283,13297.605,39.244,337.652,131.189,95.23,90.61,100.19,92.99,2.46,59.94
2025-03-13 21:45:00,89.177,12862.558,39.045,339.756,132.506,95.36,91.62,99.22,93.67,3.73,59.94
2025-03-13 21:50:00,91.549,12952.714,39.564,337.458,137.356,94.77,90.63,100.09,92.59,3.37,59.93
2025-03-13 21:55:00,87.621,12972.113,39.17,339.244,131.489,95.41,91.52,100.3,93.59,2.29,59.93
2025-03-13 22:00:00,84.14,12744.283,39.468,331.704,134.122,95.23,90.57,100.1,93.21,2.76,59.93
2025-03-13 22:05:00,88.12,12970.134,39.546,336.263,137.934,95.6,90.7,100.01,92.96,2.73,59.92
2025-03-13 22:10:00,91.547,12913.788,39.633,332.292,135.23,95.61,91.14,99.85,93.27,1.35,59.92
2025-03-13 22:15:00,88.648,13146.605,39.61,338.069,138.267,95.49,91.04,99.62,92.57,2.0,59.92
2025-03-13 22:20:00,86.498,13090.096,39.132,339.379,132.08,95.28,90.84,100.12,92.74,1.29,59.92
2025-03-13 22:25:00,88.201,13121.217,39.663,333.55,132.813,94.8,91.32,99.74,93.64,0.95,59.91
2025-03-13 22:30:00,88.01,13430.095,39.286,329.044,133.318,94.79,90.7,100.09,92.94,1.73,59.91
2025-03-13 22:35:00,87.706,13143.401,39.274,336.632,135.41,94.01,91.09,100.0,93.06,1.48,59.91
2025-03-13 22:40:00,85.748,13529.778,39.786,333.751,133.565,95.03,91.07,99.82,92.48,2.41,59.9
2025-03-13 22:45:00,85.241,13019.391,39.024,339.354,135.164,95.15,90.56,99.22,93.2,-0.72,59.9
2025-03-13 22:50:00,92.846,13053.719,39.245,334.287,130.268,94.33,91.27,99.89,92.78,2.77,59.89
2025-03-13 22:55:00,90.566,12712.361,38.996,340.959,131.285,95.13,91.54,99.62,93.29,0.69,59.89
2025-03-13 23:00:00,82.603,12996.668,39.378,327.281,135.824,94.77,90.92,100.34,92.62,2.59,59.89
2025-03-13 23:05:00,89.716,12738.715,39.489,337.479,130.544,94.35,90.99,100.11,92.67,1.49,59.88
2025-03-13 23:10:00,84.728,13025.098,39.209,331.464,133.433,95.15,90.61,99.85,94.11,1.67,59.88
2025-03-13 23:15:00,87.283,13135.938,39.65,342.937,138.131,95.09,90.82,99.5,93.0,1.68,59.88
2025-03-13 23:20:00,89.175,12601.576,39.261,343.779,133.912,96.05,90.55,100.0,92.51,0.98,59.87
2025-03-13 23:25:00,83.078,13048.41,39.555,338.67,135.492,95.21,90.96,99.58,92.7,0.48,59.87
2025-03-13 23:30:00,90.102,13158.094,39.601,336.908,134.716,95.2,90.75,99.45,94.01,0.75,59.86
2025-03-13 23:35:00,89.138,12744.902,39.364,338.359,130.961,95.06,91.07,100.28,92.89,0.79,59.86
2025-03-13 23:40:00,87.978,12818.188,39.369,334.238,131.403,94.67,90.84,99.53,93.26,2.79,59.86
2025-03-13 23:45:00,86.991,12998.708,38.635,343.274,134.487,94.89,90.91,99.79,93.32,0.99,59.85
2025-03-13 23:50:00,90.253,13064.663,38.866,331.796,136.468,95.18,90.44,100.09,92.86,-1.32,59.85
2025-03-13 23:55:00,92.407,13211.388,39.692,336.662,137.133,95.16,90.83,100.6,93.37,1.19,59.84
2025-03-14 00:00:00,88.666,12773.37,39.216,336.773,131.499,95.66,91.21,100.37,92.64,-1.14,59.84
2025-03-14 00:05:00,89.446,12950.526,38.975,329.512,132.219,95.11,90.37,100.53,92.62,1.25,59.83
2025-03-14 00:10:00,89.195,12895.185,39.65,340.304,131.867,95.09,90.45,99.95,93.0,-0.26,59.83
2025-03-14 00:15:00,89.657,13194.202,39.614,336.703,133.447,94.51,90.44,100.03,93.22,0.74,59.83
2025-03-14 00:20:00,91.55,13101.083,38.907,344.442,137.327,94.54,91.48,99.56,93.42,-1.11,59.82
2025-03-14 00:25:00,87.959,13091.887,39.073,333.271,135.308,94.77,90.95,99.77,92.91,0.01,59.82
2025-03-14 00:30:00,86.34,12710.184,39.113,335.185,131.875,95.04,91.7,99.83,93.21,0.76,59.81
2025-03-14 00:35:00,87.762,12874.867,39.425,335.345,133.099,94.64,92.08,100.16,92.82,1.05,59.81
2025-03-14 00:40:00,88.576,13013.451,39.021,339.205,134.812,94.84,91.03,100.03,92.9,0.15,59.8
2025-03-14 00:45:00,86.333,13229.305,38.593,337.805,139.947,95.28,91.23,100.09,93.34,-0.03,59.8
2025-03-14 00:50:00,91.12,13093.215,39.283,335.845,135.432,95.23,91.34,99.54,93.33,0.14,59.79
2025-03-14 00:55:00,92.118,13116.586,39.192,331.389,131.95,94.44,91.5,100.2,94.03,0.81,59.79
2025-03-14 01:00:00,85.688,13437.492,39.222,339.61,133.203,94.88,91.24,99.98,93.13,-0.85,59.78
2025-03-14 01:05:00,89.075,12879.858,38.837,341.979,132.294,94.86,91.15,99.7,93.54,1.48,59.78
2025-03-14 01:10:00,90.048,13075.613,39.187,335.644,132.922,94.89,91.06,100.6,93.32,0.25,59.77
2025-03-14 01:15:00,84.231,12770.617,39.214,332.13,133.206,95.46,90.75,100.63,92.79,0.84,59.77
2025-03-14 01:20:00,85.08,13119.421,38.815,338.663,132.984,95.29,90.97,100.62,92.98,-0.33,59.76
2025-03-14 01:25:00,91.815,13200.797,39.208,339.697,129.111,95.5,90.8,100.66,92.91,-1.27,59.76
2025-03-14 01:30:00,85.498,13057.58,39.312,334.017,129.517,95.11,91.17,101.14,92.98,0.62,59.75
2025-03-14 01:35:00,86.384,12795.579,38.881,332.359,134.547,94.83,91.21,100.6,93.11,0.85,59.75
2025-03-14 01:40:00,88.345,13072.921,39.176,335.232,132.96,94.38,90.87,100.24,93.02,-0.16,59.74
2025-03-14 01:45:00,89.953,12906.776,39.103,339.795,131.257,94.87,90.9,99.48,92.97,-0.37,59.74
2025-03-14 01:50:00,91.178,13047.511,39.063,330.712,136.68,94.68,90.65,100.18,93.18,-0.23,59.73
2025-03-14 01:55:00,86.367,13009.912,38.674,329.745,132.643,95.31,90.56,99.82,93.26,-0.09,59.72
2025-03-14 02:00:00,84.984,13052.777,39.49,334.184,133.874,94.61,91.24,99.99,93.53,-0.53,59.72
2025-03-14 02:05:00,84.456,13058.713,38.632,333.817,132.975,94.7,91.37,100.17,93.01,0.8,59.71
2025-03-14 02:10:00,88.481,13049.101,39.587,329.911,131.36,94.56,90.75,99.79,92.79,0.16,59.71
2025-03-14 02:15:00,83.044,12682.525,39.37,330.759,135.33,94.98,91.28,99.81,92.75,0.29,59.7
2025-03-14 02:20:00,87.473,13250.316,38.654,333.536,130.651,95.93,91.22,100.25,93.21,0.97,59.7
2025-03-14 02:25:00,82.716,12976.158,39.703,334.096,136.19,94.73,91.44,99.8,93.08,1.13,59.69
2025-03-14 02:30:00,83.748,13020.484,39.043,331.912,131.391,95.27,90.75,99.82,93.37,0.5,59.68
2025-03-14 02:35:00,87.773,12959.652,39.539,331.013,133.261,94.65,90.35,100.49,93.14,-1.12,59.68
2025-03-14 02:40:00,86.819,13057.524,39.654,336.421,132.665,94.69,91.38,99.74,93.16,0.88,59.67
2025-03-14 02:45:00,83.652,13075.464,39.766,330.749,136.755,95.02,91.43,100.45,93.12,1.58,59.67
2025-03-14 02:50:00,91.906,13093.75,38.536,335.661,131.266,94.75,90.99,99.48,93.51,-0.99,59.66
2025-03-14 02:55:00,87.701,12903.708,39.37,328.572,134.098,95.58,90.94,99.71,92.75,-0.93,59.65
2025-03-14 03:00:00,90.495,12996.732,39.737,328.596,132.834,94.81,91.21,99.86,93.07,0.95,59.65
2025-03-14 03:05:00,86.837,13040.262,39.135,341.627,129.631,94.18,91.47,100.62,92.79,0.16,59.64
2025-03-14 03:10:00,90.405,12962.917,39.724,334.035,130.371,94.54,90.9,100.13,92.51,1.68,59.64
2025-03-14 03:15:00,89.459,12871.549,38.883,335.734,132.321,94.39,91.27,99.52,93.19,-0.76,59.63
2025-03-14 03:20:00,90.03,13273.4,39.656,337.666,134.839,94.73,91.54,99.81,92.12,0.18,59.62
2025-03-14 03:25:00,90.11,12961.899,39.44,328.098,135.413,94.91,91.18,99.93,92.48,2.17,59.62
2025-03-14 03:30:00,89.636,12736.923,39.48,328.426,128.227,95.22,91.19,100.81,92.95,1.01,59.61
2025-03-14 03:35:00,90.695,12586.897,39.61,332.435,134.286,94.68,90.18,100.34,92.41,1.04,59.6
2025-03-14 03:40:00,90.552,13096.522,39.48,330.066,132.856,94.99,90.82,99.45,93.36,-0.05,59.6
2025-03-14 03:45:00,90.042,13191.616,39.388,333.631,134.137,95.54,91.01,99.97,92.79,1.97,59.59
2025-03-14 03:50:00,84.663,12863.698,39.645,327.484,131.23,94.61,90.45,100.26,93.26,1.87,59.58
2025-03-14 03:55:00,86.185,13114.3,39.415,333.482,136.19,94.4,90.79,99.18,92.95,1.77,59.58
2025-03-14 04:00:00,89.559,13106.01,39.259,332.839,134.102,94.87,90.86,99.89,93.14,1.92,59.57
2025-03-14 04:05:00,88.377,12659.751,39.055,335.793,129.487,94.74,91.66,101.29,92.45,0.97,59.56
2025-03-14 04:10:00,90.166,13069.546,39.514,336.937,129.348,94.79,91.79,100.34,92.76,1.14,59.56
2025-03-14 04:15:00,89.313,12905.006,39.16,337.442,133.089,94.87,91.3,100.06,93.14,1.86,59.55
2025-03-14 04:20:00,88.286,12798.181,38.805,332.44,133.091,94.34,91.5,99.97,93.27,2.24,59.54
2025-03-14 04:25:00,91.258,13201.594,39.023,340.149,132.03,94.71,91.25,99.47,92.62,0.69,59.54
2025-03-14 04:30:00,89.288,12896.52,39.853,330.98,133.666,95.28,91.45,100.29,92.63,2.1,59.53
2025-03-14 04:35:00,90.302,13154.88,40.055,329.321,129.259,94.51,91.37,99.78,93.08,1.36,59.52
2025-03-14 04:40:00,93.219,13068.843,39.326,332.097,133.602,94.82,90.96,99.96,92.89,0.29,59.52
2025-03-14 04:45:00,91.871,12944.098,39.233,331.352,132.64,94.56,91.22,100.47,93.39,1.34,59.51
2025-03-14 04:50:00,93.928,13090.553,38.746,332.254,133.309,95.16,91.26,99.63,93.51,1.56,59.5
2025-03-14 04:55:00,91.393,13063.453,38.829,331.846,133.857,94.65,90.99,99.71,92.72,1.64,59.5
2025-03-14 05:00:00,89.132,12996.94,39.002,327.263,134.194,95.83,91.22,100.15,93.03,1.21,59.49
2025-03-14 05:05:00,93.832,12770.269,39.565,326.696,132.963,95.07,91.54,99.87,93.21,3.35,59.48
2025-03-14 05:10:00,92.156,13210.313,39.428,334.392,128.101,94.61,91.19,100.18,93.04,3.85,59.47
2025-03-14 05:15:00,92.474,13199.084,38.918,322.87,129.831,95.48,91.59,100.13,92.71,2.07,59.47
2025-03-14 05:20:00,92.219,13021.627,39.259,332.224,133.714,95.08,91.24,99.8,94.21,1.59,59.46
2025-03-14 05:25:00,93.622,12712.068,39.476,331.059,128.239,95.1,91.04,100.02,93.89,2.4,59.45
2025-03-14 05:30:00,84.444,13106.075,39.324,334.221,135.2,95.77,91.61,99.73,93.27,1.24,59.44
2025-03-14 05:35:00,92.652,13045.4,39.272,328.251,131.356,95.39,91.17,100.1,92.62,1.72,59.44
2025-03-14 05:40:00,84.587,13026.412,39.577,331.995,132.104,94.64,90.58,99.85,93.07,4.01,59.43
2025-03-14 05:45:00,85.832,13056.372,39.731,330.072,133.632,94.27,90.96,99.67,92.2,3.79,59.42
2025-03-14 05:50:00,91.944,12751.908,39.171,336.94,131.922,94.93,91.15,99.43,92.55,2.4,59.42
2025-03-14 05:55:00,86.654,12965.064,39.087,331.886,132.988,95.67,91.36,99.63,92.89,3.21,59.41
2025-03-14 06:00:00,90.829,12881.035,39.3,332.594,131.214,94.99,91.12,99.57,93.75,2.91,59.4
2025-03-14 06:05:00,87.967,12631.792,38.864,323.016,134.963,94.8,90.54,100.04,92.26,1.56,59.39
2025-03-14 06:10:00,87.431,13193.704,39.475,329.287,131.318,94.42,90.59,100.09,93.58,4.43,59.38
2025-03-14 06:15:00,93.063,12966.058,39.297,330.319,132.205,94.94,91.17,100.07,93.05,3.6,59.38
2025-03-14 06:20:00,94.123,13300.079,39.843,322.925,129.162,94.84,90.98,99.64,93.4,3.33,59.37
2025-03-14 06:25:00,88.217,13063.656,39.281,332.649,130.014,95.15,90.97,99.8,93.18,5.27,59.36
2025-03-14 06:30:00,96.527,12640.771,39.222,329.935,130.42,95.0,91.09,99.48,92.71,3.56,59.35
2025-03-14 06:35:00,84.645,12931.55,39.03,334.187,131.994,95.5,91.69,100.28,93.54,4.17,59.35
2025-03-14 06:40:00,91.479,12988.936,39.826,329.284,131.982,95.17,90.74,100.13,93.02,4.57,59.34
2025-03-14 06:45:00,91.463,12938.076,40.006,325.346,128.51,94.75,90.82,100.09,92.54,4.79,59.33
2025-03-14 06:50:00,87.131,12837.846,40.351,330.585,133.566,94.6,90.81,99.53,92.94,3.83,59.32
2025-03-14 06:55:00,89.143,13248.647,39.468,325.999,134.483,95.17,91.0,100.34,93.36,4.52,59.32
2025-03-14 07:00:00,90.573,13022.822,39.644,325.435,134.218,94.62,90.41,99.27,93.19,5.58,59.31
2025-03-14 07:05:00,83.755,12872.525,39.729,327.916,132.701,94.99,91.35,99.88,93.05,4.49,59.3
2025-03-14 07:10:00,88.355,12825.858,39.956,335.152,133.393,95.18,91.58,99.83,92.34,5.48,59.29
2025-03-14 07:15:00,85.499,12760.872,39.497,330.359,131.348,95.01,91.79,99.71,93.73,6.01,59.28
2025-03-14 07:20:00,91.39,13329.908,39.604,327.796,131.661,95.2,90.81,99.82,92.71,5.6,59.28
2025-03-14 07:25:00,89.318,12642.506,39.9,323.479,129.379,94.71,90.98,100.7,93.05,4.88,59.27
2025-03-14 07:30:00,88.712,12688.908,39.629,326.171,133.89,95.57,90.49,99.82,92.96,4.35,59.26
2025-03-14 07:35:00,89.829,12950.244,39.458,331.641,132.922,95.69,90.68,99.58,92.95,5.8,59.25
2025-03-14 07:40:00,91.816,13209.217,39.743,333.147,128.4,94.57,91.28,100.36,92.65,5.58,59.24
2025-03-14 07:45:00,91.713,12922.621,39.154,323.371,129.987,94.87,90.6,99.81,93.34,4.36,59.23
2025-03-14 07:50:00,91.762,12728.547,38.755,339.752,128.79,95.31,90.63,99.96,93.39,6.63,59.23
2025-03-14 07:55:00,90.724,12943.197,38.964,319.838,129.656,95.0,91.05,100.45,93.4,6.39,59.22
2025-03-14 08:00:00,87.792,12810.11,39.28,324.82,134.271,95.25,91.8,100.41,93.29,5.97,59.21
2025-03-14 08:05:00,91.109,12986.796,39.611,333.834,134.462,94.67,91.27,100.33,93.25,5.56,59.2
2025-03-14 08:10:00,91.192,12389.616,39.262,335.332,130.34,95.06,90.55,99.33,93.51,6.0,59.19
2025-03-14 08:15:00,88.149,12872.037,39.548,327.582,131.703,95.34,91.33,100.36,93.44,6.23,59.19
2025-03-14 08:20:00,91.609,12780.917,39.428,329.342,131.77,94.94,92.12,100.08,92.77,6.38,59.18
2025-03-14 08:25:00,90.698,12866.815,39.738,318.796,128.564,95.55,90.89,100.01,93.52,8.04,59.17
2025-03-14 08:30:00,88.371,12777.014,39.412,327.69,131.0,94.99,90.71,100.41,92.29,6.45,59.16
2025-03-14 08:35:00,87.014,12820.159,39.443,324.37,132.076,94.7,91.23,100.67,92.55,5.01,59.15
2025-03-14 08:40:00,92.345,12839.704,39.498,329.418,129.701,95.11,90.91,99.55,92.94,5.71,59.14
2025-03-14 08:45:00,91.12,12733.195,39.893,327.812,130.409,95.14,90.79,100.08,92.39,7.67,59.14
2025-03-14 08:50:00,93.206,12869.931,39.683,329.608,129.812,95.15,91.16,100.1,93.11,5.91,59.13
2025-03-14 08:55:00,90.183,12800.995,39.663,322.809,130.306,95.01,91.28,99.58,92.87,7.98,59.12
2025-03-14 09:00:00,91.792,12748.438,39.113,332.372,131.911,94.64,91.27,100.47,93.1,6.62,59.11
2025-03-14 09:05:00,87.029,12798.346,39.444,326.226,128.901,94.99,91.74,100.13,92.82,8.14,59.1
2025-03-14 09:10:00,89.88,12910.985,40.309,321.547,130.035,95.03,90.69,100.09,93.7,8.26,59.09
2025-03-14 09:15:00,91.037,12702.178,40.648,326.798,132.934,95.09,90.93,99.63,92.28,8.85,59.09
2025-03-14 09:20:00,89.963,12488.02,39.763,326.187,133.875,94.67,90.66,99.84,93.01,7.27,59.08
2025-03-14 09:25:00,87.799,12551.851,40.015,324.613,129.206,94.32,90.89,99.78,93.12,8.21,59.07
2025-03-14 09:30:00,91.911,12619.162,39.669,317.64,128.417,94.18,91.89,99.23,92.94,8.01,59.06
2025-03-14 09:35:00,89.982,12795.331,39.746,329.522,132.343,94.43,90.5,100.43,92.58,8.52,59.05
2025-03-14 09:40:00,93.62,12502.952,39.952,329.155,133.048,95.18,90.8,100.07,93.04,9.67,59.04
2025-03-14 09:45:00,87.766,13222.693,39.496,322.57,134.504,95.23,90.91,99.64,92.91,8.52,59.03
2025-03-14 09:50:00,93.004,12989.803,39.731,329.087,127.065,94.93,90.88,99.51,92.9,7.8,59.03
2025-03-14 09:55:00,92.997,12619.205,40.012,335.027,133.041,95.09,90.78,99.58,93.27,9.07,59.02
2025-03-14 10:00:00,88.579,12894.161,39.706,328.926,131.72,94.35,90.39,99.94,93.53,10.0,59.01
2025-03-14 10:05:00,91.21,12568.416,39.812,326.501,132.491,94.86,90.76,99.39,93.17,10.37,59.0
2025-03-14 10:10:00,88.461,12890.117,39.63,334.009,129.385,94.98,90.97,99.63,93.09,9.7,58.99
2025-03-14 10:15:00,90.635,12782.421,39.747,329.702,132.422,95.31,90.63,100.13,92.24,10.35,58.98
2025-03-14 10:20:00,90.511,12995.4,39.692,330.161,131.784,95.32,91.3,100.43,92.65,8.63,58.97
2025-03-14 10:25:00,91.502,12798.991,40.005,329.306,129.74,94.64,91.22,100.38,93.4,8.07,58.97
2025-03-14 10:30:00,91.281,12600.424,39.354,329.613,130.908,94.75,90.95,99.9,93.19,8.29,58.96
2025-03-14 10:35:00,89.824,12472.642,39.744,331.007,128.995,95.29,91.65,100.02,93.0,9.5,58.95
2025-03-14 10:40:00,91.35,12640.327,39.722,325.528,132.686,93.99,90.94,100.32,92.88,9.48,58.94
2025-03-14 10:45:00,88.51,12891.781,39.806,319.503,131.222,94.67,91.03,100.27,92.64,8.24,58.93
2025-03-14 10:50:00,90.374,12815.655,39.044,325.156,136.522,95.78,91.43,100.52,93.56,10.28,58.92
2025-03-14 10:55:00,92.589,12654.867,40.281,323.851,134.743,95.23,91.0,99.32,92.7,10.38,58.91
2025-03-14 11:00:00,89.772,12769.356,40.261,326.574,130.829,94.55,91.41,100.21,92.47,10.25,58.9
2025-03-14 11:05:00,85.127,12841.118,39.452,324.569,126.095,95.42,91.42,99.97,92.83,8.22,58.9
2025-03-14 11:10:00,92.012,12834.562,39.833,328.303,134.162,95.23,90.21,100.11,93.16,10.46,58.89
2025-03-14 11:15:00,94.249,12561.624,40.504,327.278,130.382,94.52,90.54,100.06,93.21,10.87,58.88
2025-03-14 11:20:00,89.477,12927.27,39.6,322.834,130.122,95.22,91.18,99.87,92.54,9.91,58.87
2025-03-14 11:25:00,91.119,12789.464,39.871,326.638,130.42,94.77,91.17,99.39,93.06,10.42,58.86
2025-03-14 11:30:00,91.867,12593.951,40.073,326.238,132.817,94.93,91.02,100.67,93.47,10.61,58.85
2025-03-14 11:35:00,91.927,12558.413,38.978,317.926,134.503,95.49,91.59,100.24,93.43,10.57,58.84
2025-03-14 11:40:00,89.035,12637.413,39.977,322.91,126.131,95.54,91.25,100.38,92.55,10.34,58.83
2025-03-14 11:45:00,89.417,12963.835,39.92,328.909,134.684,94.35,90.85,99.72,93.56,10.82,58.83
2025-03-14 11:50:00,89.188,13034.657,39.528,322.692,127.276,95.16,90.86,99.99,93.13,10.68,58.82
2025-03-14 11:55:00,92.68,12590.767,40.301,327.385,129.073,95.47,90.73,100.11,93.04,10.81,58.81
2025-03-14 12:00:00,91.08,12955.621,40.103,320.356,129.175,95.77,91.3,100.15,93.09,9.85,58.8
2025-03-14 12:05:00,89.659,12850.086,39.991,322.556,128.699,94.59,90.97,100.16,92.6,11.32,58.79
2025-03-14 12:10:00,89.916,12332.66,40.208,319.254,127.338,94.98,91.47,99.51,92.94,11.48,58.78
2025-03-14 12:15:00,88.324,12766.051,39.837,318.992,129.056,94.76,91.2,100.1,92.9,11.25,58.77
2025-03-14 12:20:00,90.157,12771.191,39.801,325.661,132.547,94.62,90.84,100.3,92.42,11.03,58.77
2025-03-14 12:25:00,91.1,12847.644,39.518,327.002,129.533,95.43,91.2,100.1,93.3,11.22,58.76
2025-03-14 12:30:00,89.186,12659.177,40.079,323.293,132.657,94.96,90.56,99.17,93.06,10.85,58.75
2025-03-14 12:35:00,93.423,12641.649,39.568,325.18,128.955,94.19,91.3,100.3,93.26,9.99,58.74
2025-03-14 12:40:00,92.998,12708.019,39.308,323.954,127.728,95.13,90.94,99.93,92.07,10.62,58.73
2025-03-14 12:45:00,94.68,12631.554,39.036,321.46,131.624,95.21,91.1,99.7,93.21,9.5,58.72
2025-03-14 12:50:00,91.207,12496.117,39.877,324.483,130.761,94.79,90.53,100.63,92.72,10.94,58.71
2025-03-14 12:55:00,91.391,12705.333,39.247,322.069,130.26,94.96,90.93,100.73,92.92,8.43,58.7
2025-03-14 13:00:00,90.763,12810.63,39.526,318.927,129.037,95.06,91.02,100.74,92.71,10.27,58.7
2025-03-14 13:05:00,90.452,12782.424,39.48,319.486,126.375,95.03,90.84,99.89,94.02,11.6,58.69
2025-03-14 13:10:00,90.692,12179.25,40.609,320.822,129.842,95.22,90.51,100.13,93.21,11.4,58.68
2025-03-14 13:15:00,89.933,12457.782,39.296,323.084,129.35,94.74,91.2,99.92,92.55,12.27,58.67
2025-03-14 13:20:00,90.23,12706.921,39.853,320.809,128.913,94.08,90.41,100.48,92.93,10.35,58.66
2025-03-14 13:25:00,88.617,12541.691,39.847,323.49,132.154,95.68,91.85,99.24,92.75,13.27,58.65
2025-03-14 13:30:00,93.563,12758.017,39.701,327.406,132.312,95.31,91.25,99.4,92.8,10.81,58.64
2025-03-14 13:35:00,87.946,12520.964,39.617,321.222,137.561,94.99,91.25,100.28,93.86,11.54,58.63
2025-03-14 13:40:00,90.406,12412.953,39.736,325.386,129.668,94.54,90.47,99.76,92.85,10.15,58.63
2025-03-14 13:45:00,96.162,12876.818,39.375,320.67,129.756,95.24,90.62,99.69,92.37,11.69,58.62
2025-03-14 13:50:00,88.629,13205.762,38.926,325.356,129.665,95.03,91.18,99.8,91.98,9.88,58.61
2025-03-14 13:55:00,91.269,12775.883,39.127,324.754,128.473,95.1,91.68,100.36,93.29,10.56,58.6
2025-03-14 14:00:00,92.341,12926.789,39.272,323.154,129.37,94.87,90.3,100.25,93.53,12.14,58.59
2025-03-14 14:05:00,90.554,12694.056,39.349,322.53,127.97,94.16,91.6,100.13,93.38,11.97,58.58
2025-03-14 14:10:00,88.767,12542.872,39.448,323.768,127.446,95.4,90.18,100.78,93.37,10.0,58.57
2025-03-14 14:15:00,93.374,12990.052,39.45,315.323,121.812,94.85,90.56,99.99,93.27,11.37,58.57
2025-03-14 14:20:00,93.984,12858.27,39.909,316.868,127.05,95.27,91.35,99.65,93.49,10.36,58.56
2025-03-14 14:25:00,91.701,12653.44,39.497,319.896,125.574,95.24,91.03,100.22,92.86,11.65,58.55
2025-03-14 14:30:00,94.847,12562.042,39.968,316.895,133.176,95.22,91.66,100.13,93.24,12.51,58.54
2025-03-14 14:35:00,96.035,12695.996,39.637,319.246,127.576,95.41,91.05,100.03,92.52,9.99,58.53
2025-03-14 14:40:00,89.55,12720.906,40.001,314.957,127.945,94.83,90.93,100.28,93.21,11.65,58.52
2025-03-14 14:45:00,85.425,12533.088,40.196,323.827,129.042,94.45,90.99,100.01,92.78,11.5,58.51
2025-03-14 14:50:00,91.225,12768.188,39.509,316.087,128.56,94.42,91.13,100.56,93.04,10.96,58.51
2025-03-14 14:55:00,89.725,12754.37,39.405,318.487,132.717,94.95,91.12,100.12,93.08,9.63,58.5
2025-03-14 15:00:00,95.398,12629.203,39.89,320.816,129.352,95.73,90.53,100.19,92.92,12.19,58.49
2025-03-14 15:05:00,88.498,12719.618,39.598,325.02,131.786,95.04,90.71,100.32,92.92,10.45,58.48
2025-03-14 15:10:00,90.325,12609.562,39.432,322.939,127.992,94.74,91.01,100.49,92.96,9.84,58.47
2025-03-14 15:15:00,92.083,12376.793,39.884,326.734,130.616,95.04,90.73,99.97,92.42,11.24,58.46
2025-03-14 15:20:00,89.92,12811.043,39.43,319.693,128.929,95.65,90.83,99.93,93.21,10.06,58.46
2025-03-14 15:25:00,91.832,12879.127,39.81,319.831,128.103,94.93,90.76,99.66,92.59,9.93,58.45
2025-03-14 15:30:00,91.328,12641.397,39.399,314.65,126.454,94.0,91.13,100.33,93.4,11.42,58.44
2025-03-14 15:35:00,90.72,13092.75,39.643,322.546,132.65,95.58,90.97,100.67,93.37,10.33,58.43
2025-03-14 15:40:00,94.547,12823.426,39.669,323.921,129.054,95.51,90.85,100.4,92.24,10.36,58.42
2025-03-14 15:45:00,94.318,12788.856,39.11,313.291,126.548,95.15,90.7,99.57,92.68,12.32,58.41
2025-03-14 15:50:00,91.588,12771.314,39.992,318.017,132.251,95.21,91.47,100.53,93.0,10.89,58.41
2025-03-14 15:55:00,89.561,12393.833,39.428,320.457,128.734,95.18,91.7,99.37,93.13,9.38,58.4
2025-03-14 16:00:00,93.283,12825.818,39.403,316.931,127.826,95.58,90.94,99.79,92.69,9.3,58.39
2025-03-14 16:05:00,89.65,12546.596,39.562,312.913,128.646,95.9,91.45,100.25,93.17,10.82,58.38
2025-03-14 16:10:00,93.815,12796.003,39.768,318.321,122.375,95.01,91.48,100.88,93.68,10.25,58.37
2025-03-14 16:15:00,92.995,12745.756,39.783,322.945,125.665,95.55,91.23,99.64,92.72,10.3,58.37
2025-03-14 16:20:00,87.697,12923.555,40.064,315.638,130.072,94.45,90.46,100.12,92.64,9.77,58.36
2025-03-14 16:25:00,87.835,13182.539,39.506,316.726,127.495,95.72,90.94,100.3,93.17,9.12,58.35
2025-03-14 16:30:00,96.029,12492.822,39.929,316.81,128.626,94.99,91.24,100.23,92.94,9.61,58.34
2025-03-14 16:35:00,90.617,12452.716,39.356,317.624,129.258,95.39,90.84,99.97,93.6,9.83,58.33
2025-03-14 16:40:00,88.212,12573.736,38.387,315.686,127.883,95.27,91.31,100.49,93.48,10.85,58.32
2025-03-14 16:45:00,95.436,12732.839,39.694,319.598,127.123,95.47,90.85,99.82,92.49,10.11,58.32
2025-03-14 16:50:00,88.091,12618.258,39.817,320.903,128.981,95.91,90.87,100.06,93.38,8.25,58.31
2025-03-14 16:55:00,88.099,12604.8,39.776,319.056,130.157,94.88,90.98,100.15,92.51,9.5,58.3
2025-03-14 17:00:00,93.848,12432.019,39.281,324.515,127.985,94.68,90.39,100.39,93.51,7.43,58.29
2025-03-14 17:05:00,89.631,12394.761,40.001,312.728,128.803,95.01,90.38,99.69,93.3,8.7,58.28
2025-03-14 17:10:00,89.321,12820.863,39.81,322.434,128.945,94.73,90.83,100.18,93.53,8.48,58.28
2025-03-14 17:15:00,93.425,12809.45,39.825,313.976,127.184,95.1,91.23,100.32,92.92,10.12,58.27
2025-03-14 17:20:00,91.91,12512.203,38.802,319.129,129.243,95.96,90.46,99.87,92.6,8.62,58.26
2025-03-14 17:25:00,94.262,12438.338,39.478,319.662,130.143,94.89,90.81,99.82,92.82,9.5,58.25
2025-03-14 17:30:00,94.052,12656.555,39.113,309.717,130.973,95.22,90.53,100.92,93.06,8.52,58.25
2025-03-14 17:35:00,90.821,12492.552,39.857,322.102,126.169,93.86,91.01,99.96,93.95,8.64,58.24
2025-03-14 17:40:00,93.007,12598.399,38.821,316.712,126.184,95.79,90.75,100.36,93.66,8.2,58.23
2025-03-14 17:45:00,88.92,12779.333,39.348,317.246,131.595,95.04,90.63,99.65,93.18,8.44,58.22
2025-03-14 17:50:00,95.069,12918.135,38.555,319.232,125.632,95.01,90.55,99.74,92.72,6.83,58.22
2025-03-14 17:55:00,87.106,12637.407,39.855,313.456,131.977,95.03,91.26,99.13,93.23,8.16,58.21
2025-03-14 18:00:00,93.549,12421.622,39.009,319.482,128.665,94.43,90.85,99.94,92.6,7.04,58.2
2025-03-14 18:05:00,92.151,12671.754,40.079,319.741,129.017,94.69,91.15,100.55,92.68,8.05,58.19
2025-03-14 18:10:00,90.768,12902.728,39.448,327.031,123.551,95.65,91.27,99.64,92.19,6.12,58.18
2025-03-14 18:15:00,88.994,12510.534,39.458,316.698,128.094,94.42,90.75,100.36,92.49,7.17,58.18
2025-03-14 18:20:00,93.261,12505.369,39.415,315.691,127.477,95.53,91.09,99.77,92.6,7.78,58.17
2025-03-14 18:25:00,92.987,13023.832,39.945,317.24,129.581,95.06,91.63,99.66,93.02,7.18,58.16
2025-03-14 18:30:00,95.926,12402.5,38.997,319.008,125.704,95.91,91.19,100.4,92.89,5.8,58.16
2025-03-14 18:35:00,96.493,12557.052,39.823,318.526,124.258,95.11,91.15,99.56,92.61,7.28,58.15
2025-03-14 18:40:00,89.975,12681.184,39.778,318.225,126.211,95.01,91.1,100.17,93.06,6.99,58.14
2025-03-14 18:45:00,96.133,12845.615,39.623,318.174,128.878,94.59,90.32,99.68,92.83,6.9,58.13
2025-03-14 18:50:00,92.641,12734.26,39.319,317.694,129.716,94.99,91.26,99.58,93.32,7.29,58.13
2025-03-14 18:55:00,89.216,12424.52,39.135,321.865,124.154,95.04,91.12,99.5,92.97,5.51,58.12
2025-03-14 19:00:00,92.97,12597.023,39.282,312.632,127.9,95.5,91.22,99.63,93.13,6.04,58.11
2025-03-14 19:05:00,93.788,12509.414,39.719,321.153,131.608,95.1,91.16,100.68,93.51,5.04,58.1
2025-03-14 19:10:00,88.784,12643.884,39.611,308.982,131.172,95.46,91.25,100.07,93.3,6.41,58.1
2025-03-14 19:15:00,91.651,12826.366,39.745,323.095,126.283,94.82,91.26,99.56,93.82,6.82,58.09
2025-03-14 19:20:00,93.159,12408.164,39.002,321.646,128.365,95.38,91.07,99.98,91.66,5.52,58.08
2025-03-14 19:25:00,92.326,12809.547,38.923,324.544,130.391,95.44,91.43,99.35,92.53,4.59,58.08
2025-03-14 19:30:00,91.711,12795.214,39.011,311.565,133.724,94.7,90.51,100.19,93.61,6.38,58.07
2025-03-14 19:35:00,95.637,12592.771,39.745,318.534,126.81,95.16,90.48,100.08,92.55,4.98,58.06
2025-03-14 19:40:00,94.094,12402.955,39.013,313.926,124.477,94.72,91.12,100.27,92.57,6.82,58.06
2025-03-14 19:45:00,91.104,12673.302,39.123,314.793,129.268,94.87,91.33,100.08,93.25,4.49,58.05
2025-03-14 19:50:00,88.895,12573.411,38.427,317.471,131.535,94.62,90.94,100.04,92.46,4.93,58.04
2025-03-14 19:55:00,90.689,12603.871,39.06,327.02,124.25,94.52,91.05,100.14,92.79,4.72,58.04
2025-03-14 20:00:00,89.381,12564.468,39.082,325.25,125.442,95.62,91.04,100.31,92.83,4.58,58.03
2025-03-14 20:05:00,90.555,12525.965,39.449,318.161,126.593,94.01,90.41,99.56,93.13,5.98,58.02
2025-03-14 20:10:00,89.407,12280.464,39.173,310.894,124.734,94.78,91.64,100.33,93.08,3.97,58.02
2025-03-14 20:15:00,91.689,12897.952,39.401,315.253,125.226,94.7,90.76,99.99,92.65,5.19,58.01
2025-03-14 20:20:00,92.088,12675.389,39.272,314.732,127.437,94.9,91.25,100.36,93.76,4.48,58.0
2025-03-14 20:25:00,92.04,12545.904,39.099,320.122,125.396,94.97,90.56,100.05,92.64,5.97,58.0
2025-03-14 20:30:00,93.567,12382.976,39.098,313.841,126.968,94.74,91.0,99.8,92.08,3.2,57.99
2025-03-14 20:35:00,92.58,12627.014,39.086,314.342,125.001,95.23,91.13,99.89,92.93,4.12,57.98
2025-03-14 20:40:00,89.798,12837.177,39.506,316.558,122.984,95.19,90.73,99.43,93.27,4.01,57.98
2025-03-14 20:45:00,90.34,12901.884,39.283,315.045,125.388,94.2,90.48,99.78,92.03,5.87,57.97
2025-03-14 20:50:00,92.421,12750.81,39.766,320.28,126.189,94.56,90.76,100.4,93.07,3.09,57.96
2025-03-14 20:55:00,88.75,12420.037,39.047,304.996,126.737,95.06,90.04,99.51,93.46,4.19,57.96
2025-03-14 21:00:00,91.676,12477.71,38.904,320.141,127.929,95.3,90.79,99.86,92.65,3.2,57.95
2025-03-14 21:05:00,93.653,12553.017,38.428,318.376,126.461,94.2,91.57,99.86,92.67,3.52,57.95
2025-03-14 21:10:00,91.096,12608.655,39.179,312.108,128.095,94.74,90.43,100.05,92.85,2.92,57.94
2025-03-14 21:15:00,91.471,12292.11,39.236,313.754,124.713,94.94,90.75,99.32,93.23,3.02,57.93
2025-03-14 21:20:00,94.272,12620.162,39.208,315.216,120.345,94.94,91.55,100.62,92.78,4.12,57.93
2025-03-14 21:25:00,93.702,12729.446,39.831,312.876,125.948,94.39,90.64,99.64,92.99,3.51,57.92
2025-03-14 21:30:00,93.413,12529.052,39.097,316.397,124.523,95.44,90.97,99.99,92.49,3.71,57.92
2025-03-14 21:35:00,90.683,12746.768,39.368,314.689,128.338,94.84,91.51,100.24,92.9,4.15,57.91
2025-03-14 21:40:00,92.506,12533.193,38.968,315.044,128.465,95.15,91.03,98.98,93.01,2.65,57.9
2025-03-14 21:45:00,94.602,12607.87,39.348,317.988,124.754,95.26,91.06,100.08,93.21,3.65,57.9
2025-03-14 21:50:00,96.019,12758.387,39.193,308.207,127.289,95.09,90.63,100.2,92.72,1.7,57.89
2025-03-14 21:55:00,91.784,12783.437,39.116,314.072,122.892,95.79,91.19,100.03,92.92,2.56,57.89
2025-03-14 22:00:00,93.848,12709.744,38.321,313.773,126.367,95.57,91.1,100.22,93.31,2.14,57.88
2025-03-14 22:05:00,89.499,12451.935,39.677,315.214,124.563,95.05,90.99,99.52,92.76,2.44,57.88
2025-03-14 22:10:00,89.087,12463.847,39.116,320.675,120.271,94.73,90.94,99.61,92.37,2.69,57.87
2025-03-14 22:15:00,89.366,12816.788,39.509,315.468,126.805,94.44,90.93,99.72,93.12,2.66,57.86
2025-03-14 22:20:00,88.99,12885.626,39.08,306.291,129.48,95.12,90.66,100.31,92.6,2.81,57.86
2025-03-14 22:25:00,92.999,12703.685,38.729,305.741,127.45,95.18,90.88,100.59,92.37,2.24,57.85
2025-03-14 22:30:00,89.43,12581.219,38.106,311.291,122.292,95.47,90.64,99.31,93.13,0.85,57.85
2025-03-14 22:35:00,90.946,12461.142,39.25,312.665,128.766,95.53,91.04,99.24,93.05,1.28,57.84
2025-03-14 22:40:00,88.289,12877.712,38.406,319.626,123.5,95.62,90.49,99.7,92.92,1.22,57.84
2025-03-14 22:45:00,88.479,12509.371,39.309,315.824,125.525,95.25,90.3,100.11,91.9,1.37,57.83
2025-03-14 22:50:00,90.346,12299.38,38.664,306.911,125.001,95.06,91.23,100.4,92.89,1.34,57.83
2025-03-14 22:55:00,93.491,12739.48,38.589,315.659,124.458,94.64,91.38,99.28,93.19,-0.03,57.82
2025-03-14 23:00:00,91.758,12486.941,39.21,308.851,122.082,94.62,91.06,99.58,92.79,0.83,57.82
2025-03-14 23:05:00,92.472,12634.686,39.076,316.364,125.82,94.82,91.4,99.84,92.86,1.93,57.81
2025-03-14 23:10:00,90.702,12287.546,38.452,312.958,126.693,94.37,91.19,99.78,92.69,0.11,57.81
2025-03-14 23:15:00,92.972,12485.464,38.965,314.177,126.646,95.34,90.42,101.03,92.76,2.08,57.8
2025-03-14 23:20:00,89.564,12445.73,38.737,317.045,130.781,94.92,89.87,99.05,93.21,1.82,57.8
2025-03-14 23:25:00,93.47,12737.317,38.489,313.069,121.989,94.41,91.53,100.45,92.85,0.49,57.79
2025-03-14 23:30:00,86.65,12591.385,38.66,313.501,129.852,95.43,91.41,100.12,93.23,1.0,57.79
2025-03-14 23:35:00,92.696,12775.134,37.886,316.817,128.425,95.27,90.51,99.71,93.08,1.7,57.78
2025-03-14 23:40:00,94.203,12754.402,38.874,316.326,126.351,94.91,90.9,100.0,93.42,0.54,57.78
2025-03-14 23:45:00,89.16,12524.6,38.744,318.161,126.066,94.54,91.28,100.02,93.24,-0.43,57.77
2025-03-14 23:50:00,87.99,12659.583,39.149,310.297,128.815,95.79,91.1,100.25,93.13,0.71,57.77
2025-03-14 23:55:00,92.782,12508.832,38.826,318.519,126.427,94.27,90.2,100.95,93.23,-0.16,57.77
2025-03-15 00:00:00,91.549,12458.458,38.689,308.879,124.13,95.23,91.91,99.79,92.55,0.12,57.76
2025-03-15 00:05:00,92.539,12516.312,39.289,312.718,128.949,95.15,90.92,100.41,92.23,0.51,57.76
2025-03-15 00:10:00,90.985,12685.195,38.32,316.125,122.008,95.43,90.95,99.64,93.17,-0.92,57.75
2025-03-15 00:15:00,87.42,12692.489,38.82,318.091,125.197,94.48,91.18,100.43,92.81,0.48,57.75
2025-03-15 00:20:00,94.864,12571.972,38.814,313.607,127.32,95.32,90.88,100.24,92.67,0.42,57.74
2025-03-15 00:25:00,92.683,12428.504,39.316,311.412,127.826,94.96,90.9,100.26,92.32,0.61,57.74
2025-03-15 00:30:00,94.679,12499.772,38.427,314.727,125.437,95.44,91.29,100.42,93.32,-0.01,57.74
2025-03-15 00:35:00,91.397,12464.526,38.684,316.104,129.959,95.53,91.59,99.38,92.54,0.89,57.73
2025-03-15 00:40:00,91.619,12774.01,39.113,313.071,124.541,95.11,90.46,100.03,93.1,0.9,57.73
2025-03-15 00:45:00,92.487,12384.905,39.196,316.445,126.25,95.68,91.16,100.07,93.02,-0.2,57.72
2025-03-15 00:50:00,91.427,12785.748,39.022,318.807,129.269,94.71,91.42,99.99,93.46,0.01,57.72
2025-03-15 00:55:00,92.419,12550.711,38.625,318.712,128.54,95.16,90.57,100.36,92.48,0.57,57.72
2025-03-15 01:00:00,97.166,12656.399,39.099,308.238,124.985,94.99,90.96,99.86,93.44,1.66,57.71
2025-03-15 01:05:00,89.718,12601.289,38.756,307.639,124.323,94.91,90.55,99.86,92.72,0.75,57.71
2025-03-15 01:10:00,89.33,12455.378,38.93,310.047,129.058,94.75,91.4,99.66,92.87,1.02,57.71
2025-03-15 01:15:00,89.971,12178.906,38.229,314.391,124.467,95.62,90.73,100.27,92.11,1.1,57.7
2025-03-15 01:20:00,90.377,12518.633,39.039,319.513,123.069,95.87,91.15,100.59,92.99,0.64,57.7
2025-03-15 01:25:00,92.419,12373.076,39.206,310.866,128.836,95.18,91.31,99.8,93.27,0.13,57.69
2025-03-15 01:30:00,86.425,12622.025,38.292,316.027,126.608,95.15,91.53,99.27,93.39,0.05,57.69
2025-03-15 01:35:00,90.753,12402.774,39.008,302.942,124.52,95.06,91.57,99.67,93.22,0.07,57.69
2025-03-15 01:40:00,93.464,12698.265,38.988,322.315,125.361,94.42,90.07,100.24,92.71,-0.3,57.68
2025-03-15 01:45:00,94.657,12529.424,38.549,308.738,124.265,94.63,90.5,100.67,93.27,0.47,57.68
2025-03-15 01:50:00,90.438,12451.844,38.685,309.056,124.05,94.36,90.48,100.18,93.58,0.36,57.68
2025-03-15 01:55:00,90.509,12622.387,38.192,312.764,123.191,94.59,90.92,100.39,93.49,1.06,57.68
2025-03-15 02:00:00,90.05,12635.596,38.52,319.187,122.041,95.11,90.72,100.27,93.46,-0.02,57.67
2025-03-15 02:05:00,90.719,12539.906,39.113,304.72,125.977,95.09,91.05,99.64,92.55,-0.35,57.67
2025-03-15 02:10:00,86.909,12296.632,38.81,308.45,123.829,94.25,90.76,100.19,92.73,-0.37,57.67
2025-03-15 02:15:00,93.342,12285.113,38.656,313.418,131.082,94.91,90.85,100.24,92.84,0.27,57.66
2025-03-15 02:20:00,87.986,12386.59,39.135,305.915,125.133,95.63,91.25,99.52,93.8,0.58,57.66
2025-03-15 02:25:00,92.312,12773.313,39.429,311.719,126.4,94.88,91.41,99.3,92.38,0.99,57.66
2025-03-15 02:30:00,90.494,12344.483,39.143,309.819,126.153,94.46,90.81,99.82,92.35,0.51,57.66
2025-03-15 02:35:00,90.965,12471.678,38.686,317.689,127.187,95.54,90.87,100.45,92.79,-0.17,57.65
2025-03-15 02:40:00,90.5,12352.241,39.674,309.622,123.665,95.26,91.67,99.35,93.31,-0.21,57.65
2025-03-15 02:45:00,92.333,12509.966,39.079,315.99,124.529,94.56,90.63,100.57,93.38,0.47,57.65
2025-03-15 02:50:00,93.165,12501.711,38.993,300.559,129.064,94.93,91.68,100.64,92.68,-0.05,57.65
2025-03-15 02:55:00,92.741,12742.268,38.805,308.122,120.21,95.46,91.13,100.49,93.03,-0.11,57.64
2025-03-15 03:00:00,93.402,12412.459,37.819,316.922,124.086,94.85,90.78,100.49,93.2,1.39,57.64
2025-03-15 03:05:00,92.902,12468.697,39.426,317.872,124.591,94.33,90.93,100.33,92.93,1.57,57.64
2025-03-15 03:10:00,94.21,12324.935,38.278,314.911,121.732,95.64,90.49,100.06,92.94,1.33,57.64
2025-03-15 03:15:00,91.008,12715.535,39.128,312.35,125.353,95.27,91.69,100.55,93.02,-0.13,57.63
2025-03-15 03:20:00,92.108,12220.204,38.953,313.068,128.297,94.73,90.97,100.34,92.85,0.9,57.63
2025-03-15 03:25:00,91.06,12886.601,39.249,309.183,120.499,94.49,90.12,99.87,93.13,1.07,57.63
2025-03-15 03:30:00,92.302,12321.647,39.368,308.63,129.603,95.3,90.98,100.25,93.11,-0.63,57.63
2025-03-15 03:35:00,96.216,12678.216,38.72,309.618,127.931,94.58,91.11,100.52,92.87,1.48,57.63
2025-03-15 03:40:00,92.851,12578.84,38.829,312.407,125.193,95.32,91.26,100.32,93.53,1.69,57.62
2025-03-15 03:45:00,97.363,12517.775,39.004,319.881,122.637,94.13,91.32,100.73,93.31,1.2,57.62
2025-03-15 03:50:00,91.219,12477.484,38.658,311.115,122.699,94.87,91.23,100.06,92.92,0.9,57.62
2025-03-15 03:55:00,90.085,12687.204,38.793,305.235,127.334,95.81,91.24,100.13,92.77,0.8,57.62
2025-03-15 04:00:00,88.478,12434.449,39.024,310.04,121.209,95.18,91.18,99.73,93.2,1.81,57.62
2025-03-15 04:05:00,93.542,12270.92,39.008,314.592,122.012,95.28,91.29,99.52,93.26,1.67,57.62
2025-03-15 04:10:00,91.36,12704.32,39.362,317.524,129.03,95.02,91.78,100.78,92.6,-0.37,57.62
2025-03-15 04:15:00,91.056,12762.637,39.083,309.375,120.214,95.18,91.02,100.37,93.15,1.35,57.61
2025-03-15 04:20:00,85.888,12406.119,39.333,318.302,124.296,94.94,90.35,100.09,93.32,0.78,57.61
2025-03-15 04:25:00,92.769,12483.844,38.301,320.14,124.262,94.69,90.87,100.2,92.43,0.59,57.61
2025-03-15 04:30:00,93.84,12695.571,39.049,311.132,126.459,94.67,91.29,99.31,93.13,2.8,57.61
2025-03-15 04:35:00,92.135,12833.149,38.989,314.895,125.262,95.1,90.82,99.69,92.87,1.61,57.61
2025-03-15 04:40:00,89.381,12666.646,38.828,316.875,132.752,95.14,91.3,99.64,93.37,3.44,57.61
2025-03-15 04:45:00,90.011,12709.918,39.293,314.347,129.974,94.55,90.37,99.93,93.12,1.38,57.61
2025-03-15 04:50:00,91.191,12808.681,38.502,312.093,127.518,94.66,90.39,100.12,92.74,1.98,57.61
2025-03-15 04:55:00,90.734,12663.568,39.247,308.597,123.424,95.26,91.39,99.31,92.93,2.38,57.61
2025-03-15 05:00:00,97.425,12625.974,38.298,311.221,119.29,95.47,90.62,99.32,92.86,2.45,57.6
2025-03-15 05:05:00,93.787,12250.41,38.691,308.524,121.886,94.31,90.57,99.46,92.77,2.85,57.6
2025-03-15 05:10:00,91.651,12185.448,38.754,307.568,126.557,94.74,91.29,100.4,93.45,1.54,57.6
2025-03-15 05:15:00,90.715,12458.185,38.955,310.108,119.699,94.98,90.91,99.58,93.09,4.02,57.6
2025-03-15 05:20:00,96.142,12505.893,38.724,309.75,127.068,94.37,90.45,99.44,92.95,1.8,57.6
2025-03-15 05:25:00,87.355,12426.227,38.869,309.08,125.536,94.99,90.72,100.77,92.63,1.24,57.6
2025-03-15 05:30:00,94.019,12845.974,39.212,308.821,128.797,94.81,90.47,100.0,93.07,2.56,57.6
2025-03-15 05:35:00,93.712,12689.097,39.046,307.022,121.618,95.35,90.19,100.2,92.86,2.86,57.6
2025-03-15 05:40:00,90.715,12787.018,39.432,309.859,121.889,94.51,91.39,99.95,93.5,2.23,57.6
2025-03-15 05:45:00,95.715,12520.779,38.753,311.88,124.182,95.12,90.87,100.21,93.22,3.45,57.6
2025-03-15 05:50:00,90.758,12410.766,39.316,317.38,126.278,95.65,90.55,100.29,93.03,2.76,57.6
2025-03-15 05:55:00,93.119,12620.222,38.85,308.796,123.641,95.34,90.97,99.81,93.18,4.14,57.6
2025-03-15 06:00:00,90.854,12731.794,39.26,312.587,124.78,94.6,91.04,99.9,93.55,3.42,57.6
2025-03-15 06:05:00,95.8,12796.822,38.783,305.324,125.246,95.6,90.84,99.8,92.86,3.09,57.6
2025-03-15 06:10:00,89.18,12438.882,39.22,314.748,122.383,95.57,91.61,100.15,93.75,3.67,57.6
2025-03-15 06:15:00,95.417,12333.622,38.712,315.429,126.96,94.92,91.54,99.89,92.88,5.13,57.6
2025-03-15 06:20:00,89.107,12683.674,38.631,316.008,124.703,94.39,91.15,100.22,93.91,3.84,57.6
2025-03-15 06:25:00,90.375,12587.65,38.89,313.048,118.299,94.45,90.87,99.39,93.13,3.93,57.6
2025-03-15 06:30:00,89.536,12357.954,39.418,307.489,120.981,94.81,90.46,99.84,92.92,5.76,57.6
2025-03-15 06:35:00,87.021,12669.377,38.878,305.631,122.805,95.58,91.42,100.11,93.43,4.01,57.6
2025-03-15 06:40:00,89.759,12390.339,38.766,315.414,126.026,95.05,91.3,99.42,93.31,4.56,57.6
2025-03-15 06:45:00,88.083,12373.833,39.297,310.285,120.963,95.46,91.66,100.05,93.06,5.12,57.6
2025-03-15 06:50:00,93.754,12679.096,39.25,308.149,124.433,94.17,90.73,100.65,92.77,4.11,57.6
2025-03-15 06:55:00,89.885,12493.851,39.035,311.369,123.086,93.93,91.47,100.04,92.9,5.65,57.6
2025-03-15 07:00:00,89.491,12333.259,39.404,318.082,121.456,94.89,90.68,99.82,93.55,5.88,57.6
2025-03-15 07:05:00,90.521,12560.564,38.733,311.755,126.165,95.14,89.75,99.5,92.92,5.51,57.61
2025-03-15 07:10:00,88.731,12663.098,39.474,318.143,122.538,95.31,90.81,99.64,92.65,4.95,57.61
2025-03-15 07:15:00,91.268,12678.595,39.191,311.818,122.32,94.49,90.77,99.26,93.57,3.93,57.61
2025-03-15 07:20:00,93.431,12760.016,39.252,316.135,128.248,95.34,90.67,100.22,92.74,5.11,57.61
2025-03-15 07:25:00,92.433,12099.85,38.897,310.303,124.574,94.46,91.15,99.97,93.27,5.17,57.61
2025-03-15 07:30:00,89.794,12561.67,39.95,308.748,126.883,94.86,91.23,100.11,92.45,5.77,57.61
2025-03-15 07:35:00,89.231,12569.138,39.842,313.646,129.858,95.39,91.0,100.29,93.0,6.38,57.61
2025-03-15 07:40:00,93.495,13005.078,39.473,309.984,123.896,95.2,91.03,99.72,92.77,6.18,57.61
2025-03-15 07:45:00,93.449,12784.34,39.64,310.125,124.635,94.48,90.6,99.73,92.72,5.29,57.61
2025-03-15 07:50:00,92.758,12902.018,39.365,306.657,126.977,94.43,90.28,100.64,93.26,6.21,57.62
2025-03-15 07:55:00,92.986,12615.229,38.839,304.111,123.877,94.56,91.43,100.16,92.47,7.36,57.62
2025-03-15 08:00:00,92.876,12679.449,38.962,311.838,124.594,95.48,91.2,100.49,93.25,7.03,57.62
2025-03-15 08:05:00,90.211,12686.926,39.153,307.413,128.348,94.93,91.12,99.8,92.55,6.28,57.62
2025-03-15 08:10:00,95.151,12822.547,39.101,317.836,119.681,95.28,91.31,99.94,93.21,5.86,57.62
2025-03-15 08:15:00,95.346,12648.371,39.259,309.692,127.674,95.39,91.11,99.19,93.48,6.53,57.62
2025-03-15 08:20:00,88.697,12490.512,39.464,316.848,127.212,94.6,90.81,100.53,93.56,7.02,57.62
2025-03-15 08:25:00,93.212,12567.552,39.386,316.222,124.087,94.89,90.36,99.84,93.76,7.3,57.63
2025-03-15 08:30:00,93.524,12547.909,39.708,313.149,124.866,94.63,91.23,100.28,93.03,7.88,57.63
2025-03-15 08:35:00,91.723,12455.285,39.662,319.464,123.468,95.36,90.65,100.15,92.88,8.1,57.63
2025-03-15 08:40:00,95.149,12431.727,39.488,301.45,123.013,95.16,91.32,100.33,92.27,6.75,57.63
2025-03-15 08:45:00,92.268,12098.253,38.739,307.715,120.199,95.33,91.25,100.02,93.37,7.83,57.63
2025-03-15 08:50:00,90.345,12791.109,39.087,311.55,124.781,94.83,91.04,100.03,92.9,6.34,57.64
2025-03-15 08:55:00,96.773,12668.562,39.294,315.21,124.296,95.06,91.46,99.22,93.08,6.93,57.64
2025-03-15 09:00:00,87.153,12251.594,39.4,311.506,128.278,95.48,91.32,99.29,92.7,8.69,57.64
2025-03-15 09:05:00,91.617,12458.183,39.134,316.033,123.498,95.29,90.67,99.93,92.68,8.06,57.64
2025-03-15 09:10:00,91.499,12502.735,39.413,312.823,124.146,94.59,90.8,100.18,92.72,8.98,57.65
2025-03-15 09:15:00,86.292,12850.431,39.362,312.612,127.348,94.94,91.4,99.55,92.87,8.61,57.65
2025-03-15 09:20:00,92.844,12616.375,40.267,310.984,125.216,95.0,91.15,99.28,92.79,8.33,57.65
2025-03-15 09:25:00,92.681,12370.326,39.525,314.563,130.157,95.39,91.12,100.08,93.23,7.59,57.65
2025-03-15 09:30:00,91.113,12884.815,39.203,312.559,121.909,95.08,91.34,100.03,92.93,8.15,57.66
2025-03-15 09:35:00,98.816,12401.608,39.797,313.659,128.736,94.67,91.39,99.8,93.06,8.22,57.66
2025-03-15 09:40:00,87.275,12532.278,39.712,313.577,125.579,95.19,91.11,100.23,92.86,8.39,57.66
2025-03-15 09:45:00,90.342,12430.136,39.313,320.929,124.899,94.39,91.48,99.87,92.43,9.93,57.66
2025-03-15 09:50:00,89.253,12546.75,39.024,313.241,119.336,94.46,91.3,99.74,93.57,9.16,57.67
2025-03-15 09:55:00,88.336,12795.539,39.165,309.548,126.612,94.18,91.12,99.79,93.43,8.4,57.67
2025-03-15 10:00:00,87.286,12708.52,39.26,307.203,126.824,95.3,91.72,99.98,92.88,8.81,57.67
2025-03-15 10:05:00,85.65,12627.53,39.324,308.556,126.338,95.29,91.39,100.02,92.15,8.51,57.68
2025-03-15 10:10:00,91.323,12348.195,39.271,313.602,123.028,94.66,89.89,99.17,92.91,7.82,57.68
2025-03-15 10:15:00,91.328,12866.692,40.131,310.358,123.69,93.9,90.72,100.13,93.23,8.0,57.68
2025-03-15 10:20:00,92.645,12371.392,39.533,310.147,127.063,94.91,91.28,99.48,91.28,10.05,57.68
2025-03-15 10:25:00,93.545,12618.603,38.904,322.93,122.981,94.74,90.79,99.8,92.65,8.0,57.69
2025-03-15 10:30:00,87.736,12970.191,39.509,308.531,126.852,94.36,91.12,99.15,93.18,10.76,57.69
2025-03-15 10:35:00,89.833,12486.945,39.798,308.893,126.431,94.41,90.37,99.64,93.18,9.72,57.69
2025-03-15 10:40:00,89.314,12556.399,39.902,311.333,127.425,94.98,91.13,99.89,92.86,9.56,57.7
2025-03-15 10:45:00,93.704,12281.13,39.375,313.387,128.035,94.3,90.82,99.8,93.82,10.97,57.7
2025-03-15 10:50:00,86.421,12436.02,39.092,315.048,123.83,94.3,91.08,100.48,91.91,9.33,57.71
2025-03-15 10:55:00,90.87,12489.784,39.157,309.349,125.491,94.65,91.36,100.23,92.23,11.14,57.71
2025-03-15 11:00:00,91.162,12521.744,39.691,311.082,124.57,95.38,90.72,100.12,93.17,9.87,57.71
2025-03-15 11:05:00,91.787,12712.743,39.469,312.017,127.88,95.04,91.01,100.3,92.87,10.07,57.72
2025-03-15 11:10:00,91.475,12562.93,40.803,309.366,126.481,95.32,90.97,100.23,93.08,10.19,57.72
2025-03-15 11:15:00,91.719,12798.568,39.308,312.233,126.605,94.97,91.77,100.15,93.43,8.39,57.72
2025-03-15 11:20:00,91.291,12476.566,39.904,315.693,133.342,94.68,90.94,99.97,93.31,9.06,57.73
2025-03-15 11:25:00,95.41,12562.142,39.405,315.753,128.016,95.28,91.13,100.48,92.87,11.37,57.73
2025-03-15 11:30:00,93.894,12572.137,39.538,312.77,126.579,94.84,91.11,100.04,92.92,9.12,57.74
2025-03-15 11:35:00,89.787,12707.52,39.761,309.672,125.982,94.88,90.64,99.78,93.18,9.37,57.74
2025-03-15 11:40:00,94.839,12261.902,39.596,303.42,127.122,95.46,90.69,100.32,93.05,10.42,57.74
2025-03-15 11:45:00,89.162,12559.156,39.161,311.493,128.186,94.6,91.17,99.53,93.14,11.37,57.75
2025-03-15 11:50:00,92.686,12490.796,39.756,316.541,126.163,95.05,91.05,99.7,92.7,11.56,57.75
2025-03-15 11:55:00,87.16,12627.115,39.329,304.846,127.217,95.23,91.38,100.39,92.6,10.3,57.76
2025-03-15 12:00:00,91.608,12465.244,39.549,313.41,127.476,95.04,90.27,99.56,92.49,11.75,57.76
2025-03-15 12:05:00,92.099,12848.109,39.283,314.152,126.3,94.61,91.81,99.86,93.09,10.75,57.77
2025-03-15 12:10:00,94.921,12594.544,39.979,317.767,126.441,94.96,90.74,99.3,93.01,9.87,57.77
2025-03-15 12:15:00,94.885,12731.558,39.74,315.676,124.793,95.18,90.5,99.99,92.48,11.55,57.77
2025-03-15 12:20:00,94.158,12658.687,39.742,310.217,124.139,95.78,90.52,100.54,93.06,11.78,57.78
2025-03-15 12:25:00,92.202,12844.301,38.918,313.019,131.275,94.53,90.98,100.21,93.19,10.53,57.78
2025-03-15 12:30:00,93.268,12673.885,39.651,307.583,128.398,94.72,90.53,100.02,92.83,11.23,57.79
2025-03-15 12:35:00,91.776,12524.882,40.467,309.686,123.033,94.37,90.42,100.07,92.91,12.47,57.79
2025-03-15 12:40:00,89.021,12577.296,40.191,312.732,124.62,95.09,91.42,100.03,93.72,10.58,57.8
2025-03-15 12:45:00,94.538,12503.815,39.333,308.858,128.43,94.71,90.92,99.69,93.19,11.22,57.8
2025-03-15 12:50:00,95.318,12617.077,39.261,317.956,123.961,95.19,90.67,99.85,92.8,10.09,57.81
2025-03-15 12:55:00,93.381,12494.987,39.772,319.351,121.308,95.26,91.45,100.79,93.57,11.5,57.81
2025-03-15 13:00:00,90.618,12424.242,39.935,312.823,124.614,94.79,90.83,99.57,92.89,10.35,57.82
2025-03-15 13:05:00,89.521,12578.424,39.511,313.512,121.93,93.82,90.86,99.73,92.7,11.81,57.82
2025-03-15 13:10:00,87.071,12473.48,39.904,310.68,126.609,92.97,88.39,99.72,90.68,11.73,57.83
2025-03-15 13:15:00,91.718,12385.563,39.963,305.057,127.541,92.09,87.57,99.14,90.6,11.15,57.83
2025-03-15 13:20:00,91.956,12679.882,39.705,317.294,128.327,93.3,89.07,99.16,91.13,12.58,57.84
2025-03-15 13:25:00,93.477,12452.419,39.886,316.214,123.828,92.95,88.85,98.55,90.71,11.8,57.84
2025-03-15 13:30:00,91.285,12239.423,39.342,315.304,126.831,91.69,87.71,97.81,90.33,11.27,57.85
2025-03-15 13:35:00,85.654,12604.694,39.747,310.3,127.084,92.56,87.46,97.96,89.8,11.93,57.85
2025-03-15 13:40:00,87.017,12701.484,39.927,323.589,123.57,91.72,88.07,97.31,89.16,10.98,57.86
2025-03-15 13:45:00,89.004,12013.94,39.792,314.315,123.105,91.01,88.34,96.76,89.75,12.26,57.86
2025-03-15 13:50:00,91.008,12338.341,40.024,318.584,122.297,91.89,87.58,97.91,90.03,10.18,57.87
2025-03-15 13:55:00,95.243,12436.984,39.893,311.748,125.667,93.46,89.51,99.22,90.73,11.63,57.88
2025-03-15 14:00:00,88.82,12633.662,39.239,312.178,128.604,92.94,89.3,99.56,90.71,11.53,57.88
2025-03-15 14:05:00,88.405,12693.072,39.903,318.004,125.184,92.65,89.31,98.93,90.87,11.11,57.89
2025-03-15 14:10:00,86.069,12875.492,39.813,314.025,123.988,93.41,89.27,99.04,91.61,11.14,57.89
2025-03-15 14:15:00,89.876,12151.334,39.986,311.682,125.687,92.86,89.36,99.72,90.86,11.19,57.9
2025-03-15 14:20:00,90.069,12620.766,39.197,315.225,121.821,92.52,89.06,98.98,90.97,11.37,57.9
2025-03-15 14:25:00,87.048,12423.445,39.971,323.311,125.348,92.72,89.2,98.44,90.18,10.35,57.91
2025-03-15 14:30:00,88.61,12560.435,40.306,313.09,128.121,91.45,87.55,98.43,90.12,10.79,57.92
2025-03-15 14:35:00,90.874,12181.476,39.305,322.859,124.557,91.06,87.46,97.17,89.14,10.34,57.92
2025-03-15 14:40:00,87.7,12489.229,39.617,309.602,130.013,91.72,87.91,98.28,90.02,11.78,57.93
2025-03-15 14:45:00,85.479,12585.311,40.033,318.751,126.191,92.66,88.32,98.17,90.28,12.47,57.93
2025-03-15 14:50:00,92.236,12435.32,38.798,311.494,129.219,93.13,89.26,99.49,91.68,9.7,57.94
2025-03-15 14:55:00,89.614,12530.386,39.311,313.834,123.103,93.66,89.77,99.35,91.15,9.73,57.95
2025-03-15 15:00:00,88.997,12490.165,40.125,316.228,128.08,94.43,90.27,100.09,92.7,10.2,57.95
2025-03-15 15:05:00,92.234,12323.96,39.751,302.49,127.352,93.64,90.1,100.3,92.89,10.54,57.96
2025-03-15 15:10:00,93.467,12541.565,39.347,316.906,123.473,94.31,90.12,99.85,92.65,10.8,57.96
2025-03-15 15:15:00,91.818,12415.306,39.644,311.818,121.095,94.76,91.05,100.27,92.42,10.57,57.97
2025-03-15 15:20:00,93.431,12366.886,39.71,317.354,129.38,94.6,92.04,99.19,93.0,11.19,57.98
2025-03-15 15:25:00,86.283,12534.151,39.611,317.577,131.398,95.83,91.44,99.65,93.35,9.46,57.98
2025-03-15 15:30:00,96.557,12637.636,39.769,321.006,125.68,94.89,90.69,100.04,92.73,11.71,57.99
2025-03-15 15:35:00,92.132,12923.754,39.452,319.079,132.351,95.32,91.04,99.48,92.95,11.21,58.0
2025-03-15 15:40:00,93.4,12661.741,40.143,311.568,130.605,93.78,90.35,100.22,91.29,10.59,58.0
2025-03-15 15:45:00,95.127,12682.747,39.232,310.725,130.957,93.57,90.33,99.76,91.74,8.95,58.01
2025-03-15 15:50:00,89.226,12698.797,39.654,315.405,125.08,93.4,89.11,99.37,91.62,9.97,58.02
2025-03-15 15:55:00,92.534,12692.299,39.696,319.113,123.846,92.71,88.56,98.87,91.57,10.53,58.02
2025-03-15 16:00:00,85.442,12753.16,39.425,308.255,127.439,93.23,88.71,98.31,91.11,9.9,58.03
2025-03-15 16:05:00,88.799,12509.756,39.636,317.483,125.16,93.23,88.98,98.55,90.71,8.79,58.04
2025-03-15 16:10:00,91.565,12551.392,39.347,314.877,123.894,93.04,89.24,98.62,91.18,9.5,58.04
2025-03-15 16:15:00,94.209,12517.457,39.509,305.845,126.95,92.05,88.25,98.76,90.07,10.55,58.05
2025-03-15 16:20:00,88.783,12769.011,39.633,315.011,121.043,92.13,88.6,99.43,91.64,7.83,58.06
2025-03-15 16:25:00,90.73,12809.036,39.595,312.011,130.193,92.44,89.02,98.67,90.98,8.33,58.06
2025-03-15 16:30:00,85.466,12605.815,39.835,319.232,121.487,93.86,89.33,99.88,91.75,10.04,58.07
2025-03-15 16:35:00,95.817,12398.025,39.157,314.458,124.951,95.23,90.48,99.94,92.41,8.9,58.08
2025-03-15 16:40:00,90.461,12654.597,39.458,313.715,127.103,94.81,90.99,100.23,92.81,9.61,58.08
2025-03-15 16:45:00,88.643,12637.659,39.131,311.502,126.916,95.27,91.55,99.45,93.11,7.33,58.09
2025-03-15 16:50:00,90.618,12358.549,39.997,316.178,127.337,94.37,91.39,100.58,93.2,9.83,58.1
2025-03-15 16:55:00,94.0,12542.787,39.417,315.56,128.153,94.35,90.97,99.92,92.77,10.12,58.1
2025-03-15 17:00:00,89.306,12564.174,39.082,310.224,125.658,94.62,91.15,99.77,93.59,8.76,58.11
2025-03-15 17:05:00,92.065,12657.088,39.559,319.008,126.738,95.51,90.65,100.14,92.99,9.26,58.12
2025-03-15 17:10:00,92.855,12663.336,39.788,313.703,125.352,95.49,90.66,100.35,92.6,9.27,58.13
2025-03-15 17:15:00,92.711,12630.341,39.316,317.272,123.118,94.44,90.71,100.05,92.54,10.42,58.13
2025-03-15 17:20:00,91.396,12368.251,39.672,320.413,131.167,94.69,90.7,99.07,92.02,8.65,58.14
2025-03-15 17:25:00,91.152,12864.978,39.516,315.754,128.694,94.26,90.65,99.73,92.67,8.91,58.15
2025-03-15 17:30:00,94.758,12919.217,39.155,317.593,128.498,94.36,90.98,100.75,93.08,8.34,58.16
2025-03-15 17:35:00,89.742,12610.52,39.793,318.121,122.743,95.2,90.71,100.15,93.44,8.1,58.16
2025-03-15 17:40:00,94.295,12703.341,40.041,324.467,125.701,95.23,90.99,100.78,93.18,8.48,58.17
2025-03-15 17:45:00,90.395,12680.595,39.738,322.06,132.643,94.73,91.15,99.42,92.85,8.28,58.18
2025-03-15 17:50:00,88.487,12673.729,39.373,316.017,127.595,94.9,91.34,100.35,92.71,7.85,58.18
2025-03-15 17:55:00,90.271,12615.046,39.356,320.966,125.783,94.53,91.03,99.97,92.26,7.67,58.19
2025-03-15 18:00:00,90.578,12892.692,39.809,313.571,127.417,94.62,90.71,100.68,92.41,8.32,58.2
2025-03-15 18:05:00,89.807,12583.33,39.685,319.585,130.509,96.07,91.18,100.57,92.07,7.94,58.21
2025-03-15 18:10:00,92.55,12819.016,39.426,320.564,129.956,95.19,90.98,99.76,93.31,7.88,58.22
2025-03-15 18:15:00,88.688,12759.62,39.449,312.016,126.974,95.31,91.01,99.46,92.68,9.38,58.22
2025-03-15 18:20:00,93.388,12597.456,39.898,316.955,129.64,94.71,90.43,99.14,93.09,7.25,58.23
2025-03-15 18:25:00,92.499,12992.473,39.634,320.186,127.599,95.46,90.74,100.19,92.82,7.57,58.24
2025-03-15 18:30:00,90.718,12490.086,39.691,315.205,125.515,95.23,91.17,99.78,92.82,6.74,58.25
2025-03-15 18:35:00,92.082,12880.234,39.65,325.979,128.896,95.93,90.57,99.86,93.57,6.61,58.25
2025-03-15 18:40:00,89.767,12548.055,39.87,317.241,125.589,94.7,91.03,100.33,92.64,5.51,58.26
2025-03-15 18:45:00,91.156,12627.57,39.485,322.93,128.058,95.88,91.24,100.02,93.62,7.9,58.27
2025-03-15 18:50:00,90.389,12793.262,39.882,326.891,132.387,94.89,90.86,99.51,92.31,5.27,58.28
2025-03-15 18:55:00,93.107,12498.279,39.447,317.547,129.609,95.07,91.58,100.6,93.46,7.07,58.28
2025-03-15 19:00:00,92.494,12782.435,38.797,310.149,129.15,95.48,90.63,99.3,92.66,5.93,58.29
2025-03-15 19:05:00,92.114,12362.712,39.238,322.828,126.658,95.23,90.21,99.83,93.36,5.73,58.3
2025-03-15 19:10:00,90.357,12905.864,39.638,313.679,127.657,95.37,91.42,99.88,92.38,5.16,58.31
2025-03-15 19:15:00,86.252,12743.883,39.266,312.801,128.056,95.12,90.92,99.95,93.23,7.61,58.32
2025-03-15 19:20:00,92.938,12614.356,39.483,313.103,128.624,95.02,91.08,100.56,93.01,7.41,58.32
2025-03-15 19:25:00,93.419,12695.078,39.95,318.622,126.172,94.9,91.16,99.88,93.2,6.67,58.33
2025-03-15 19:30:00,87.813,13188.517,39.206,318.746,127.66,95.0,91.2,100.54,92.69,6.66,58.34
2025-03-15 19:35:00,86.839,12555.409,39.505,323.082,125.167,94.63,91.32,100.27,92.69,7.06,58.35
2025-03-15 19:40:00,95.764,12406.33,39.257,318.61,122.418,94.84,91.32,99.92,92.83,6.78,58.36
2025-03-15 19:45:00,92.118,12560.432,40.06,311.68,131.428,95.21,90.65,99.03,93.03,5.25,58.37
2025-03-15 19:50:00,94.582,12722.611,39.618,321.931,127.058,94.96,90.94,99.19,92.7,5.17,58.37
2025-03-15 19:55:00,95.033,12722.943,39.0,325.153,128.384,94.85,90.86,99.65,93.03,5.46,58.38
2025-03-15 20:00:00,94.245,12367.721,39.375,323.01,128.107,95.13,90.84,99.87,92.19,7.01,58.39
2025-03-15 20:05:00,94.628,12345.482,39.978,324.851,129.792,94.51,91.39,99.75,93.18,5.39,58.4
2025-03-15 20:10:00,92.752,12686.371,39.42,323.224,129.233,94.95,91.15,99.54,92.81,4.7,58.41
2025-03-15 20:15:00,88.602,12534.516,39.657,320.966,125.922,94.88,92.18,99.44,93.34,4.76,58.41
2025-03-15 20:20:00,91.527,12699.329,39.862,316.415,128.325,94.6,91.26,99.5,93.84,5.0,58.42
2025-03-15 20:25:00,90.094,12781.302,39.17,322.966,130.005,94.1,91.57,100.48,93.86,4.32,58.43
2025-03-15 20:30:00,91.767,12411.353,39.882,326.459,126.923,95.16,90.29,100.05,93.32,5.15,58.44
2025-03-15 20:35:00,91.104,12746.146,38.935,319.7,129.509,95.15,90.4,100.18,92.09,3.76,58.45
2025-03-15 20:40:00,91.752,12534.143,39.975,321.351,127.265,94.59,90.83,99.5,93.03,4.94,58.46
2025-03-15 20:45:00,89.058,12454.106,39.163,321.565,123.793,95.12,90.9,100.63,93.34,2.35,58.46
2025-03-15 20:50:00,92.962,12548.894,39.463,320.544,126.608,94.52,91.28,99.37,92.83,3.37,58.47
2025-03-15 20:55:00,88.615,12907.188,39.113,321.087,120.592,95.29,90.66,99.67,93.02,4.13,58.48
2025-03-15 21:00:00,90.481,12498.804,38.782,320.148,126.22,95.02,91.07,99.65,92.45,3.17,58.49
2025-03-15 21:05:00,88.957,13100.414,39.646,321.123,132.813,94.66,90.79,100.26,92.73,5.34,58.5
2025-03-15 21:10:00,86.27,12625.038,39.715,322.753,126.318,95.3,91.23,100.0,92.79,3.61,58.51
2025-03-15 21:15:00,92.714,12936.293,38.893,324.476,126.179,95.1,91.12,100.21,93.07,3.82,58.51
2025-03-15 21:20:00,90.463,12717.626,39.005,321.154,126.955,95.66,91.43,99.61,92.74,4.08,58.52
2025-03-15 21:25:00,91.245,12345.057,38.273,326.357,130.098,94.22,91.21,100.26,92.24,3.51,58.53
2025-03-15 21:30:00,87.627,12725.375,38.133,326.644,121.948,95.14,91.23,100.1,92.58,2.78,58.54
2025-03-15 21:35:00,92.378,12788.33,38.682,324.783,125.895,95.08,90.61,100.29,93.11,3.8,58.55
2025-03-15 21:40:00,85.937,12850.725,38.9,321.4,125.252,94.56,90.68,99.95,93.4,3.19,58.56
2025-03-15 21:45:00,90.575,12266.659,39.037,324.174,125.704,95.51,90.62,99.62,93.34,2.34,58.57
2025-03-15 21:50:00,96.987,12750.783,39.109,320.205,128.361,94.96,90.67,99.98,93.82,2.73,58.57
2025-03-15 21:55:00,90.652,12703.829,39.413,324.488,131.383,94.69,90.99,100.81,93.4,2.27,58.58
2025-03-15 22:00:00,86.65,13244.121,38.833,329.404,125.895,95.37,90.71,99.9,93.13,2.51,58.59
2025-03-15 22:05:00,90.895,12501.709,39.619,316.258,125.711,95.3,90.9,99.64,92.77,2.38,58.6
2025-03-15 22:10:00,92.47,12866.466,38.681,318.638,129.572,94.74,90.76,100.41,92.92,3.1,58.61
2025-03-15 22:15:00,87.192,12383.897,38.856,319.518,127.916,94.14,90.41,99.94,92.89,0.91,58.62
2025-03-15 22:20:00,92.243,12662.297,39.346,320.335,131.368,94.88,91.51,99.94,93.33,1.67,58.63
2025-03-15 22:25:00,89.548,12749.086,38.72,327.177,127.943,95.58,91.01,99.96,93.04,2.46,58.63
2025-03-15 22:30:00,89.566,12922.461,38.867,321.72,125.241,94.65,91.15,100.03,92.9,2.8,58.64
2025-03-15 22:35:00,89.551,12664.703,39.403,316.536,124.295,94.71,90.54,100.18,93.37,2.7,58.65
2025-03-15 22:40:00,93.28,12946.663,38.984,318.439,132.825,94.78,90.25,100.25,92.47,2.96,58.66
2025-03-15 22:45:00,88.014,12958.096,39.236,319.771,131.412,94.49,90.8,99.98,92.74,0.4,58.67
2025-03-15 22:50:00,87.972,12916.841,38.77,320.066,129.37,95.22,90.08,100.06,92.32,1.94,58.68
2025-03-15 22:55:00,90.611,12839.405,38.985,328.491,126.806,95.36,90.55,99.75,92.63,0.32,58.69
2025-03-15 23:00:00,92.103,12591.574,39.091,326.889,123.193,95.22,90.88,100.76,93.07,0.34,58.7
2025-03-15 23:05:00,96.132,12738.56,38.387,320.07,130.085,95.23,90.87,100.56,93.16,1.05,58.7
2025-03-15 23:10:00,93.472,12503.743,39.221,323.252,127.688,94.74,90.21,100.21,93.2,1.8,58.71
2025-03-15 23:15:00,90.02,12571.638,38.611,322.29,122.507,95.13,91.12,100.04,92.64,-1.09,58.72
2025-03-15 23:20:00,89.635,12966.306,38.968,320.615,127.223,94.89,91.67,100.15,92.88,1.7,58.73
2025-03-15 23:25:00,90.186,12856.441,38.737,331.577,126.468,94.69,91.23,99.86,93.1,1.32,58.74
2025-03-15 23:30:00,86.956,12774.781,39.246,328.058,128.277,94.83,90.62,100.25,93.39,2.37,58.75
2025-03-15 23:35:00,89.4,13064.145,39.31,323.03,126.96,95.28,91.0,99.34,93.0,1.01,58.76
2025-03-15 23:40:00,94.616,12968.647,38.931,325.545,134.192,94.48,91.71,100.45,92.35,1.63,58.77
2025-03-15 23:45:00,89.62,13109.97,38.731,329.135,132.656,94.52,90.1,100.09,92.62,0.3,58.77
2025-03-15 23:50:00,91.293,12823.206,39.337,326.713,132.171,95.31,91.52,99.52,93.29,0.34,58.78
2025-03-15 23:55:00,91.624,12739.15,39.028,322.429,133.116,94.81,90.13,99.73,92.93,1.77,58.79
2025-03-16 00:00:00,87.792,13107.845,38.937,324.012,129.119,95.72,91.11,99.66,92.54,0.71,58.8
2025-03-16 00:05:00,89.192,12826.342,39.073,327.968,130.795,94.77,90.96,100.0,93.16,2.37,58.81
2025-03-16 00:10:00,86.005,12975.854,38.627,324.756,132.934,94.85,90.42,100.48,92.25,0.42,58.82
2025-03-16 00:15:00,88.785,12949.722,38.485,327.885,132.44,94.89,90.51,100.52,93.7,0.86,58.83
2025-03-16 00:20:00,87.964,12521.27,39.776,322.497,130.531,95.17,91.09,99.84,93.09,1.27,58.83
2025-03-16 00:25:00,89.789,12560.581,38.767,323.704,127.972,95.27,90.66,100.73,92.3,-0.87,58.84
2025-03-16 00:30:00,88.686,12696.019,39.331,318.804,131.188,94.9,91.04,100.08,92.59,1.09,58.85
2025-03-16 00:35:00,94.511,12565.378,39.341,322.589,127.555,95.08,91.28,99.29,92.7,2.51,58.86
2025-03-16 00:40:00,92.206,12856.832,38.933,326.899,131.625,94.56,91.41,100.36,92.56,0.71,58.87
2025-03-16 00:45:00,91.163,12642.571,38.732,318.972,127.775,94.69,90.25,99.4,92.97,0.19,58.88
2025-03-16 00:50:00,82.974,12963.449,38.824,327.527,126.177,95.05,90.88,99.67,92.3,1.23,58.89
2025-03-16 00:55:00,92.718,12901.478,39.123,329.798,124.096,95.0,90.71,100.02,92.5,0.84,58.9
2025-03-16 01:00:00,86.625,12979.205,38.847,324.6,134.655,95.32,90.66,100.81,92.76,-0.25,58.9
2025-03-16 01:05:00,86.559,12598.252,38.823,326.096,127.519,95.14,90.4,99.78,93.26,0.45,58.91
2025-03-16 01:10:00,89.782,12572.921,39.317,325.091,129.943,94.42,91.21,100.48,93.3,1.12,58.92
2025-03-16 01:15:00,89.456,12755.014,39.025,322.975,135.195,95.05,91.13,99.83,92.86,1.03,58.93
2025-03-16 01:20:00,88.004,12869.1,38.814,328.54,129.722,95.29,90.88,100.02,93.36,-0.19,58.94
2025-03-16 01:25:00,87.845,12831.548,39.524,325.063,133.035,95.19,91.46,99.69,93.31,0.66,58.95
2025-03-16 01:30:00,90.032,12761.982,39.18,325.967,130.129,95.32,89.9,100.47,93.72,0.87,58.96
2025-03-16 01:35:00,90.144,12533.273,38.779,323.777,128.493,94.41,90.74,99.93,93.5,0.99,58.97
2025-03-16 01:40:00,88.852,12926.998,39.007,321.549,132.052,94.42,91.3,99.8,93.06,-1.19,58.97
2025-03-16 01:45:00,95.051,12803.951,39.528,328.356,127.212,95.07,90.62,100.14,93.05,0.97,58.98
2025-03-16 01:50:00,90.399,12866.663,38.964,329.346,127.927,95.71,91.69,99.84,92.59,1.34,58.99
2025-03-16 01:55:00,92.637,12964.326,39.227,321.977,130.442,94.92,90.51,99.94,92.94,0.09,59.0
2025-03-16 02:00:00,90.123,12980.486,39.129,322.387,130.304,95.66,91.13,99.5,92.88,1.64,59.01
2025-03-16 02:05:00,91.888,12903.749,39.373,336.687,134.703,94.22,90.59,100.65,91.9,-0.01,59.02
2025-03-16 02:10:00,92.322,12895.335,38.885,327.673,131.485,94.86,91.32,99.57,93.32,-0.33,59.03
2025-03-16 02:15:00,94.44,13061.643,38.64,323.328,131.092,93.92,91.07,100.54,92.84,0.25,59.03
2025-03-16 02:20:00,88.647,12444.275,38.802,328.674,126.608,94.38,90.92,100.77,93.05,-0.14,59.04
2025-03-16 02:25:00,91.685,13012.069,39.271,328.676,128.613,94.84,90.53,100.48,93.02,-0.49,59.05
2025-03-16 02:30:00,93.133,12871.736,39.218,333.58,128.937,94.96,90.76,99.64,92.81,0.14,59.06
2025-03-16 02:35:00,88.919,12752.192,38.44,327.373,133.749,95.39,90.92,99.95,93.26,0.16,59.07
2025-03-16 02:40:00,91.021,13037.54,39.217,323.972,132.342,95.0,91.14,100.34,92.95,0.61,59.08
2025-03-16 02:45:00,86.979,12872.457,39.358,334.542,131.953,94.91,90.44,100.45,93.4,0.81,59.09
2025-03-16 02:50:00,90.995,12754.51,39.237,330.309,129.368,94.92,91.08,99.98,92.62,-1.31,59.09
2025-03-16 02:55:00,89.633,12872.808,39.01,330.531,129.018,94.86,90.52,99.65,92.61,0.62,59.1
2025-03-16 03:00:00,93.086,12720.013,39.49,327.453,129.297,94.73,90.79,99.69,93.05,-0.06,59.11
2025-03-16 03:05:00,84.563,12980.706,38.999,330.659,128.113,95.21,90.98,100.13,93.14,1.08,59.12
2025-03-16 03:10:00,85.66,12602.656,39.314,333.426,132.995,94.72,91.18,100.35,93.41,2.05,59.13
2025-03-16 03:15:00,86.892,13037.58,39.329,323.388,129.215,94.77,91.34,100.39,93.62,-0.42,59.14
2025-03-16 03:20:00,88.49,13170.705,39.603,322.917,132.71,95.14,91.79,100.92,92.9,0.85,59.14
2025-03-16 03:25:00,89.987,12638.426,39.275,329.153,129.408,95.05,90.65,99.55,93.31,2.23,59.15
2025-03-16 03:30:00,90.013,12987.427,38.777,335.307,128.655,95.2,90.51,100.39,93.19,1.36,59.16
2025-03-16 03:35:00,90.57,12895.844,38.893,325.523,130.481,95.42,91.0,99.73,93.17,1.68,59.17
2025-03-16 03:40:00,89.833,12896.124,38.819,331.971,132.045,95.01,90.92,99.36,93.83,-0.6,59.18
2025-03-16 03:45:00,88.892,13044.38,39.15,328.492,129.919,95.05,91.71,100.07,93.05,-0.3,59.19
2025-03-16 03:50:00,87.315,12788.933,39.398,323.193,128.798,95.22,91.25,100.58,93.44,2.18,59.19
2025-03-16 03:55:00,88.057,12952.087,39.046,324.444,132.012,95.06,91.55,100.32,93.81,2.03,59.2
2025-03-16 04:00:00,85.962,13165.347,38.931,327.704,129.911,94.96,90.88,100.4,92.36,0.92,59.21
2025-03-16 04:05:00,88.2,12773.593,39.03,324.415,127.559,94.38,91.26,99.56,93.19,1.42,59.22
2025-03-16 04:10:00,90.877,12817.537,38.96,327.216,133.105,94.56,90.6,100.38,93.58,0.17,59.23
2025-03-16 04:15:00,89.618,13263.938,39.242,336.107,137.616,94.76,91.25,99.99,93.66,3.74,59.23
2025-03-16 04:20:00,83.905,12966.709,38.587,329.709,132.6,94.6,91.33,99.73,92.82,1.22,59.24
2025-03-16 04:25:00,90.516,13023.554,39.466,328.824,133.577,95.32,91.25,99.94,93.01,3.63,59.25
2025-03-16 04:30:00,90.501,12828.458,39.252,333.979,134.716,95.25,91.29,100.0,93.1,2.18,59.26
2025-03-16 04:35:00,88.735,12910.932,39.007,330.174,132.986,95.28,91.35,99.69,93.13,1.47,59.27
2025-03-16 04:40:00,90.572,12896.983,39.091,333.456,126.419,94.3,90.03,99.47,92.02,1.45,59.28
2025-03-16 04:45:00,89.207,12661.866,38.942,329.646,129.879,95.26,91.22,98.88,92.89,1.61,59.28
2025-03-16 04:50:00,88.602,12654.936,39.433,326.484,136.29,93.97,90.4,99.79,92.88,1.36,59.29
2025-03-16 04:55:00,89.263,12752.653,39.028,332.24,134.15,93.96,90.35,100.4,92.28,1.04,59.3
2025-03-16 05:00:00,88.28,12877.715,39.361,330.219,132.691,93.88,88.46,100.08,92.09,1.4,59.31
2025-03-16 05:05:00,89.896,12883.392,38.536,333.749,133.646,92.68,89.1,98.87,90.77,1.76,59.32
2025-03-16 05:10:00,85.614,13067.106,39.346,333.217,130.867,92.88,88.47,98.31,90.67,1.89,59.32
2025-03-16 05:15:00,85.514,12801.192,38.729,322.587,129.912,93.04,87.8,98.48,90.9,2.77,59.33
2025-03-16 05:20:00,88.919,12862.961,39.471,333.071,129.636,91.08,87.54,97.4,89.09,3.89,59.34
2025-03-16 05:25:00,84.177,12773.335,39.003,325.195,129.148,92.61,87.61,98.29,89.9,1.22,59.35
2025-03-16 05:30:00,87.66,12862.501,39.257,335.61,127.688,92.48,88.77,98.69,90.73,3.62,59.35
2025-03-16 05:35:00,87.086,12767.657,39.577,330.469,133.779,92.91,89.83,99.88,90.49,2.49,59.36
2025-03-16 05:40:00,89.899,12830.014,39.108,337.919,133.362,92.74,88.62,98.26,90.31,2.86,59.37
2025-03-16 05:45:00,90.26,12842.551,39.425,331.734,133.811,92.73,88.59,98.39,90.55,3.3,59.38
2025-03-16 05:50:00,84.165,12905.715,39.325,325.788,134.223,91.26,86.71,97.38,88.78,3.19,59.38
2025-03-16 05:55:00,84.585,12875.95,39.989,332.301,129.894,91.86,87.61,97.9,89.39,2.41,59.39
2025-03-16 06:00:00,84.975,12917.396,39.009,332.725,129.903,90.87,87.31,96.33,88.42,3.52,59.4
2025-03-16 06:05:00,86.227,13369.701,38.926,335.632,130.551,91.33,87.05,97.44,89.4,3.07,59.41
2025-03-16 06:10:00,86.915,13112.843,39.725,334.086,131.643,91.04,86.84,97.15,89.18,3.37,59.42
2025-03-16 06:15:00,84.055,12873.747,39.209,332.265,129.414,92.18,87.31,97.84,89.89,4.39,59.42
2025-03-16 06:20:00,83.39,12918.861,39.523,330.259,132.248,91.0,87.82,97.28,89.46,3.39,59.43
2025-03-16 06:25:00,86.524,13041.446,39.725,329.878,133.239,91.92,88.2,97.83,89.46,4.08,59.44
2025-03-16 06:30:00,86.14,12798.584,39.579,333.021,133.15,91.74,87.2,97.62,89.92,4.43,59.44
2025-03-16 06:35:00,88.004,12773.963,39.981,338.798,134.404,91.18,86.84,97.41,89.43,4.14,59.45
2025-03-16 06:40:00,85.101,13169.937,39.359,330.612,131.461,92.69,88.45,99.3,90.17,4.11,59.46
2025-03-16 06:45:00,85.026,12556.769,39.178,334.348,128.862,91.74,88.67,98.03,90.66,3.27,59.47
2025-03-16 06:50:00,89.764,12784.224,39.452,339.046,134.108,93.24,87.47,98.99,90.73,3.51,59.47
2025-03-16 06:55:00,86.895,12651.674,39.277,331.382,130.558,92.28,87.6,98.25,90.05,3.68,59.48
2025-03-16 07:00:00,85.945,12666.656,39.192,326.512,132.624,91.19,88.27,96.2,89.33,5.29,59.49
2025-03-16 07:05:00,91.804,12589.206,38.953,333.861,127.964,91.41,87.99,98.08,90.42,4.32,59.5
2025-03-16 07:10:00,84.908,13087.759,39.423,339.736,130.171,91.44,87.27,97.55,89.76,4.4,59.5
2025-03-16 07:15:00,86.368,12667.808,39.939,327.507,126.836,89.94,86.28,96.37,87.56,5.01,59.51
2025-03-16 07:20:00,79.911,12936.638,40.152,335.76,128.447,89.76,85.88,95.89,88.04,4.87,59.52
2025-03-16 07:25:00,82.312,12908.433,39.38,335.409,129.052,89.98,86.7,97.08,89.26,4.93,59.52
2025-03-16 07:30:00,91.251,12650.167,39.362,331.093,134.78,90.2,86.78,96.46,88.48,4.67,59.53
2025-03-16 07:35:00,88.568,12964.925,40.075,332.078,136.512,90.77,85.83,96.61,88.08,6.09,59.54
2025-03-16 07:40:00,86.025,12818.785,39.665,337.222,131.063,90.13,86.15,96.48,88.24,5.76,59.54
2025-03-16 07:45:00,81.691,12721.176,39.227,331.913,130.191,90.9,87.11,96.72,89.03,7.22,59.55
2025-03-16 07:50:00,85.847,12743.013,39.759,338.055,127.637,90.15,86.1,95.42,88.18,5.75,59.56
2025-03-16 07:55:00,87.469,12754.803,39.743,329.682,129.204,91.57,86.52,96.1,88.59,6.18,59.56
2025-03-16 08:00:00,88.769,12894.055,39.594,338.954,129.822,89.88,85.93,96.78,87.32,6.36,59.57
2025-03-16 08:05:00,91.606,12753.071,39.416,333.61,136.104,89.76,86.03,95.38,88.4,4.73,59.58
2025-03-16 08:10:00,87.857,12878.529,39.678,330.486,131.521,89.96,86.35,95.17,87.31,7.2,59.58
2025-03-16 08:15:00,81.682,12735.8,39.828,330.978,130.458,90.5,85.95,96.61,87.68,5.79,59.59
2025-03-16 08:20:00,85.82,12911.994,39.73,337.113,131.545,90.13,85.62,95.36,88.34,7.11,59.6
2025-03-16 08:25:00,86.705,12944.922,39.936,336.278,130.153,89.52,85.53,96.15,87.4,6.07,59.6
2025-03-16 08:30:00,87.327,12729.561,39.714,335.895,130.266,89.0,85.32,94.91,87.9,7.32,59.61
2025-03-16 08:35:00,87.291,12762.175,39.87,335.749,129.955,89.07,86.16,95.21,87.0,6.55,59.62
2025-03-16 08:40:00,83.589,13021.905,39.823,333.038,130.396,87.48,84.11,94.62,86.21,6.93,59.62
2025-03-16 08:45:00,88.3,12603.016,40.124,333.263,131.585,88.49,83.84,94.43,86.24,6.48,59.63
2025-03-16 08:50:00,79.595,12821.441,39.56,334.721,127.834,87.28,83.39,93.24,85.3,7.35,59.64
2025-03-16 08:55:00,89.955,13076.757,40.337,334.035,129.911,88.29,84.23,94.91,86.26,8.69,59.64
2025-03-16 09:00:00,86.798,12988.346,40.259,337.096,130.876,89.24,85.75,95.39,88.25,7.82,59.65
2025-03-16 09:05:00,86.357,12974.796,39.858,330.213,134.026,89.25,85.0,94.79,86.76,6.93,59.65
2025-03-16 09:10:00,88.384,12790.852,39.592,340.646,134.046,88.07,84.82,95.16,86.78,7.95,59.66
2025-03-16 09:15:00,89.019,12708.326,39.783,336.078,127.481,89.79,86.34,95.72,87.81,6.12,59.67
2025-03-16 09:20:00,80.587,12782.862,40.005,333.108,137.416,89.83,85.64,95.82,88.11,8.23,59.67
2025-03-16 09:25:00,87.04,13277.588,39.609,337.566,132.291,88.54,85.14,94.59,87.43,7.91,59.68
2025-03-16 09:30:00,86.887,12625.798,40.435,341.351,132.73,88.69,85.54,94.67,87.29,9.05,59.68
2025-03-16 09:35:00,85.25,12900.314,39.63,333.923,132.696,89.57,85.82,96.05,86.38,7.05,59.69
2025-03-16 09:40:00,81.166,12677.832,39.798,338.071,134.509,88.85,84.9,94.26,86.82,9.47,59.7
2025-03-16 09:45:00,85.51,13312.743,39.425,334.383,127.324,89.4,84.75,95.03,86.44,8.36,59.7
2025-03-16 09:50:00,84.078,12851.665,39.582,343.883,138.05,88.24,85.27,94.87,86.32,8.37,59.71
2025-03-16 09:55:00,81.2,12963.479,39.593,332.682,126.575,87.99,84.26,94.54,86.67,9.16,59.71
2025-03-16 10:00:00,89.232,12834.272,39.752,343.692,128.588,89.18,84.65,94.7,86.38,7.87,59.72
2025-03-16 10:05:00,81.904,13221.106,39.915,336.544,131.203,89.12,85.28,95.34,86.42,8.39,59.72
2025-03-16 10:10:00,88.963,12929.779,39.466,332.069,129.954,88.95,84.39,94.76,86.87,8.62,59.73
2025-03-16 10:15:00,84.835,12474.242,39.59,336.275,133.103,89.66,84.81,95.22,87.18,9.87,59.74
2025-03-16 10:20:00,84.121,12682.715,39.996,335.359,132.791,89.27,84.23,94.75,86.33,9.75,59.74
2025-03-16 10:25:00,85.885,12770.952,39.853,335.404,133.728,89.13,85.18,94.8,87.46,9.92,59.75
2025-03-16 10:30:00,86.595,12836.569,39.594,333.258,126.371,89.63,85.04,94.78,87.57,10.28,59.75
2025-03-16 10:35:00,85.037,12904.435,39.198,333.043,131.948,89.03,85.35,94.76,87.01,8.79,59.76
2025-03-16 10:40:00,86.979,13207.675,39.967,330.413,131.436,89.29,85.88,95.77,86.61,8.38,59.76
2025-03-16 10:45:00,86.354,12636.604,39.491,342.278,130.808,87.9,84.17,95.27,86.52,9.87,59.77
2025-03-16 10:50:00,84.175,12835.183,39.796,337.803,133.183,89.71,85.67,94.97,87.46,9.54,59.77
2025-03-16 10:55:00,87.113,12894.423,39.633,340.461,125.76,87.35,84.55,94.46,86.62,10.19,59.78
2025-03-16 11:00:00,80.244,12664.048,39.997,334.021,130.42,89.57,85.27,94.42,86.43,9.14,59.78
2025-03-16 11:05:00,85.119,12782.294,39.587,341.514,130.381,89.61,84.69,94.26,87.28,10.28,59.79
2025-03-16 11:10:00,84.66,12862.647,40.35,339.508,127.825,88.88,84.92,94.28,86.86,10.17,59.79
2025-03-16 11:15:00,88.103,12833.843,39.95,341.269,129.736,89.02,84.61,94.57,86.85,9.36,59.8
2025-03-16 11:20:00,87.959,12948.759,40.216,334.311,134.967,89.44,86.0,95.37,87.71,9.61,59.8
2025-03-16 11:25:00,85.246,12978.741,39.912,331.989,130.229,89.12,84.65,94.71,86.7,11.38,59.81
2025-03-16 11:30:00,81.821,12843.196,40.615,336.171,131.846,89.49,85.42,95.67,86.56,10.6,59.81
2025-03-16 11:35:00,92.702,13202.303,40.441,329.801,136.854,91.2,85.84,95.51,88.92,11.34,59.82
2025-03-16 11:40:00,81.744,12788.421,39.971,330.981,128.865,89.35,84.92,96.34,86.92,10.74,59.82
2025-03-16 11:45:00,86.031,12595.01,40.268,343.248,135.675,89.75,86.45,95.83,88.95,10.9,59.83
2025-03-16 11:50:00,84.573,12975.663,39.675,337.396,132.329,91.15,86.75,96.66,88.7,11.62,59.83
2025-03-16 11:55:00,89.246,12695.26,40.282,333.701,137.669,92.29,87.23,96.44,89.49,10.34,59.83
2025-03-16 12:00:00,87.618,13023.526,40.264,336.262,131.386,91.46,87.43,97.94,89.41,10.88,59.84
2025-03-16 12:05:00,87.444,12911.968,39.582,336.413,128.876,91.47,87.35,96.97,88.72,11.01,59.84
2025-03-16 12:10:00,85.823,13057.85,39.884,339.119,128.029,90.32,86.15,96.59,88.1,11.4,59.85
2025-03-16 12:15:00,88.525,12953.731,40.03,343.598,132.435,91.3,88.18,97.44,90.26,12.11,59.85
2025-03-16 12:20:00,90.148,12899.957,39.945,328.734,130.249,92.79,88.6,98.75,90.11,10.21,59.86
2025-03-16 12:25:00,88.351,12855.514,39.678,335.078,135.638,92.04,88.44,98.19,89.72,10.02,59.86
2025-03-16 12:30:00,85.48,12992.359,39.837,334.189,126.366,91.94,88.28,98.15,90.16,11.06,59.86
2025-03-16 12:35:00,88.638,13100.472,40.198,342.835,134.257,91.18,88.01,97.43,89.69,10.17,59.87
2025-03-16 12:40:00,87.669,12977.46,40.382,334.521,135.527,92.61,88.11,98.3,90.08,11.5,59.87
2025-03-16 12:45:00,84.351,12971.651,39.118,332.017,134.023,90.95,87.81,97.45,89.53,10.47,59.88
2025-03-16 12:50:00,85.58,12811.625,40.1,344.447,134.975,91.1,87.0,96.76,88.97,12.06,59.88
2025-03-16 12:55:00,84.624,12751.014,40.494,340.036,132.563,90.83,87.29,97.12,89.2,11.31,59.88
2025-03-16 13:00:00,87.19,12871.758,39.505,338.799,133.138,91.01,87.85,96.58,89.76,10.03,59.89
2025-03-16 13:05:00,88.378,12948.051,40.301,335.851,135.706,90.27,87.15,96.88,89.46,10.47,59.89
2025-03-16 13:10:00,86.687,12840.978,38.937,328.982,135.494,91.13,86.49,98.18,89.16,10.69,59.89
2025-03-16 13:15:00,87.057,12966.69,39.819,333.512,130.016,91.96,86.97,97.51,89.2,12.59,59.9
2025-03-16 13:20:00,84.65,13279.55,39.96,334.216,132.366,91.63,87.69,97.74,90.0,10.86,59.9
2025-03-16 13:25:00,85.427,12873.509,39.748,339.033,130.536,91.1,86.93,96.9,89.22,11.11,59.91
2025-03-16 13:30:00,86.084,13118.9,40.494,340.727,135.862,91.62,88.07,97.3,89.15,11.5,59.91
2025-03-16 13:35:00,86.917,12975.915,40.347,336.861,135.268,90.42,86.43,95.55,88.45,11.02,59.91
2025-03-16 13:40:00,84.159,12856.732,39.997,333.555,132.278,89.55,86.35,96.61,88.29,10.93,59.92
2025-03-16 13:45:00,84.681,12830.091,40.699,340.548,132.512,91.07,85.88,96.21,87.92,10.89,59.92
2025-03-16 13:50:00,84.812,13114.128,39.685,335.596,131.763,90.31,86.36,96.48,89.05,9.85,59.92
2025-03-16 13:55:00,85.912,12977.809,39.927,338.467,130.868,88.99,84.58,95.51,87.04,9.89,59.92
2025-03-16 14:00:00,89.396,12811.376,39.916,342.283,128.174,89.78,85.82,96.01,87.69,12.29,59.93
2025-03-16 14:05:00,87.201,12650.59,40.289,346.585,133.148,89.3,84.79,94.85,86.91,11.14,59.93
2025-03-16 14:10:00,88.138,12839.983,39.779,337.206,131.778,89.34,85.33,95.47,86.49,10.32,59.93
2025-03-16 14:15:00,83.208,12692.726,39.757,343.573,128.638,88.9,83.99,95.39,87.38,11.07,59.94
2025-03-16 14:20:00,85.043,12783.997,40.069,337.052,128.612,88.28,84.84,94.31,86.22,10.35,59.94
2025-03-16 14:25:00,82.06,12904.712,39.805,339.162,132.646,89.18,84.81,94.05,87.23,10.06,59.94
2025-03-16 14:30:00,89.629,12795.314,40.197,335.822,129.229,88.67,85.17,94.43,87.33,11.59,59.94
2025-03-16 14:35:00,81.697,12681.566,39.675,343.703,135.276,88.7,84.63,94.06,86.61,10.12,59.95
2025-03-16 14:40:00,81.611,12561.448,39.772,335.703,132.731,88.37,84.96,95.11,87.51,11.16,59.95
2025-03-16 14:45:00,83.919,12823.966,40.015,333.54,134.454,89.6,86.1,95.73,87.66,11.26,59.95
2025-03-16 14:50:00,84.721,13225.221,40.224,333.109,137.686,90.78,85.73,96.17,88.31,10.54,59.95
2025-03-16 14:55:00,89.748,13185.379,40.416,337.022,134.638,89.93,86.48,96.03,88.49,11.46,59.96
2025-03-16 15:00:00,86.75,12675.783,39.865,333.171,134.37,89.3,85.24,95.6,87.76,11.79,59.96
2025-03-16 15:05:00,84.267,12864.248,39.396,334.864,133.458,88.79,84.76,94.87,87.71,8.16,59.96
2025-03-16 15:10:00,84.006,12838.001,39.547,340.88,134.476,89.29,85.3,95.95,87.38,10.66,59.96
2025-03-16 15:15:00,87.556,12640.069,40.295,338.994,131.347,88.61,84.66,95.45,86.87,10.78,59.97
2025-03-16 15:20:00,87.211,12388.957,39.368,336.344,128.493,89.15,86.04,95.18,87.4,9.38,59.97
2025-03-16 15:25:00,84.551,12994.549,40.369,336.321,135.795,88.69,84.86,94.59,86.97,10.65,59.97
2025-03-16 15:30:00,80.801,12489.455,40.287,343.807,131.042,88.73,84.69,95.2,86.8,11.58,59.97
2025-03-16 15:35:00,86.201,12941.94,40.146,343.694,129.675,88.86,84.91,95.48,87.63,9.49,59.97
2025-03-16 15:40:00,84.546,12927.155,40.349,341.294,129.664,89.77,85.56,95.45,87.61,9.88,59.98
2025-03-16 15:45:00,87.381,12445.719,40.019,335.676,133.622,90.18,85.95,96.26,87.58,10.49,59.98
2025-03-16 15:50:00,85.807,12785.257,39.205,334.187,130.869,90.49,86.72,97.03,88.68,11.37,59.98
2025-03-16 15:55:00,83.494,12831.028,39.664,347.507,131.486,90.09,85.98,96.39,88.19,10.55,59.98
2025-03-16 16:00:00,89.613,12622.991,39.782,338.916,130.551,91.26,85.96,95.93,87.73,9.35,59.98
2025-03-16 16:05:00,81.696,13059.931,39.599,338.203,134.605,91.18,87.03,96.62,88.16,11.15,59.98
2025-03-16 16:10:00,88.229,12720.583,40.021,339.919,135.205,90.05,86.94,96.05,88.96,9.84,59.98
2025-03-16 16:15:00,83.32,12976.443,40.086,336.379,131.576,89.65,86.25,96.05,87.63,10.54,59.99
2025-03-16 16:20:00,89.131,12949.931,39.119,333.105,127.71,89.86,87.0,96.94,88.61,8.11,59.99
2025-03-16 16:25:00,83.329,13219.338,39.802,333.126,134.515,91.78,87.41,96.89,89.61,8.77,59.99
2025-03-16 16:30:00,84.711,12877.53,39.968,329.889,126.691,91.3,87.43,96.95,89.03,10.02,59.99
2025-03-16 16:35:00,89.62,12484.351,39.666,339.404,129.254,90.34,86.97,96.97,88.22,10.11,59.99
2025-03-16 16:40:00,87.109,12984.344,39.074,334.499,133.62,90.44,86.54,97.1,88.86,9.14,59.99
2025-03-16 16:45:00,83.483,12867.492,40.369,332.93,138.579,91.13,86.81,96.93,88.81,9.44,59.99
2025-03-16 16:50:00,85.09,13028.631,40.316,335.447,134.571,91.14,86.31,96.59,88.66,11.83,59.99
2025-03-16 16:55:00,85.715,13184.759,39.928,341.777,137.462,89.82,86.14,97.07,88.73,9.39,59.99
2025-03-16 17:00:00,82.673,12776.823,39.959,343.544,132.655,90.78,86.28,96.33,87.72,10.4,60.0
2025-03-16 17:05:00,82.462,12606.361,40.114,335.355,137.285,91.01,86.96,96.9,89.81,8.42,60.0
2025-03-16 17:10:00,82.019,12901.887,39.573,344.657,131.409,89.86,85.51,96.15,87.23,8.49,60.0
2025-03-16 17:15:00,83.599,12842.615,39.544,334.931,130.921,89.48,85.07,95.19,86.99,8.3,60.0
2025-03-16 17:20:00,86.079,12858.751,39.989,337.339,134.364,89.71,85.65,95.53,86.53,8.7,60.0
2025-03-16 17:25:00,85.789,12722.528,39.886,338.866,130.947,88.66,84.85,94.46,87.55,9.24,60.0
2025-03-16 17:30:00,82.884,12715.432,40.188,339.731,128.49,88.23,84.07,93.97,85.82,9.56,60.0
2025-03-16 17:35:00,82.977,12676.39,39.895,341.154,136.611,89.11,84.16,94.67,86.5,8.15,60.0
2025-03-16 17:40:00,83.01,12839.158,40.019,338.694,131.314,88.03,84.48,94.6,85.78,7.72,60.0
2025-03-16 17:45:00,86.008,13110.947,39.569,343.785,129.177,88.72,84.62,94.26,86.56,7.14,60.0
2025-03-16 17:50:00,78.251,12767.688,38.784,344.937,131.517,87.43,82.83,93.22,85.1,8.2,60.0
2025-03-16 17:55:00,83.427,12874.275,39.54,340.291,132.254,87.44,84.34,93.72,86.31,8.64,60.0
2025-03-16 18:00:00,84.934,12811.717,39.492,340.002,129.147,87.58,83.43,93.95,85.57,6.68,60.0
2025-03-16 18:05:00,84.659,12703.553,40.366,338.877,132.481,87.82,83.21,93.23,85.04,8.33,60.0
2025-03-16 18:10:00,82.872,12839.74,39.404,333.33,130.388,86.83,82.26,92.77,84.26,7.99,60.0
2025-03-16 18:15:00,81.24,12743.17,39.984,343.871,129.585,85.89,81.77,91.36,84.46,8.24,60.0
2025-03-16 18:20:00,85.61,12380.302,39.501,337.079,132.802,86.57,81.97,92.61,84.67,8.17,60.0
2025-03-16 18:25:00,83.154,13080.573,39.622,341.038,129.679,86.78,83.29,93.19,83.88,8.67,60.0
2025-03-16 18:30:00,80.731,12876.14,39.618,341.005,128.238,85.48,81.86,91.31,84.12,8.9,60.0
2025-03-16 18:35:00,80.779,12528.706,39.497,343.659,127.675,85.39,80.57,91.46,82.95,6.91,60.0
2025-03-16 18:40:00,82.419,12747.334,39.924,346.485,129.116,84.52,81.09,90.57,82.84,7.89,60.0
2025-03-16 18:45:00,77.31,12396.621,39.71,337.732,129.74,84.64,80.74,90.4,82.57,6.6,60.0
2025-03-16 18:50:00,81.44,12768.845,39.894,339.848,127.699,84.41,80.83,90.32,82.68,8.23,60.0
2025-03-16 18:55:00,79.384,12512.074,39.206,340.843,129.095,83.93,80.6,90.65,81.77,5.26,60.0
2025-03-16 19:00:00,81.873,12749.352,38.908,336.442,130.322,84.01,80.64,88.99,81.16,6.68,60.0
2025-03-16 19:05:00,79.049,12751.03,39.577,345.511,128.713,84.07,80.6,90.91,82.98,6.63,59.99
2025-03-16 19:10:00,79.512,12916.277,38.664,337.362,128.883,85.25,80.46,91.68,83.39,6.04,59.99
2025-03-16 19:15:00,80.749,12992.461,39.656,341.561,133.298,85.31,81.35,91.4,83.18,6.4,59.99
2025-03-16 19:20:00,84.39,12684.236,38.967,338.385,129.826,85.23,80.88,91.21,83.49,5.36,59.99
2025-03-16 19:25:00,89.132,12899.418,39.258,345.255,131.939,85.13,81.13,91.72,83.98,7.54,59.99
2025-03-16 19:30:00,82.919,12749.585,39.595,340.193,132.883,85.94,81.97,91.61,83.93,4.49,59.99
2025-03-16 19:35:00,86.236,12900.652,39.467,338.596,131.942,84.04,81.24,91.73,83.18,5.28,59.99
2025-03-16 19:40:00,81.298,12747.753,39.728,341.556,125.665,84.39,78.78,90.09,82.65,5.28,59.99
2025-03-16 19:45:00,82.027,12700.908,39.457,342.439,126.025,83.92,80.26,91.05,82.19,5.98,59.99
2025-03-16 19:50:00,85.196,12666.931,38.777,345.961,128.916,84.45,79.76,90.05,81.9,6.66,59.98
2025-03-16 19:55:00,81.332,12904.474,39.9,342.336,128.319,84.66,81.35,90.25,82.59,4.8,59.98
2025-03-16 20:00:00,85.449,12884.34,40.069,338.681,122.864,84.14,80.47,90.81,82.59,5.73,59.98
2025-03-16 20:05:00,79.302,12748.634,40.149,327.863,129.037,85.62,80.86,91.03,83.48,4.33,59.98
2025-03-16 20:10:00,82.199,12695.538,39.696,340.238,130.973,84.48,81.6,91.49,83.49,4.96,59.98
2025-03-16 20:15:00,84.31,12975.153,39.568,340.429,130.297,86.43,81.71,91.65,84.11,4.49,59.98
2025-03-16 20:20:00,79.698,12919.003,39.529,340.412,131.344,85.13,81.41,91.34,82.67,4.7,59.98
2025-03-16 20:25:00,81.951,12998.006,39.102,348.75,132.486,85.26,80.58,90.29,83.11,5.67,59.97
2025-03-16 20:30:00,83.844,12837.563,39.263,340.862,129.973,85.28,81.66,90.63,82.76,4.69,59.97
2025-03-16 20:35:00,85.015,12955.327,39.648,337.923,128.998,84.26,80.9,91.43,83.43,3.32,59.97
2025-03-16 20:40:00,82.236,12895.408,40.295,337.79,131.474,84.8,81.64,91.15,83.15,4.99,59.97
2025-03-16 20:45:00,80.907,12890.893,39.617,340.197,133.941,85.21,80.78,91.22,83.2,4.85,59.97
2025-03-16 20:50:00,86.103,12875.553,39.488,344.114,129.109,85.43,82.55,92.68,83.62,3.26,59.96
2025-03-16 20:55:00,83.882,12810.703,39.005,331.971,131.635,87.18,82.57,92.31,84.42,5.18,59.96
2025-03-16 21:00:00,87.068,12746.423,39.907,344.022,126.161,86.76,82.67,92.77,84.27,3.25,59.96
2025-03-16 21:05:00,82.882,12911.329,39.199,341.366,132.835,87.55,83.0,93.38,85.62,4.41,59.96
2025-03-16 21:10:00,86.027,12823.086,38.828,340.997,137.01,86.82,82.65,92.72,86.18,2.39,59.95
2025-03-16 21:15:00,85.754,12869.944,39.514,337.375,134.367,86.42,82.09,91.69,83.79,4.52,59.95
2025-03-16 21:20:00,82.891,12793.392,39.939,336.2,128.65,85.94,80.9,91.72,83.06,3.99,59.95
2025-03-16 21:25:00,79.948,12802.132,38.957,343.32,124.937,85.24,81.29,91.82,83.35,4.01,59.95
2025-03-16 21:30:00,83.048,12622.472,39.051,338.681,125.11,85.9,82.23,92.24,82.86,3.18,59.94
2025-03-16 21:35:00,77.468,12812.416,39.905,343.338,124.345,84.93,80.59,90.43,82.04,3.81,59.94
2025-03-16 21:40:00,85.337,12914.521,39.716,342.541,124.136,84.65,79.8,90.24,83.06,3.02,59.94
2025-03-16 21:45:00,79.323,12776.116,39.364,348.476,128.169,85.66,81.53,90.65,83.2,1.84,59.94
2025-03-16 21:50:00,79.747,12765.904,39.364,332.947,131.964,86.07,82.35,92.73,83.5,2.04,59.93
2025-03-16 21:55:00,84.163,13010.946,39.71,337.791,133.796,85.64,81.32,91.31,83.22,1.58,59.93
2025-03-16 22:00:00,84.873,12726.451,39.016,345.518,134.822,86.77,83.37,92.07,84.98,3.1,59.93
2025-03-16 22:05:00,83.812,12554.234,39.014,339.095,131.786,87.14,82.7,92.57,85.22,2.27,59.92
2025-03-16 22:10:00,89.482,12745.79,39.233,339.931,131.606,87.03,83.83,93.67,85.01,1.8,59.92
2025-03-16 22:15:00,89.428,12499.09,39.305,349.104,132.076,88.18,83.27,93.84,86.66,2.43,59.92
2025-03-16 22:20:00,84.471,12631.284,39.46,337.412,128.753,87.44,82.91,92.75,85.49,3.02,59.92
2025-03-16 22:25:00,84.6,12797.948,39.261,340.683,136.21,86.46,82.49,92.47,84.75,1.41,59.91
2025-03-16 22:30:00,80.736,12769.337,39.514,346.522,128.537,85.78,82.16,92.6,84.03,0.96,59.91
2025-03-16 22:35:00,80.797,12645.242,39.35,329.234,133.334,87.16,83.23,93.75,84.75,2.47,59.91
2025-03-16 22:40:00,83.011,12925.707,39.086,334.975,132.181,87.4,83.3,92.88,85.27,0.92,59.9
2025-03-16 22:45:00,86.216,12755.919,39.171,342.942,125.323,87.82,83.5,93.76,85.79,0.07,59.9
2025-03-16 22:50:00,81.173,12703.223,39.477,340.125,130.719,86.98,83.11,92.77,84.64,0.8,59.89
2025-03-16 22:55:00,85.507,12825.762,38.636,338.231,131.738,86.04,82.71,92.93,84.22,1.55,59.89
2025-03-16 23:00:00,78.625,12777.141,39.981,335.272,130.233,86.83,82.97,92.09,85.08,2.91,59.89
2025-03-16 23:05:00,89.084,12512.95,39.409,340.922,129.318,87.33,82.63,93.46,85.43,1.38,59.88
2025-03-16 23:10:00,83.192,12762.105,39.166,336.304,130.834,87.0,82.59,93.2,84.25,2.66,59.88
2025-03-16 23:15:00,85.179,12790.818,38.733,337.361,133.898,87.44,83.25,92.51,84.73,0.89,59.88
2025-03-16 23:20:00,78.939,12559.664,39.164,336.81,136.759,86.33,82.48,92.49,85.67,2.2,59.87
2025-03-16 23:25:00,84.7,12685.413,39.008,343.348,131.26,86.07,82.95,92.42,83.81,1.62,59.87
2025-03-16 23:30:00,79.941,12859.879,38.912,344.083,132.851,87.54,82.36,92.53,84.71,1.23,59.86
2025-03-16 23:35:00,81.946,12791.873,39.25,339.654,134.684,86.24,81.99,92.44,84.1,0.89,59.86
2025-03-16 23:40:00,81.415,12677.213,39.801,337.603,129.169,85.56,82.27,91.95,84.0,1.54,59.86
2025-03-16 23:45:00,83.672,12524.898,38.738,344.84,131.43,85.98,81.55,91.85,84.03,2.93,59.85
2025-03-16 23:50:00,83.385,12861.003,38.83,339.123,127.307,84.97,81.4,92.08,83.47,0.64,59.85
2025-03-16 23:55:00,84.723,12754.658,39.126,337.027,131.43,85.52,81.2,91.59,83.41,2.58,59.84
2025-03-17 00:00:00,83.368,12853.746,38.985,337.486,134.863,83.89,81.52,91.24,83.03,2.49,59.84
2025-03-17 00:05:00,83.783,12565.448,38.627,350.072,128.296,85.08,81.07,90.85,83.05,1.65,59.83
2025-03-17 00:10:00,82.184,12674.289,39.261,346.142,128.833,85.04,81.24,91.42,83.68,1.0,59.83
2025-03-17 00:15:00,82.49,12681.705,39.276,343.246,127.737,83.84,80.04,89.51,81.75,0.93,59.83
2025-03-17 00:20:00,87.417,12675.15,39.76,339.983,127.045,83.39,79.17,88.97,81.99,0.11,59.82
2025-03-17 00:25:00,83.527,12788.365,39.481,338.048,130.077,83.91,78.62,88.96,80.77,0.85,59.82
2025-03-17 00:30:00,81.337,12490.244,39.446,339.442,128.909,83.78,78.68,88.97,80.61,-0.34,59.81
2025-03-17 00:35:00,82.432,12481.7,38.787,334.166,126.373,82.97,79.09,89.22,80.63,1.29,59.81
2025-03-17 00:40:00,80.816,12683.771,39.335,340.645,128.151,82.91,79.46,89.1,80.98,-0.41,59.8
2025-03-17 00:45:00,74.62,12745.864,39.127,351.446,128.195,82.76,78.67,87.57,80.33,1.33,59.8
2025-03-17 00:50:00,77.954,12891.985,38.418,342.382,125.099,81.78,78.07,87.0,79.92,-0.34,59.79
2025-03-17 00:55:00,82.761,12792.92,39.725,342.03,129.752,82.38,77.45,88.12,80.0,0.4,59.79
2025-03-17 01:00:00,82.496,12699.576,38.889,349.113,128.133,81.98,77.29,86.83,80.15,0.27,59.78
2025-03-17 01:05:00,80.943,12888.442,39.606,343.713,128.812,82.91,78.42,87.88,79.9,-0.04,59.78
2025-03-17 01:10:00,79.608,12486.474,39.103,334.449,127.015,82.79,78.88,88.27,80.75,0.42,59.77
2025-03-17 01:15:00,82.736,12691.419,39.39,346.58,132.189,82.73,78.69,87.86,80.42,-0.38,59.77
2025-03-17 01:20:00,80.625,12772.829,39.293,340.575,130.491,82.67,78.72,88.14,81.15,-0.62,59.76
2025-03-17 01:25:00,78.011,12685.235,38.589,337.332,122.766,83.0,78.88,89.3,80.44,0.67,59.76
2025-03-17 01:30:00,80.3,12725.774,39.353,342.803,125.153,83.51,79.36,89.81,82.19,0.26,59.75
2025-03-17 01:35:00,82.099,12791.887,39.4,334.572,130.87,84.36,79.91,90.28,81.7,-0.36,59.75
2025-03-17 01:40:00,82.618,12500.666,39.146,336.35,128.136,82.53,78.18,88.68,80.54,0.93,59.74
2025-03-17 01:45:00,79.541,12566.898,39.58,337.388,125.059,81.77,77.77,87.88,79.48,-0.34,59.74
2025-03-17 01:50:00,80.986,12122.179,39.651,339.629,126.633,81.97,77.13,87.66,79.74,-0.78,59.73
2025-03-17 01:55:00,84.327,12654.094,38.874,347.829,129.139,81.32,77.97,86.94,79.85,-0.47,59.72
2025-03-17 02:00:00,79.95,12729.005,39.74,346.648,125.4,82.15,78.17,87.56,80.08,0.64,59.72
2025-03-17 02:05:00,81.2,12576.794,39.591,337.462,128.63,82.47,78.8,88.5,79.79,0.75,59.71
2025-03-17 02:10:00,76.434,12961.216,39.48,343.126,128.407,81.95,77.65,88.21,80.59,-0.26,59.71
2025-03-17 02:15:00,82.878,12418.068,38.442,339.502,129.573,82.31,78.49,89.07,79.87,0.08,59.7
2025-03-17 02:20:00,86.59,12643.768,39.053,342.787,128.836,81.62,78.43,88.69,80.66,1.08,59.7
2025-03-17 02:25:00,84.068,12500.656,39.28,336.701,129.236,82.17,78.62,87.88,80.13,0.95,59.69
2025-03-17 02:30:00,74.644,12754.158,39.255,342.917,129.349,81.1,77.66,87.76,79.3,-0.73,59.68
2025-03-17 02:35:00,84.2,12356.595,39.474,329.925,125.168,82.35,78.98,88.42,81.08,-1.02,59.68
2025-03-17 02:40:00,80.387,12873.628,39.159,337.889,129.46,83.1,78.92,89.16,81.65,1.32,59.67
2025-03-17 02:45:00,84.474,12598.019,38.735,343.195,126.626,83.16,78.88,88.91,80.63,1.94,59.67
2025-03-17 02:50:00,81.059,12762.303,39.404,336.415,130.608,81.47,78.97,88.14,80.78,0.54,59.66
2025-03-17 02:55:00,77.933,12625.418,38.921,342.718,123.787,82.86,78.94,88.68,80.38,0.81,59.65
2025-03-17 03:00:00,80.844,12521.039,39.038,344.898,123.231,83.23,78.91,88.21,80.92,1.35,59.65
2025-03-17 03:05:00,79.49,12770.959,39.846,336.201,123.191,83.1,78.71,89.45,80.86,-0.54,59.64
2025-03-17 03:10:00,77.364,12701.81,39.442,341.348,130.436,82.4,78.45,88.96,80.78,0.17,59.64
2025-03-17 03:15:00,76.474,12347.223,39.173,336.758,126.264,83.14,79.02,89.71,81.0,-0.1,59.63
2025-03-17 03:20:00,79.344,12709.842,39.052,335.526,128.318,82.43,78.13,89.1,80.81,0.75,59.62
2025-03-17 03:25:00,79.211,12731.902,39.011,340.289,123.777,82.08,77.58,87.28,79.32,1.08,59.62
2025-03-17 03:30:00,78.473,12498.375,38.426,344.138,129.9,81.81,77.08,86.98,79.69,-0.24,59.61
2025-03-17 03:35:00,78.307,12530.294,39.218,343.521,126.247,80.92,76.84,87.29,78.95,0.59,59.6
2025-03-17 03:40:00,83.255,12622.104,39.255,338.144,123.907,81.84,76.81,87.2,78.74,1.32,59.6
2025-03-17 03:45:00,79.424,12657.821,39.32,334.473,127.54,81.25,77.25,87.83,78.94,0.65,59.59
2025-03-17 03:50:00,79.178,12645.666,39.172,345.06,122.156,81.13,76.76,87.5,79.15,2.12,59.58
2025-03-17 03:55:00,78.056,12759.958,39.438,339.657,126.095,80.56,76.81,86.96,78.72,0.08,59.58
2025-03-17 04:00:00,51.412,11206.971,39.228,361.533,97.684,43.38,39.12,48.81,41.92,1.15,59.57
2025-03-17 04:05:00,52.064,11038.784,38.607,362.837,96.036,42.75,39.18,49.08,41.18,0.47,59.56
2025-03-17 04:10:00,53.982,10776.934,39.21,357.13,95.181,43.38,39.47,49.81,41.55,1.48,59.56
2025-03-17 04:15:00,50.916,11098.495,39.668,358.802,96.316,43.17,39.12,48.96,40.72,1.75,59.55
2025-03-17 04:20:00,59.46,10673.883,39.53,359.171,97.595,43.48,39.27,49.75,42.34,2.74,59.54
2025-03-17 04:25:00,55.081,10712.533,39.188,362.099,99.394,44.57,40.39,49.86,42.43,1.51,59.54
2025-03-17 04:30:00,53.834,11100.039,39.522,358.377,96.58,44.07,40.48,49.87,42.15,0.72,59.53
2025-03-17 04:35:00,50.852,11449.55,38.294,352.713,99.588,43.85,39.61,49.84,42.07,2.2,59.52
2025-03-17 04:40:00,54.53,11616.404,38.639,361.313,96.048,44.39,40.14,51.11,43.23,2.53,59.52
2025-03-17 04:45:00,58.158,11033.36,39.044,359.953,104.167,44.36,39.6,49.12,41.46,1.3,59.51
2025-03-17 04:50:00,54.733,11053.755,39.755,366.056,97.738,43.57,39.96,49.3,41.39,2.23,59.5
2025-03-17 04:55:00,58.403,11359.238,38.655,365.043,97.002,43.94,40.16,50.29,41.74,2.4,59.5
2025-03-17 05:00:00,59.622,10963.968,39.427,356.393,99.624,43.75,39.37,49.7,40.9,2.15,59.49
2025-03-17 05:05:00,54.73,11154.174,39.643,361.034,97.292,42.8,39.69,49.5,41.72,3.64,59.48
2025-03-17 05:10:00,53.349,11226.936,39.583,366.057,93.954,42.71,38.7,49.03,40.67,2.45,59.47
2025-03-17 05:15:00,54.684,11191.828,39.512,368.106,99.602,43.12,38.65,48.48,41.13,2.01,59.47
2025-03-17 05:20:00,53.504,11114.934,39.443,359.692,99.09,43.05,38.77,49.23,41.08,3.01,59.46
2025-03-17 05:25:00,54.592,11323.627,39.151,355.095,98.747,43.28,38.7,49.17,41.56,3.06,59.45
2025-03-17 05:30:00,53.122,11096.718,39.451,360.487,101.408,42.99,39.89,49.84,41.17,3.1,59.44
2025-03-17 05:35:00,50.636,10952.076,39.403,350.829,95.145,44.16,39.23,49.66,41.89,2.85,59.44
2025-03-17 05:40:00,60.425,10860.194,39.088,358.001,96.63,42.83,39.74,49.58,40.84,3.64,59.43
2025-03-17 05:45:00,52.979,11266.62,39.564,359.928,94.667,43.92,39.28,49.42,41.43,3.98,59.42
2025-03-17 05:50:00,51.592,10819.348,39.611,366.218,93.574,44.27,39.21,49.0,41.48,4.45,59.42
2025-03-17 05:55:00,55.491,11165.763,39.351,364.512,105.229,42.7,39.02,49.42,41.26,2.92,59.41
2025-03-17 06:00:00,58.488,11011.124,39.572,363.916,92.432,44.02,39.45,49.16,40.81,3.91,59.4
2025-03-17 06:05:00,53.886,11062.992,40.133,362.29,95.074,43.23,39.46,48.69,41.23,4.78,59.39
2025-03-17 06:10:00,59.861,10895.424,39.243,354.175,100.076,44.43,40.8,50.27,41.68,3.23,59.38
2025-03-17 06:15:00,57.184,10978.609,39.435,357.096,97.252,44.52,40.27,50.15,43.0,4.05,59.38
2025-03-17 06:20:00,56.7,11193.13,39.512,356.183,101.884,45.44,40.72,50.75,43.01,4.19,59.37
2025-03-17 06:25:00,54.125,11169.036,39.475,359.88,101.249,44.99,41.03,50.1,43.23,3.75,59.36
2025-03-17 06:30:00,56.139,10948.451,39.431,362.03,100.971,45.41,40.33,52.31,43.63,4.94,59.35
2025-03-17 06:35:00,56.894,11145.856,39.034,351.153,101.762,44.66,41.13,51.55,43.29,4.36,59.35
2025-03-17 06:40:00,55.565,11468.281,39.395,358.137,104.751,43.88,40.59,50.72,42.54,4.86,59.34
2025-03-17 06:45:00,51.542,11047.477,39.389,360.792,94.638,44.42,40.73,49.81,41.97,4.62,59.33
2025-03-17 06:50:00,56.351,11011.828,40.174,357.69,94.151,43.69,40.5,49.82,42.64,4.08,59.32
2025-03-17 06:55:00,52.513,10972.136,39.161,357.133,102.948,43.8,39.75,50.49,42.31,3.52,59.32
2025-03-17 07:00:00,57.434,11066.051,39.017,360.067,98.977,43.61,40.25,49.31,41.26,5.52,59.31
2025-03-17 07:05:00,55.565,11153.792,39.201,360.193,99.224,43.41,39.13,49.89,41.45,5.4,59.3
2025-03-17 07:10:00,51.904,11260.593,40.155,355.315,93.635,42.72,39.16,49.15,41.45,4.95,59.29
2025-03-17 07:15:00,52.362,11551.001,39.601,357.132,97.233,42.99,39.01,49.79,40.66,3.69,59.28
2025-03-17 07:20:00,56.232,10686.49,39.601,363.98,97.496,42.69,38.71,48.7,39.78,4.61,59.28
2025-03-17 07:25:00,51.525,11021.887,39.423,357.132,97.026,42.43,38.84,48.51,40.68,5.01,59.27
2025-03-17 07:30:00,49.441,11343.335,39.866,359.402,95.473,42.24,37.86,47.56,40.21,5.16,59.26
2025-03-17 07:35:00,53.875,10977.393,40.225,359.262,93.478,41.99,38.07,47.97,39.17,7.15,59.25
2025-03-17 07:40:00,53.45,11165.043,39.355,354.162,93.179,42.21,38.48,47.78,39.39,5.66,59.24
2025-03-17 07:45:00,45.094,10931.872,39.435,351.031,95.774,41.25,36.88,46.89,39.04,6.29,59.23
2025-03-17 07:50:00,51.744,10775.695,38.874,358.878,96.779,41.15,36.71,46.36,38.74,5.97,59.23
2025-03-17 07:55:00,53.274,10767.791,39.013,360.187,92.535,40.53,36.54,46.43,38.55,5.52,59.22
2025-03-17 08:00:00,49.533,11123.477,39.933,348.761,93.087,40.4,36.89,46.78,39.71,7.0,59.21
2025-03-17 08:05:00,54.127,10874.208,39.647,366.151,96.101,40.9,37.39,48.47,39.56,6.36,59.2
2025-03-17 08:10:00,53.891,11191.115,39.26,360.143,99.644,41.49,37.05,47.81,39.49,7.03,59.19
2025-03-17 08:15:00,50.412,11088.165,39.372,355.894,95.115,41.33,37.55,47.85,39.44,6.65,59.19
2025-03-17 08:20:00,54.025,11132.191,40.06,368.271,93.314,41.31,37.1,46.92,39.0,7.8,59.18
2025-03-17 08:25:00,53.781,10753.321,39.398,355.786,91.635,41.43,36.9,47.26,40.01,7.23,59.17
2025-03-17 08:30:00,58.151,10864.919,40.043,363.591,92.05,41.09,36.99,46.78,38.31,6.55,59.16
2025-03-17 08:35:00,52.62,11192.602,39.452,356.297,93.76,41.4,36.94,46.87,39.3,5.99,59.15
2025-03-17 08:40:00,53.406,10712.147,39.275,356.602,93.605,41.33,37.46,46.62,38.42,6.12,59.14
2025-03-17 08:45:00,53.431,10595.381,39.791,355.217,101.546,40.6,36.73,47.52,38.92,7.62,59.14
2025-03-17 08:50:00,52.252,10849.661,39.017,356.703,96.331,40.01,35.81,46.82,38.38,8.32,59.13
2025-03-17 08:55:00,51.009,11187.513,39.474,358.628,97.893,40.07,36.0,46.89,38.14,8.37,59.12
2025-03-17 09:00:00,53.205,10813.233,39.936,355.435,91.142,41.08,36.99,46.02,37.92,8.82,59.11
2025-03-17 09:05:00,56.518,10807.185,39.198,352.963,93.415,39.6,36.4,45.58,37.8,6.65,59.1
2025-03-17 09:10:00,47.715,10828.506,39.77,350.557,98.818,40.98,36.6,45.82,38.58,8.18,59.09
2025-03-17 09:15:00,53.312,10819.676,38.868,362.208,93.35,40.7,36.66,46.56,38.57,8.64,59.09
2025-03-17 09:20:00,50.83,10881.704,39.38,356.487,96.492,40.59,36.67,45.84,38.92,7.78,59.08
2025-03-17 09:25:00,55.193,10979.43,39.666,354.515,94.811,40.6,36.11,45.39,37.3,8.72,59.07
2025-03-17 09:30:00,49.011,10826.567,39.191,354.199,93.607,39.79,36.26,45.43,38.55,8.18,59.06
2025-03-17 09:35:00,55.275,10778.684,39.701,352.081,95.886,40.43,35.9,46.24,38.96,8.58,59.05
2025-03-17 09:40:00,54.296,10746.161,39.59,354.18,97.254,40.4,37.23,46.48,38.71,8.57,59.04
2025-03-17 09:45:00,55.387,10822.788,39.534,354.187,87.411,39.83,36.43,46.81,38.78,8.01,59.03
2025-03-17 09:50:00,50.006,10796.332,39.666,352.747,96.083,40.65,37.23,46.95,38.61,8.88,59.03
2025-03-17 09:55:00,51.476,10947.249,39.897,354.891,94.7,39.51,36.03,45.28,37.22,9.25,59.02
2025-03-17 10:00:00,50.113,11090.139,39.44,363.194,94.384,39.59,35.43,46.22,37.85,8.34,59.01
2025-03-17 10:05:00,59.677,11013.845,39.281,358.188,92.976,39.46,36.16,45.82,37.89,9.4,59.0
2025-03-17 10:10:00,53.444,10778.331,39.749,352.681,94.384,40.35,36.12,46.27,38.05,8.85,58.99
2025-03-17 10:15:00,48.114,10761.387,39.626,352.605,92.98,39.54,36.1,45.94,37.41,9.96,58.98
2025-03-17 10:20:00,55.906,10989.85,39.812,357.188,90.533,40.18,35.78,46.09,37.72,10.09,58.97
2025-03-17 10:25:00,53.062,10958.246,39.571,349.936,93.224,39.79,35.98,45.37,37.45,8.38,58.97
2025-03-17 10:30:00,53.108,10786.308,39.493,352.564,93.698,39.59,36.16,45.9,38.83,9.51,58.96
2025-03-17 10:35:00,57.441,10478.566,39.991,357.887,95.91,39.09,35.14,45.5,37.39,9.92,58.95
2025-03-17 10:40:00,54.672,10755.568,38.914,356.16,94.441,39.84,36.35,45.95,37.6,10.0,58.94
2025-03-17 10:45:00,55.463,10743.404,39.48,361.468,90.406,39.25,35.38,45.62,37.56,10.07,58.93
2025-03-17 10:50:00,58.562,10895.666,39.331,356.295,96.299,40.0,35.7,45.57,38.83,8.99,58.92
2025-03-17 10:55:00,53.546,10794.887,39.575,356.64,94.721,40.21,36.06,45.89,37.82,9.16,58.91
2025-03-17 11:00:00,46.125,10897.286,39.57,352.258,97.024,40.36,36.8,46.44,38.67,9.33,58.9
2025-03-17 11:05:00,52.203,11026.081,39.733,351.847,96.466,40.66,35.93,47.27,39.24,10.13,58.9
2025-03-17 11:10:00,51.087,10602.388,39.9,358.787,93.648,40.78,37.57,46.52,39.73,9.19,58.89
2025-03-17 11:15:00,52.956,10478.691,39.749,358.414,94.878,40.05,36.98,46.83,39.29,10.23,58.88
2025-03-17 11:20:00,56.579,10964.682,39.92,354.581,98.075,41.34,37.69,47.42,39.14,10.33,58.87
2025-03-17 11:25:00,51.604,10832.027,39.964,348.344,95.171,41.79,37.61,47.64,39.59,11.05,58.86
2025-03-17 11:30:00,55.785,10839.737,40.047,354.8,92.08,41.56,37.29,48.35,39.79,9.65,58.85
2025-03-17 11:35:00,53.051,10903.297,39.727,357.273,93.665,41.57,37.28,48.11,39.97,10.86,58.84
2025-03-17 11:40:00,54.191,10850.668,40.006,357.718,95.153,41.68,37.24,47.76,40.03,10.1,58.83
2025-03-17 11:45:00,53.299,10851.067,39.964,354.178,95.986,41.01,36.41,46.52,39.04,10.56,58.83
2025-03-17 11:50:00,49.248,10737.962,39.653,354.601,95.357,42.0,37.64,47.77,39.47,9.74,58.82
2025-03-17 11:55:00,55.519,10957.912,39.571,351.644,92.85,40.89,37.38,47.29,39.25,10.23,58.81
2025-03-17 12:00:00,53.168,10703.009,39.337,354.181,92.324,40.86,37.16,47.02,39.3,11.74,58.8
2025-03-17 12:05:00,52.134,11063.716,40.156,351.732,93.89,40.34,36.39,46.79,39.65,9.66,58.79
2025-03-17 12:10:00,47.778,10773.053,40.731,352.429,97.512,40.95,37.0,46.76,39.56,11.55,58.78
2025-03-17 12:15:00,53.891,10941.152,40.268,348.482,95.524,41.47,37.14,47.39,39.33,12.94,58.77
2025-03-17 12:20:00,53.976,10542.475,39.845,356.292,90.371,40.98,36.69,46.96,38.79,9.48,58.77
2025-03-17 12:25:00,51.156,11049.379,40.846,354.585,88.781,41.57,37.32,46.94,39.46,11.26,58.76
2025-03-17 12:30:00,55.341,10949.42,39.886,347.646,94.082,41.21,37.76,47.27,39.22,11.56,58.75
2025-03-17 12:35:00,54.169,10546.785,40.314,357.599,94.946,40.8,37.24,46.66,39.2,12.28,58.74
2025-03-17 12:40:00,52.251,10866.195,40.0,354.601,95.452,41.93,36.8,46.81,39.37,12.13,58.73
2025-03-17 12:45:00,48.875,10544.461,40.125,359.844,94.659,41.03,37.41,47.27,39.2,11.2,58.72
2025-03-17 12:50:00,50.643,10532.843,39.92,346.245,91.44,41.27,37.49,47.19,39.48,10.85,58.71
2025-03-17 12:55:00,54.647,10691.34,40.07,358.206,91.904,41.26,37.27,47.32,39.77,10.44,58.7
2025-03-17 13:00:00,55.892,10521.022,40.06,350.391,94.753,41.44,37.95,47.34,39.31,10.05,58.7
2025-03-17 13:05:00,52.695,10515.612,40.343,350.988,89.987,41.36,37.87,47.13,39.45,10.93,58.69
2025-03-17 13:10:00,50.795,10578.025,40.636,348.269,95.164,40.69,36.15,46.65,39.17,10.63,58.68
2025-03-17 13:15:00,48.558,10222.827,39.509,345.578,89.777,40.44,35.75,46.69,38.4,11.12,58.67
2025-03-17 13:20:00,53.114,10475.278,39.937,346.773,92.089,39.24,35.8,45.98,38.29,10.95,58.66
2025-03-17 13:25:00,50.835,10302.728,39.962,355.008,89.083,38.82,35.67,46.01,37.84,9.25,58.65
2025-03-17 13:30:00,51.807,10678.012,40.134,353.053,90.631,39.45,35.79,47.03,37.71,10.41,58.64
2025-03-17 13:35:00,54.144,10591.724,39.126,348.838,91.166,39.7,35.66,45.06,37.89,11.5,58.63
2025-03-17 13:40:00,54.951,10824.407,40.27,351.132,94.366,39.89,36.2,45.46,36.75,11.42,58.63
2025-03-17 13:45:00,51.679,10859.255,40.024,353.656,98.218,39.8,35.81,45.65,38.2,10.27,58.62
2025-03-17 13:50:00,48.61,10381.183,38.774,355.3,93.248,39.54,35.95,45.38,37.47,11.04,58.61
2025-03-17 13:55:00,52.71,10654.237,40.212,343.937,91.297,40.31,36.06,46.93,38.32,11.34,58.6
2025-03-17 14:00:00,53.907,10611.893,40.086,354.337,93.336,39.46,35.85,46.54,37.03,11.1,58.59
2025-03-17 14:05:00,47.785,10428.592,39.347,351.216,95.586,39.71,35.67,46.72,37.89,10.96,58.58
2025-03-17 14:10:00,52.359,10577.581,39.815,352.789,96.67,39.41,35.63,45.44,37.01,12.29,58.57
2025-03-17 14:15:00,56.673,10985.589,39.622,349.682,92.553,40.26,35.51,45.4,37.64,10.88,58.57
2025-03-17 14:20:00,50.003,10722.613,39.972,343.706,92.171,40.22,36.01,45.92,37.71,11.17,58.56
2025-03-17 14:25:00,50.065,10541.659,40.218,346.424,93.299,40.36,35.87,46.19,37.99,10.39,58.55
2025-03-17 14:30:00,53.098,10722.075,40.232,351.747,97.985,39.84,36.21,46.19,38.02,12.33,58.54
2025-03-17 14:35:00,53.393,10845.329,39.275,357.667,88.37,40.19,36.41,46.03,37.58,11.31,58.53
2025-03-17 14:40:00,52.774,10812.533,40.131,356.609,91.275,39.8,35.49,46.17,37.72,10.99,58.52
2025-03-17 14:45:00,46.833,11101.068,40.571,347.11,91.377,40.8,36.42,47.16,38.56,11.72,58.51
2025-03-17 14:50:00,49.209,10930.3,40.048,356.929,92.978,40.63,36.72,46.26,38.67,11.55,58.51
2025-03-17 14:55:00,55.811,11035.815,39.191,350.597,92.26,41.53,37.18,46.78,39.33,10.98,58.5
2025-03-17 15:00:00,54.633,10846.176,39.798,351.801,91.97,41.26,37.25,47.01,38.63,10.64,58.49
2025-03-17 15:05:00,50.995,10805.351,39.425,346.62,93.043,41.38,37.53,46.76,40.18,11.81,58.48
2025-03-17 15:10:00,53.435,10996.587,39.743,350.126,98.005,41.1,37.32,47.6,39.76,9.57,58.47
2025-03-17 15:15:00,53.745,10598.675,39.62,342.896,95.186,41.65,37.66,48.85,41.15,10.15,58.46
2025-03-17 15:20:00,55.343,10818.053,39.979,347.392,96.338,42.2,39.12,48.2,40.27,10.44,58.46
2025-03-17 15:25:00,58.147,10750.763,40.053,357.161,95.561,43.14,39.73,49.86,41.29,11.1,58.45
2025-03-17 15:30:00,54.303,10912.55,39.641,345.54,94.726,43.49,39.61,49.48,41.76,10.49,58.44
2025-03-17 15:35:00,56.651,11034.509,39.635,345.036,96.432,43.55,39.41,49.74,41.27,10.18,58.43
2025-03-17 15:40:00,59.243,10444.641,40.021,348.153,94.679,43.41,38.91,49.42,41.59,11.09,58.42
2025-03-17 15:45:00,55.708,10756.174,39.888,348.649,92.469,43.28,39.03,48.82,41.41,9.34,58.41
2025-03-17 15:50:00,52.472,10709.145,40.557,351.074,98.422,43.52,39.13,49.3,41.03,10.82,58.41
2025-03-17 15:55:00,49.303,10741.078,40.281,347.764,97.722,42.93,39.36,49.22,41.51,11.19,58.4
2025-03-17 16:00:00,49.207,11071.64,39.641,353.477,93.356,42.68,38.38,49.13,40.67,9.53,58.39
2025-03-17 16:05:00,56.344,10996.431,39.67,348.923,97.987,43.08,39.68,48.68,40.82,9.1,58.38
2025-03-17 16:10:00,55.498,10974.859,39.957,343.343,95.451,43.06,38.83,48.71,40.28,10.8,58.37
2025-03-17 16:15:00,51.434,11104.537,39.098,350.817,96.421,42.58,38.95,49.71,40.88,9.04,58.37
2025-03-17 16:20:00,57.797,11392.669,39.555,344.161,98.35,43.18,38.2,48.77,40.69,9.32,58.36
2025-03-17 16:25:00,52.421,10581.338,40.115,342.645,96.278,43.31,39.49,50.0,41.37,10.29,58.35
2025-03-17 16:30:00,56.942,10813.045,39.565,340.391,93.264,43.8,39.22,49.22,41.54,9.68,58.34
2025-03-17 16:35:00,53.467,10818.289,39.76,350.623,93.313,43.93,39.75,48.99,41.98,11.06,58.33
2025-03-17 16:40:00,56.552,10990.363,40.206,347.284,96.837,43.93,40.22,50.26,41.63,9.07,58.32
2025-03-17 16:45:00,54.347,11044.165,39.672,340.238,92.159,44.3,40.22,50.47,42.58,10.24,58.32
2025-03-17 16:50:00,57.612,10962.663,39.719,350.465,94.565,44.91,40.04,49.88,42.06,9.12,58.31
2025-03-17 16:55:00,55.474,10955.269,40.005,343.87,96.074,45.27,39.71,50.11,42.85,10.46,58.3
2025-03-17 17:00:00,56.611,10805.55,39.739,343.594,97.842,45.01,41.13,50.7,42.97,9.44,58.29
2025-03-17 17:05:00,54.057,10727.613,39.589,348.836,96.288,44.5,41.15,51.6,42.99,9.8,58.28
2025-03-17 17:10:00,58.479,11149.357,39.226,343.328,98.61,45.41,40.8,50.4,42.46,8.91,58.28
2025-03-17 17:15:00,57.159,10961.876,39.473,342.445,97.202,45.08,41.92,51.2,42.77,8.73,58.27
2025-03-17 17:20:00,56.911,10936.669,39.837,341.073,95.545,44.58,40.79,51.47,42.14,9.43,58.26
2025-03-17 17:25:00,56.932,10685.025,39.303,350.143,92.289,44.6,40.74,51.53,42.76,8.47,58.25
2025-03-17 17:30:00,56.729,10768.568,39.188,340.643,95.498,44.19,39.66,50.71,41.69,10.05,58.25
2025-03-17 17:35:00,50.753,10874.773,39.795,344.059,95.627,43.96,40.26,50.36,42.02,8.15,58.24
2025-03-17 17:40:00,54.531,10724.125,40.106,347.063,94.236,44.32,40.29,49.86,42.08,8.14,58.23
2025-03-17 17:45:00,60.614,10780.21,40.55,339.075,95.966,43.92,39.82,50.42,42.27,7.58,58.22
2025-03-17 17:50:00,56.207,10843.211,39.771,343.343,95.41,43.58,39.08,49.27,41.91,9.18,58.22
2025-03-17 17:55:00,54.68,10738.507,39.65,347.014,98.033,43.56,39.38,50.09,42.53,8.45,58.21
2025-03-17 18:00:00,58.225,10889.036,39.023,348.818,93.052,43.2,39.77,50.27,41.54,7.25,58.2
2025-03-17 18:05:00,57.585,11119.059,39.496,340.572,94.146,43.44,40.17,48.16,40.97,7.61,58.19
2025-03-17 18:10:00,53.514,11071.593,39.437,337.044,95.565,43.8,39.68,49.42,41.88,7.97,58.18
2025-03-17 18:15:00,53.375,11003.91,39.301,342.637,94.223,43.68,39.35,49.49,40.71,7.75,58.18
2025-03-17 18:20:00,56.542,10902.686,39.665,352.203,92.526,43.23,39.92,48.73,41.46,6.63,58.17
2025-03-17 18:25:00,53.498,10989.145,40.033,341.547,91.985,44.06,40.06,49.49,41.87,8.25,58.16
2025-03-17 18:30:00,55.908,10786.177,39.268,345.271,91.233,43.72,40.75,49.59,42.14,7.3,58.16
2025-03-17 18:35:00,51.74,10835.337,40.089,344.121,88.103,43.54,40.07,49.68,42.75,7.71,58.15
2025-03-17 18:40:00,53.269,10712.368,39.81,341.72,93.966,43.52,39.65,49.79,42.31,8.06,58.14
2025-03-17 18:45:00,56.348,10719.574,39.481,341.827,95.616,44.33,39.75,50.02,41.34,6.23,58.13
2025-03-17 18:50:00,55.257,10774.652,39.484,341.439,98.313,43.92,40.11,50.04,43.44,7.4,58.13
2025-03-17 18:55:00,52.923,10751.022,40.294,342.438,95.586,44.21,40.15,50.42,42.35,6.7,58.12
2025-03-17 19:00:00,56.236,10819.467,39.93,343.143,93.936,44.29,40.56,50.53,42.0,8.28,58.11
2025-03-17 19:05:00,55.438,10865.238,39.005,344.469,98.125,44.64,39.55,49.58,42.19,5.62,58.1
2025-03-17 19:10:00,60.396,10694.355,39.559,341.137,94.77,43.42,39.97,49.47,41.69,6.3,58.1
2025-03-17 19:15:00,54.851,10946.906,38.613,351.777,94.547,42.76,39.3,49.23,40.88,5.86,58.09
2025-03-17 19:20:00,82.485,12230.874,39.777,316.28,118.722,80.36,76.57,85.81,78.83,6.38,58.08
2025-03-17 19:25:00,79.748,12317.277,39.386,323.055,121.119,80.18,76.13,87.15,79.03,5.81,58.08
2025-03-17 19:30:00,83.932,12051.658,39.222,329.239,115.885,79.36,76.08,85.64,77.68,5.5,58.07
2025-03-17 19:35:00,75.586,12010.429,39.41,319.828,115.81,79.17,75.06,84.2,76.61,6.38,58.06
2025-03-17 19:40:00,81.133,11812.317,39.214,323.333,115.902,78.6,74.82,84.23,76.63,5.19,58.06
2025-03-17 19:45:00,79.036,12186.332,39.388,324.468,116.922,79.09,75.37,85.57,77.33,3.74,58.05
2025-03-17 19:50:00,79.007,12348.024,38.973,323.126,117.156,78.49,75.05,85.26,76.83,4.29,58.04
2025-03-17 19:55:00,77.566,12031.288,39.793,325.102,116.44,79.16,75.25,85.2,77.17,5.32,58.04
2025-03-17 20:00:00,78.563,12133.154,39.257,320.17,114.157,78.4,74.8,84.35,76.31,6.22,58.03
2025-03-17 20:05:00,78.514,12455.827,39.28,324.095,113.47,77.9,74.58,84.26,76.39,5.67,58.02
2025-03-17 20:10:00,81.373,12166.278,39.118,321.493,117.986,78.87,74.24,84.47,75.69,5.52,58.02
2025-03-17 20:15:00,77.264,12362.288,38.675,319.708,117.46,77.51,73.88,83.8,75.57,4.18,58.01
2025-03-17 20:20:00,83.777,12243.567,38.866,323.082,117.084,77.57,73.61,83.77,75.92,4.13,58.0
2025-03-17 20:25:00,78.593,12318.598,39.582,323.525,116.469,77.99,73.84,83.22,75.58,3.95,58.0
2025-03-17 20:30:00,77.886,12367.158,38.68,321.989,120.453,79.25,74.87,85.34,77.02,4.96,57.99
2025-03-17 20:35:00,77.527,12024.287,39.276,323.478,116.484,79.9,75.85,85.67,77.73,5.43,57.98
2025-03-17 20:40:00,80.231,12249.411,39.143,325.639,121.218,78.9,74.62,84.71,76.84,6.1,57.98
2025-03-17 20:45:00,79.638,12326.536,39.162,326.651,118.737,79.67,75.58,85.48,76.82,4.41,57.97
2025-03-17 20:50:00,84.556,12252.65,38.563,322.82,117.499,79.23,75.37,84.86,76.54,4.09,57.96
2025-03-17 20:55:00,83.596,12016.861,38.922,325.344,116.235,77.43,73.39,83.41,75.38,4.48,57.96
2025-03-17 21:00:00,80.682,12071.149,39.382,322.903,121.036,78.26,74.05,83.73,74.91,2.74,57.95
2025-03-17 21:05:00,79.932,12154.121,39.327,328.069,120.825,78.11,74.15,84.23,76.37,3.53,57.95
2025-03-17 21:10:00,81.82,12269.148,39.587,316.809,119.993,78.68,74.47,84.75,76.63,5.31,57.94
2025-03-17 21:15:00,81.137,11989.272,39.529,322.564,119.433,78.45,73.39,83.81,75.35,3.26,57.93
2025-03-17 21:20:00,80.754,12302.289,39.187,319.04,116.443,78.82,73.81,84.11,75.94,1.26,57.93
2025-03-17 21:25:00,78.944,12070.78,38.959,319.995,115.263,78.06,73.78,84.11,76.02,3.39,57.92
2025-03-17 21:30:00,77.897,12003.172,39.445,327.658,117.014,78.09,74.41,84.57,77.3,5.01,57.92
2025-03-17 21:35:00,84.12,12328.321,38.71,326.543,117.099,78.19,73.35,83.78,75.3,3.53,57.91
2025-03-17 21:40:00,77.531,12202.215,39.086,322.4,113.452,77.85,73.93,84.29,76.08,3.48,57.9
2025-03-17 21:45:00,78.072,11994.461,38.396,324.53,117.748,76.46,72.84,82.77,75.25,2.26,57.9
2025-03-17 21:50:00,79.23,12128.954,39.094,323.028,114.901,76.64,73.52,82.26,75.17,3.66,57.89
2025-03-17 21:55:00,78.77,12307.734,39.64,328.852,114.504,77.7,73.32,83.43,75.0,3.67,57.89
2025-03-17 22:00:00,72.143,12100.645,39.434,322.168,116.03,76.18,71.78,82.77,75.39,3.58,57.88
2025-03-17 22:05:00,79.06,12120.092,38.88,309.536,118.499,77.22,74.06,83.21,75.65,2.66,57.88
2025-03-17 22:10:00,80.519,12567.743,39.271,320.512,117.425,77.89,73.86,83.97,75.23,1.8,57.87
2025-03-17 22:15:00,76.35,11982.735,38.761,324.378,119.417,75.9,72.35,82.92,75.61,2.61,57.86
2025-03-17 22:20:00,83.9,12037.18,39.044,313.393,116.221,77.32,72.28,83.26,75.05,2.37,57.86
2025-03-17 22:25:00,79.376,11713.798,39.104,321.038,114.132,76.71,72.42,82.75,74.3,3.07,57.85
2025-03-17 22:30:00,81.692,11991.216,38.856,316.686,116.68,77.05,72.39,81.89,74.43,1.31,57.85
2025-03-17 22:35:00,79.861,12254.718,39.024,324.332,118.882,78.05,74.01,83.78,75.89,2.04,57.84
2025-03-17 22:40:00,77.669,12126.044,39.156,328.465,114.216,77.4,73.05,83.19,75.61,3.28,57.84
2025-03-17 22:45:00,76.901,12385.666,38.942,314.307,123.931,77.75,73.16,83.05,75.5,1.77,57.83
2025-03-17 22:50:00,79.761,12121.601,38.547,317.369,117.173,76.99,72.7,82.58,74.38,0.54,57.83
2025-03-17 22:55:00,80.804,12168.292,38.536,317.098,115.265,78.34,73.91,84.15,75.21,2.75,57.82
2025-03-17 23:00:00,81.482,11989.7,39.277,326.231,119.27,78.49,73.93,83.8,76.14,2.13,57.82
2025-03-17 23:05:00,81.891,12195.45,39.065,317.539,119.011,79.04,75.49,84.78,78.14,1.05,57.81
2025-03-17 23:10:00,82.565,11928.604,38.975,325.805,116.315,77.9,74.5,84.0,76.44,1.69,57.81
2025-03-17 23:15:00,80.658,12299.854,39.017,320.839,117.982,76.86,73.95,83.57,75.36,1.07,57.8
2025-03-17 23:20:00,77.878,12487.086,38.892,316.245,118.402,77.45,72.6,84.43,75.55,0.11,57.8
2025-03-17 23:25:00,75.325,11933.173,39.115,322.253,118.461,77.66,73.87,83.82,75.32,-0.66,57.79
2025-03-17 23:30:00,79.899,11912.465,39.092,322.033,116.445,78.09,73.89,84.16,76.65,2.28,57.79
2025-03-17 23:35:00,81.14,12214.469,38.953,321.874,118.04,77.65,73.4,84.73,76.11,1.01,57.78
2025-03-17 23:40:00,74.766,11928.926,39.045,324.873,115.753,75.84,72.46,82.39,74.5,1.99,57.78
2025-03-17 23:45:00,79.715,12338.654,38.324,322.438,117.66,76.23,72.16,82.66,74.87,1.68,57.77
2025-03-17 23:50:00,76.124,12240.705,38.288,319.181,117.143,76.09,73.08,81.95,75.41,1.48,57.77
2025-03-17 23:55:00,77.613,12083.399,39.173,318.821,115.76,77.26,73.03,82.76,75.06,2.84,57.77
2025-03-18 00:00:00,77.608,12199.435,38.393,321.387,117.859,77.43,73.13,82.39,75.08,0.09,57.76
2025-03-18 00:05:00,77.481,12474.452,38.894,314.34,116.464,76.62,72.29,81.91,74.21,0.57,57.76
2025-03-18 00:10:00,77.465,11914.452,39.452,317.254,120.668,77.88,73.02,83.44,75.85,1.47,57.75
2025-03-18 00:15:00,81.961,12226.258,39.267,317.661,116.589,78.52,74.23,84.75,74.83,1.68,57.75
2025-03-18 00:20:00,77.576,12442.643,38.652,315.987,115.461,78.13,73.67,83.62,75.75,1.4,57.74
2025-03-18 00:25:00,81.814,12361.946,38.745,325.593,114.488,78.26,73.38,83.8,75.31,2.5,57.74
2025-03-18 00:30:00,83.394,11841.328,38.888,320.939,116.411,78.15,73.92,84.16,75.59,0.54,57.74
2025-03-18 00:35:00,76.55,12051.088,39.151,323.531,118.27,78.03,73.91,83.24,75.3,2.2,57.73
2025-03-18 00:40:00,79.749,12056.086,38.569,323.402,120.574,78.52,74.1,84.2,75.57,-0.18,57.73
2025-03-18 00:45:00,78.335,12182.864,38.591,315.7,118.109,77.82,74.42,84.44,76.07,0.79,57.72
2025-03-18 00:50:00,82.575,11989.953,38.515,323.385,116.446,77.09,73.62,83.46,75.45,0.67,57.72
2025-03-18 00:55:00,82.476,12302.715,38.865,315.855,115.212,77.82,73.97,83.13,75.64,0.53,57.72
2025-03-18 01:00:00,80.025,12256.992,38.714,319.042,121.544,76.88,73.11,84.15,75.76,0.66,57.71
2025-03-18 01:05:00,75.399,12081.835,39.528,316.07,121.206,77.47,72.85,83.42,74.74,2.88,57.71
2025-03-18 01:10:00,77.192,12080.215,38.693,319.068,114.764,76.85,72.91,82.47,74.5,-1.05,57.71
2025-03-18 01:15:00,80.963,12023.05,38.903,312.814,118.074,77.74,73.79,82.86,76.26,0.3,57.7
2025-03-18 01:20:00,77.496,12159.487,38.831,317.095,116.309,78.07,73.82,84.34,76.0,1.31,57.7
2025-03-18 01:25:00,77.18,12107.443,38.426,320.313,121.435,76.89,73.27,83.11,74.87,0.17,57.69
2025-03-18 01:30:00,80.628,11905.584,39.429,321.308,118.243,77.82,73.22,82.82,75.19,1.11,57.69
2025-03-18 01:35:00,82.212,12120.033,39.127,330.403,115.554,78.11,73.64,83.98,75.37,2.09,57.69
2025-03-18 01:40:00,80.82,12295.624,38.426,324.318,116.026,76.55,72.75,82.18,74.73,0.99,57.68
2025-03-18 01:45:00,76.651,11779.427,38.795,325.337,118.237,76.65,72.56,82.44,73.99,1.45,57.68
2025-03-18 01:50:00,76.744,12049.356,38.962,327.767,114.73,76.44,72.29,82.55,74.52,-0.2,57.68
2025-03-18 01:55:00,78.417,12024.945,39.269,320.686,116.321,76.47,71.74,82.6,73.78,-0.35,57.68
2025-03-18 02:00:00,75.441,12062.589,38.713,323.249,111.273,75.45,72.13,82.81,75.7,0.85,57.67
2025-03-18 02:05:00,76.092,11682.548,39.31,317.186,113.986,75.6,72.07,82.14,73.9,0.45,57.67
2025-03-18 02:10:00,75.255,12409.624,38.957,317.721,111.902,75.54,72.09,82.33,74.43,1.25,57.67
2025-03-18 02:15:00,72.274,12135.044,39.201,320.647,115.554,76.05,71.68,82.22,74.93,1.55,57.66
2025-03-18 02:20:00,79.419,11821.774,38.423,320.096,115.334,77.34,73.85,83.53,75.21,1.76,57.66
2025-03-18 02:25:00,83.443,12021.299,38.839,316.149,116.184,77.99,74.59,84.25,76.24,0.47,57.66
2025-03-18 02:30:00,78.286,12214.665,39.699,319.494,120.138,77.7,74.38,83.82,76.83,1.59,57.66
2025-03-18 02:35:00,75.41,12128.228,38.64,322.053,116.975,75.6,72.36,82.21,74.07,-0.57,57.65
2025-03-18 02:40:00,75.9,12038.113,38.885,319.571,114.64,75.23,71.6,81.47,73.33,1.5,57.65
2025-03-18 02:45:00,75.913,11795.268,38.701,325.779,112.507,75.88,72.06,82.37,74.26,0.5,57.65
2025-03-18 02:50:00,84.448,11954.125,38.459,317.247,107.433,76.35,72.54,83.06,74.3,0.63,57.65
2025-03-18 02:55:00,81.908,12108.127,39.507,328.433,118.449,76.24,72.34,81.36,73.96,0.0,57.64
2025-03-18 03:00:00,82.717,11958.866,38.539,321.159,119.686,76.05,72.72,82.55,74.93,0.2,57.64
2025-03-18 03:05:00,76.977,11964.785,38.092,323.27,118.862,77.94,73.1,83.62,75.38,0.26,57.64
2025-03-18 03:10:00,79.883,12097.084,38.923,323.697,118.269,77.35,71.8,83.61,73.63,-0.16,57.64
2025-03-18 03:15:00,80.517,11842.289,39.123,323.822,114.628,76.16,73.1,82.92,74.97,-0.93,57.63
2025-03-18 03:20:00,80.038,11820.297,39.122,320.274,117.058,76.3,72.57,82.26,74.35,0.84,57.63
2025-03-18 03:25:00,74.684,12096.704,39.115,322.018,111.868,74.87,71.47,81.01,73.2,1.2,57.63
2025-03-18 03:30:00,77.927,12117.002,38.903,321.183,110.381,75.65,70.69,81.37,73.11,0.78,57.63
2025-03-18 03:35:00,77.991,12025.936,38.387,329.613,115.933,75.05,71.42,80.9,73.69,0.68,57.63
2025-03-18 03:40:00,81.851,12080.408,39.653,318.276,116.676,75.63,70.8,81.89,72.89,1.92,57.62
2025-03-18 03:45:00,80.902,12170.474,39.254,319.767,114.186,76.04,71.51,82.12,74.35,2.13,57.62
2025-03-18 03:50:00,80.238,11645.622,39.732,320.316,111.632,75.88,71.61,81.4,73.45,2.67,57.62
2025-03-18 03:55:00,80.492,11917.609,39.821,325.73,120.141,76.22,72.57,82.76,74.73,2.38,57.62
2025-03-18 04:00:00,75.505,11825.128,38.369,326.689,118.952,75.59,72.35,82.42,73.41,0.29,57.62
2025-03-18 04:05:00,84.793,12375.581,39.212,315.775,112.19,76.09,71.87,81.75,74.74,1.84,57.62
2025-03-18 04:10:00,74.252,11923.335,38.657,315.814,119.305,74.97,70.8,81.55,73.35,1.8,57.62
2025-03-18 04:15:00,74.5,11799.134,38.435,316.523,110.663,74.38,70.52,80.82,72.49,1.79,57.61
2025-03-18 04:20:00,77.244,12084.73,38.688,322.498,114.668,75.5,70.9,81.47,72.64,1.5,57.61
2025-03-18 04:25:00,72.927,12134.487,38.41,311.563,115.854,75.54,71.18,80.61,73.86,0.94,57.61
2025-03-18 04:30:00,79.603,12034.312,39.217,316.296,115.73,74.28,70.06,80.31,72.95,1.24,57.61
2025-03-18 04:35:00,75.146,11961.076,39.151,323.524,114.169,74.46,69.93,79.55,72.54,2.58,57.61
2025-03-18 04:40:00,79.064,11999.799,38.712,318.806,113.624,74.02,69.42,79.31,71.44,2.67,57.61
2025-03-18 04:45:00,78.277,12104.165,39.168,319.708,112.005,73.23,70.27,79.64,72.3,2.55,57.61
2025-03-18 04:50:00,76.692,12039.223,38.532,316.987,112.207,72.28,68.29,78.48,70.51,2.07,57.61
2025-03-18 04:55:00,74.938,12000.33,39.588,314.854,113.795,73.62,69.44,79.15,71.62,1.15,57.61
2025-03-18 05:00:00,73.272,12090.045,38.975,326.615,114.259,74.63,70.43,80.5,72.6,2.53,57.6
2025-03-18 05:05:00,75.685,12215.136,39.224,318.414,116.685,74.9,70.92,81.19,73.21,4.26,57.6
2025-03-18 05:10:00,77.496,11703.489,38.788,317.632,111.941,73.87,70.26,80.45,72.46,3.26,57.6
2025-03-18 05:15:00,75.472,11824.516,38.448,320.927,118.45,74.5,70.35,80.03,72.07,1.82,57.6
2025-03-18 05:20:00,73.512,12024.07,39.625,322.517,114.951,73.86,69.32,79.18,71.98,3.59,57.6
2025-03-18 05:25:00,78.583,12507.036,38.921,322.132,113.335,73.22,70.07,79.17,71.17,2.73,57.6
2025-03-18 05:30:00,75.363,11989.442,39.425,326.171,113.519,72.6,68.95,78.62,70.57,1.7,57.6
2025-03-18 05:35:00,72.619,11950.593,38.717,322.762,110.339,72.66,69.19,78.31,71.01,1.3,57.6
2025-03-18 05:40:00,76.257,11634.274,39.557,318.656,112.446,72.88,67.94,78.81,71.04,3.78,57.6
2025-03-18 05:45:00,77.98,12010.327,38.872,318.45,114.511,72.28,68.41,78.5,70.82,3.27,57.6
2025-03-18 05:50:00,77.315,12232.352,38.676,318.058,113.778,73.73,69.06,78.6,71.32,2.83,57.6
2025-03-18 05:55:00,72.261,11842.479,38.833,328.767,113.949,72.77,68.44,78.33,70.69,4.62,57.6
2025-03-18 06:00:00,79.531,11926.467,39.55,318.317,118.278,72.45,68.81,78.92,70.74,3.86,57.6
2025-03-18 06:05:00,74.507,12050.18,39.548,325.79,117.389,72.3,66.88,78.62,69.65,4.59,57.6
2025-03-18 06:10:00,74.351,11648.058,38.797,313.979,113.363,71.7,68.56,77.03,69.6,4.17,57.6
2025-03-18 06:15:00,77.734,11839.843,39.067,322.51,116.341,71.95,67.74,77.83,69.9,4.76,57.6
2025-03-18 06:20:00,75.028,11754.489,39.538,320.626,108.073,71.76,67.39,77.37,68.87,4.29,57.6
2025-03-18 06:25:00,76.316,12195.898,39.639,320.392,110.579,70.98,66.88,76.05,69.26,3.74,57.6
2025-03-18 06:30:00,72.952,12053.136,39.327,325.628,119.631,71.14,66.92,76.92,68.22,3.62,57.6
2025-03-18 06:35:00,70.594,12047.856,39.291,319.138,111.907,70.85,66.74,75.84,68.73,5.3,57.6
2025-03-18 06:40:00,74.687,12043.176,39.563,317.217,108.134,70.16,65.69,75.73,67.63,4.95,57.6
2025-03-18 06:45:00,75.811,12257.582,39.938,324.019,111.412,70.62,66.08,76.2,68.86,6.03,57.6
2025-03-18 06:50:00,74.968,11772.672,39.405,318.061,112.544,69.56,66.18,76.68,66.77,5.28,57.6
2025-03-18 06:55:00,68.852,11685.684,39.005,326.401,110.661,70.93,66.57,76.39,68.51,5.76,57.6
2025-03-18 07:00:00,72.138,11721.068,39.411,320.971,111.95,69.99,66.17,76.0,68.06,4.43,57.6
2025-03-18 07:05:00,78.26,12011.899,38.934,313.178,112.511,70.37,66.4,75.91,68.24,4.0,57.61
2025-03-18 07:10:00,75.714,12128.352,39.268,331.027,118.865,71.17,66.91,76.54,68.33,5.26,57.61
2025-03-18 07:15:00,74.62,11739.204,39.386,322.201,111.448,70.41,66.86,76.7,69.18,5.45,57.61
2025-03-18 07:20:00,79.752,11698.38,39.097,329.013,112.99,70.8,67.08,76.91,70.38,5.79,57.61
2025-03-18 07:25:00,71.118,12040.697,39.007,326.958,108.897,71.43,66.7,76.81,68.63,6.56,57.61
2025-03-18 07:30:00,79.781,11762.541,38.391,324.511,111.027,69.85,66.5,76.2,68.52,5.73,57.61
2025-03-18 07:35:00,75.081,11603.666,39.198,329.362,108.222,69.97,66.64,76.66,68.45,4.57,57.61
2025-03-18 07:40:00,73.671,11890.153,38.503,318.709,115.918,71.48,67.4,77.44,69.15,5.38,57.61
2025-03-18 07:45:00,74.465,11918.311,40.009,322.112,116.489,71.34,67.97,76.92,68.78,6.48,57.61
2025-03-18 07:50:00,72.392,11938.873,40.015,321.72,106.799,71.5,66.76,76.7,69.26,7.97,57.62
2025-03-18 07:55:00,74.936,11897.162,39.597,324.902,113.687,69.67,66.66,76.7,68.62,6.5,57.62
2025-03-18 08:00:00,74.529,11929.773,39.151,321.807,109.158,69.94,65.57,75.32,66.86,7.13,57.62
2025-03-18 08:05:00,74.973,11792.507,39.769,327.317,118.63,69.26,65.75,75.98,67.9,6.97,57.62
2025-03-18 08:10:00,75.49,11863.731,39.892,318.968,107.965,68.23,64.76,73.67,66.55,6.57,57.62
2025-03-18 08:15:00,78.316,11855.565,39.172,326.0,108.56,68.34,63.72,73.87,66.42,6.82,57.62
2025-03-18 08:20:00,73.368,11802.601,39.213,325.149,110.553,68.02,64.79,74.36,66.66,5.87,57.62
2025-03-18 08:25:00,76.152,11765.146,39.034,321.588,113.439,68.03,65.38,74.12,65.51,4.41,57.63
2025-03-18 08:30:00,76.487,12012.149,39.172,320.23,114.061,69.4,65.36,75.01,66.54,6.97,57.63
2025-03-18 08:35:00,74.537,11806.912,39.714,317.506,115.045,69.19,66.18,76.15,67.57,7.84,57.63
2025-03-18 08:40:00,76.608,11874.999,39.404,322.473,111.63,68.95,66.09,75.58,67.94,8.77,57.63
2025-03-18 08:45:00,70.491,12141.297,39.032,318.544,108.858,70.98,66.13,76.73,68.57,7.48,57.63
2025-03-18 08:50:00,72.203,11920.846,39.017,314.647,115.458,71.21,66.97,77.17,69.29,7.43,57.64
2025-03-18 08:55:00,71.539,12129.724,39.435,321.32,116.663,72.17,68.69,78.69,70.53,8.34,57.64
2025-03-18 09:00:00,75.383,11924.409,39.148,321.475,116.719,72.86,69.61,78.67,71.56,10.03,57.64
2025-03-18 09:05:00,78.673,11890.2,39.205,321.424,112.308,72.21,68.25,78.39,70.96,7.43,57.64
2025-03-18 09:10:00,72.185,11948.48,40.382,322.927,116.669,72.4,68.37,78.27,70.71,8.95,57.65
2025-03-18 09:15:00,74.195,11993.805,39.746,322.926,111.989,72.74,67.87,78.83,70.24,8.13,57.65
2025-03-18 09:20:00,78.315,11864.604,39.408,320.941,114.508,72.86,68.58,78.59,70.91,9.02,57.65
2025-03-18 09:25:00,77.68,11946.029,38.707,318.748,113.305,72.37,68.43,77.96,69.79,7.96,57.65
2025-03-18 09:30:00,77.171,11841.339,39.884,318.985,116.391,73.14,69.02,77.83,70.37,8.64,57.66
2025-03-18 09:35:00,79.126,12000.164,39.098,320.408,116.277,72.29,68.18,77.74,70.49,8.32,57.66
2025-03-18 09:40:00,72.08,11912.38,39.58,319.888,113.019,72.46,68.8,78.65,69.36,7.28,57.66
2025-03-18 09:45:00,75.332,11841.499,39.752,320.967,110.628,71.64,66.96,78.99,69.57,7.7,57.66
2025-03-18 09:50:00,76.713,11740.933,39.567,323.148,116.219,71.71,67.96,78.25,69.05,8.92,57.67
2025-03-18 09:55:00,77.259,11873.434,40.007,320.598,114.05,72.46,68.76,78.88,71.0,7.37,57.67
2025-03-18 10:00:00,81.994,12064.099,39.413,318.275,113.13,72.3,68.79,79.22,70.55,8.84,57.67
2025-03-18 10:05:00,77.514,11994.386,39.74,323.995,119.233,72.71,69.05,79.08,70.68,9.5,57.68
2025-03-18 10:10:00,74.829,11810.179,39.353,323.749,109.174,74.08,71.13,78.92,72.07,9.17,57.68
2025-03-18 10:15:00,80.276,12037.687,39.473,320.638,113.089,73.86,70.52,80.14,72.17,8.77,57.68
2025-03-18 10:20:00,76.299,12356.779,39.466,324.155,114.772,73.89,70.32,79.33,72.01,10.05,57.68
2025-03-18 10:25:00,77.051,12044.497,39.546,329.61,117.495,73.06,69.0,79.8,70.96,9.11,57.69
2025-03-18 10:30:00,79.602,11885.538,39.923,322.34,110.318,73.35,68.44,78.23,70.11,8.86,57.69
2025-03-18 10:35:00,72.856,12163.657,39.313,329.241,116.591,73.14,69.54,78.55,71.64,8.63,57.69
2025-03-18 10:40:00,76.73,11774.564,39.93,323.827,110.315,71.73,68.16,77.99,70.18,9.62,57.7
2025-03-18 10:45:00,80.658,11805.635,39.722,327.991,115.773,71.94,68.83,78.7,71.25,11.15,57.7
2025-03-18 10:50:00,78.8,11830.387,39.917,320.081,115.087,72.41,68.6,78.36,70.34,9.08,57.71
2025-03-18 10:55:00,76.116,11943.639,39.712,325.756,115.609,71.98,68.99,78.71,70.26,10.74,57.71
2025-03-18 11:00:00,80.228,11959.77,39.017,328.296,115.319,72.03,68.38,77.21,70.37,10.16,57.71
2025-03-18 11:05:00,77.33,11810.979,39.421,328.663,116.949,71.67,68.28,77.15,69.82,11.01,57.72
2025-03-18 11:10:00,78.929,11752.286,39.792,315.695,111.952,71.56,66.46,76.95,68.82,11.36,57.72
2025-03-18 11:15:00,78.642,11578.39,39.045,326.525,117.508,70.08,65.68,76.34,67.89,10.63,57.72
2025-03-18 11:20:00,75.821,12265.864,39.596,332.046,110.288,70.12,66.87,76.76,69.24,10.62,57.73
2025-03-18 11:25:00,76.559,11888.895,39.362,322.22,113.816,71.27,66.35,76.96,69.82,11.24,57.73
2025-03-18 11:30:00,75.255,11891.716,39.079,322.536,115.633,70.61,66.56,77.18,69.23,9.05,57.74
2025-03-18 11:35:00,74.456,11941.2,40.088,324.008,116.834,70.51,67.09,76.88,68.34,10.83,57.74
2025-03-18 11:40:00,74.597,11855.496,39.129,320.489,117.327,71.15,66.68,76.39,68.17,10.44,57.74
2025-03-18 11:45:00,77.467,11806.713,40.13,319.764,114.808,69.85,66.32,75.79,68.5,11.57,57.75
2025-03-18 11:50:00,75.04,11642.656,39.567,323.083,114.386,69.78,65.6,75.24,67.77,12.07,57.75
2025-03-18 11:55:00,71.018,11609.134,39.23,330.8,109.626,68.9,65.65,74.96,67.78,11.38,57.76
2025-03-18 12:00:00,76.615,11734.297,39.782,319.3,113.951,69.27,65.67,75.58,66.85,11.52,57.76
2025-03-18 12:05:00,70.199,11654.368,40.328,317.654,109.501,69.73,65.33,76.22,68.42,10.26,57.77
2025-03-18 12:10:00,76.791,11873.732,39.075,321.423,116.427,70.36,65.51,76.43,67.06,10.27,57.77
2025-03-18 12:15:00,75.239,11772.59,39.902,320.71,116.161,69.88,66.3,76.21,68.22,12.2,57.77
2025-03-18 12:20:00,75.07,12065.024,39.654,320.462,114.991,70.1,66.72,76.33,68.33,11.03,57.78
2025-03-18 12:25:00,75.729,12135.217,39.736,323.778,115.724,70.19,67.05,76.45,67.98,12.05,57.78
2025-03-18 12:30:00,72.44,12041.062,39.26,321.332,113.348,70.0,66.13,77.16,68.74,10.12,57.79
2025-03-18 12:35:00,76.851,11941.206,39.662,323.553,115.977,70.77,66.63,77.63,68.06,10.4,57.79
2025-03-18 12:40:00,74.302,12458.517,39.715,330.927,111.091,69.84,65.76,75.96,67.84,11.1,57.8
2025-03-18 12:45:00,75.779,11653.22,40.052,321.284,111.675,69.58,65.43,75.98,67.98,10.82,57.8
2025-03-18 12:50:00,74.081,12026.227,39.056,326.544,113.218,70.05,66.09,75.65,68.42,10.94,57.81
2025-03-18 12:55:00,73.984,11728.726,39.229,323.038,109.253,70.41,65.85,75.73,67.84,10.79,57.81
2025-03-18 13:00:00,72.436,11665.606,40.196,321.566,113.235,69.37,65.85,76.38,67.39,10.83,57.82
2025-03-18 13:05:00,75.017,11959.625,40.332,327.858,112.248,69.99,64.78,74.77,67.49,11.89,57.82
2025-03-18 13:10:00,71.965,12207.786,39.737,324.975,114.581,69.51,66.39,76.04,66.76,10.22,57.83
2025-03-18 13:15:00,73.167,11945.423,39.765,314.661,112.567,68.75,65.38,76.12,67.11,11.54,57.83
2025-03-18 13:20:00,75.315,11742.534,39.746,322.579,113.779,68.93,65.28,75.63,68.22,12.37,57.84
2025-03-18 13:25:00,72.789,11512.908,38.967,321.89,112.129,69.63,65.02,75.95,67.54,12.86,57.84
2025-03-18 13:30:00,71.889,12004.991,39.993,325.048,111.127,68.95,65.55,76.29,67.92,11.21,57.85
2025-03-18 13:35:00,73.026,12045.15,39.694,328.725,111.805,69.3,64.55,74.61,67.04,11.35,57.85
2025-03-18 13:40:00,74.468,12047.105,40.181,331.471,116.792,69.57,64.72,75.16,67.41,10.55,57.86
2025-03-18 13:45:00,75.036,11777.78,39.226,322.449,111.225,69.09,65.44,74.34,66.91,11.81,57.86
2025-03-18 13:50:00,77.162,11753.611,39.873,331.333,114.374,69.58,65.07,75.81,67.11,11.37,57.87
2025-03-18 13:55:00,72.069,12110.2,39.756,323.632,111.813,69.61,65.52,74.7,67.44,12.77,57.88
2025-03-18 14:00:00,77.007,11678.439,39.893,324.517,114.831,68.76,64.57,75.06,66.76,11.82,57.88
2025-03-18 14:05:00,72.817,11445.373,39.028,325.952,110.031,68.71,64.9,75.26,66.72,11.18,57.89
2025-03-18 14:10:00,75.645,11895.797,40.166,331.652,113.695,68.48,64.27,74.83,65.89,12.07,57.89
2025-03-18 14:15:00,71.908,11785.887,39.191,322.656,114.844,69.77,65.42,75.59,67.22,11.9,57.9
2025-03-18 14:20:00,74.01,11609.776,39.701,321.568,114.485,69.19,65.11,75.28,66.86,10.77,57.9
2025-03-18 14:25:00,76.151,11901.674,39.361,324.2,110.234,67.67,64.17,73.48,66.0,12.09,57.91
2025-03-18 14:30:00,73.915,11803.598,39.638,323.107,109.237,68.86,64.47,73.87,66.59,11.3,57.92
2025-03-18 14:35:00,71.36,11681.241,39.341,322.538,114.213,67.61,63.7,73.88,65.6,10.41,57.92
2025-03-18 14:40:00,72.479,12100.243,40.055,324.622,110.198,67.97,64.47,73.8,66.05,11.99,57.93
2025-03-18 14:45:00,74.924,11605.981,39.652,330.446,113.483,68.99,65.43,74.84,67.16,11.86,57.93
2025-03-18 14:50:00,76.964,12213.255,39.106,321.919,109.634,68.0,64.32,74.89,67.46,9.98,57.94
2025-03-18 14:55:00,74.809,12180.219,40.078,321.887,112.657,69.19,65.43,75.78,68.14,10.89,57.95
2025-03-18 15:00:00,71.352,11922.907,39.802,323.921,115.071,69.45,66.18,75.5,66.8,10.04,57.95
2025-03-18 15:05:00,74.433,11836.698,40.055,324.329,112.068,69.65,65.96,76.49,68.19,12.45,57.96
2025-03-18 15:10:00,77.973,11961.884,39.914,321.158,116.416,70.41,65.77,75.53,67.91,11.59,57.96
2025-03-18 15:15:00,80.167,12209.947,39.478,321.688,115.427,71.12,68.2,78.0,70.26,10.25,57.97
2025-03-18 15:20:00,77.821,12156.466,40.423,316.32,118.306,70.51,66.29,76.9,68.76,13.11,57.98
2025-03-18 15:25:00,74.719,11462.479,39.078,324.282,114.761,70.88,67.56,77.44,68.81,11.84,57.98
2025-03-18 15:30:00,77.21,11946.831,39.745,325.569,115.847,69.7,66.62,76.09,68.59,9.66,57.99
2025-03-18 15:35:00,72.389,11995.13,39.279,332.58,113.535,69.34,65.4,75.2,68.03,11.78,58.0
2025-03-18 15:40:00,76.096,12280.862,39.459,328.598,117.051,69.3,64.9,74.22,66.64,10.13,58.0
2025-03-18 15:45:00,74.048,11968.166,39.787,332.728,111.805,67.71,63.41,74.06,66.38,9.99,58.01
2025-03-18 15:50:00,71.868,12000.782,39.997,330.858,114.188,66.99,63.07,72.99,65.31,10.86,58.02
2025-03-18 15:55:00,69.582,11732.49,39.692,322.372,113.28,66.0,62.11,71.91,64.65,9.88,58.02
2025-03-18 16:00:00,70.294,11855.698,39.297,328.287,113.065,66.52,62.32,72.1,64.08,10.02,58.03
2025-03-18 16:05:00,73.473,11863.399,40.05,326.374,107.545,66.74,62.87,73.36,65.26,10.55,58.04
2025-03-18 16:10:00,69.499,11844.477,39.312,332.21,119.088,67.08,62.69,73.07,64.88,10.42,58.04
2025-03-18 16:15:00,68.866,11675.837,39.014,328.858,110.106,65.42,61.29,71.74,64.01,10.76,58.05
2025-03-18 16:20:00,68.271,11911.653,39.854,333.238,112.662,66.1,62.35,72.11,64.58,11.27,58.06
2025-03-18 16:25:00,73.622,11699.329,40.026,327.836,115.207,65.94,62.37,71.64,63.99,8.86,58.06
2025-03-18 16:30:00,72.731,11741.75,39.493,345.027,111.469,66.06,61.5,72.85,62.93,10.43,58.07
2025-03-18 16:35:00,71.487,11682.482,39.654,331.362,115.254,65.17,61.29,71.26,62.82,9.06,58.08
2025-03-18 16:40:00,73.409,11768.722,39.678,327.239,115.134,64.1,61.73,71.47,62.68,10.65,58.08
2025-03-18 16:45:00,67.939,11612.2,39.419,326.616,113.345,64.75,61.4,71.08,63.3,9.53,58.09
2025-03-18 16:50:00,69.391,12009.375,39.456,331.524,107.557,64.99,61.05,71.2,62.58,9.21,58.1
2025-03-18 16:55:00,66.485,11925.274,39.49,327.878,110.821,64.86,60.31,70.37,62.25,8.25,58.1
2025-03-18 17:00:00,65.704,11658.779,39.937,329.274,109.407,63.64,60.01,69.98,62.57,10.42,58.11
2025-03-18 17:05:00,74.051,11738.78,39.31,321.834,111.795,62.62,58.52,69.16,61.4,9.23,58.12
2025-03-18 17:10:00,69.515,11381.306,38.977,328.18,110.983,62.56,57.98,68.93,60.51,9.81,58.13
2025-03-18 17:15:00,70.773,11669.167,39.555,329.738,110.12,62.86,58.46,68.27,59.85,8.17,58.13
2025-03-18 17:20:00,65.71,11797.682,40.133,333.783,110.62,62.09,58.29,67.4,60.45,10.64,58.14
2025-03-18 17:25:00,70.874,11806.427,39.261,333.427,109.661,63.13,59.28,68.88,60.75,10.2,58.15
2025-03-18 17:30:00,67.5,12015.368,39.791,329.712,111.256,62.82,58.92,69.14,61.02,8.3,58.16
2025-03-18 17:35:00,67.779,11700.388,39.864,324.543,109.152,63.24,58.68,69.73,61.4,9.71,58.16
2025-03-18 17:40:00,65.244,11693.643,39.521,332.356,108.684,63.08,59.92,68.82,60.9,8.89,58.17
2025-03-18 17:45:00,69.245,11425.434,39.749,327.495,107.905,63.57,59.26,69.77,61.14,9.17,58.18
2025-03-18 17:50:00,72.22,11769.727,39.568,326.401,106.821,63.76,59.38,69.66,61.84,7.71,58.18
2025-03-18 17:55:00,70.383,11861.096,39.627,334.008,104.565,63.57,59.49,69.74,61.33,9.15,58.19
2025-03-18 18:00:00,68.477,11667.692,39.864,337.392,110.801,63.8,59.99,70.7,61.98,9.71,58.2
2025-03-18 18:05:00,69.893,11693.202,39.326,336.484,110.904,63.86,60.13,69.76,61.68,7.34,58.21
2025-03-18 18:10:00,66.995,11641.676,39.481,331.201,111.902,65.16,61.27,70.2,63.03,7.76,58.22
2025-03-18 18:15:00,71.8,11786.923,38.788,335.471,108.803,65.26,61.58,71.82,62.92,7.44,58.22
2025-03-18 18:20:00,71.132,11939.733,39.468,326.317,114.456,65.86,62.33,71.57,63.36,8.35,58.23
2025-03-18 18:25:00,68.866,11914.901,39.805,331.539,111.038,65.63,61.3,71.31,63.83,8.31,58.24
2025-03-18 18:30:00,69.099,11798.378,39.24,336.415,115.035,64.9,60.28,71.53,63.44,7.13,58.25
2025-03-18 18:35:00,68.185,11541.131,38.917,335.869,110.38,64.64,60.7,70.99,62.31,5.47,58.25
2025-03-18 18:40:00,69.501,11805.761,39.903,332.272,110.658,64.21,60.19,70.37,62.97,7.64,58.26
2025-03-18 18:45:00,66.576,11809.931,39.265,332.255,109.076,64.33,61.12,71.04,63.51,5.83,58.27
2025-03-18 18:50:00,71.078,11824.314,39.112,336.742,109.471,63.81,59.95,69.66,62.13,7.13,58.28
2025-03-18 18:55:00,71.408,11868.275,39.609,333.038,107.594,64.08,59.07,70.38,62.06,6.81,58.28
2025-03-18 19:00:00,72.644,12023.151,39.444,326.658,114.189,64.52,60.47,70.88,63.6,6.81,58.29
2025-03-18 19:05:00,74.013,11618.977,39.771,331.685,109.176,64.7,60.67,70.62,64.04,6.58,58.3
2025-03-18 19:10:00,72.485,11633.58,40.262,333.077,107.424,64.68,60.49,71.11,62.71,7.46,58.31
2025-03-18 19:15:00,72.052,11873.017,39.922,332.336,111.237,65.9,62.08,72.18,64.19,5.54,58.32
2025-03-18 19:20:00,68.725,11735.683,39.264,336.124,109.775,67.23,61.9,72.39,64.97,6.68,58.32
2025-03-18 19:25:00,68.821,11831.024,39.402,325.006,115.606,65.81,61.4,71.08,63.48,5.84,58.33
2025-03-18 19:30:00,66.383,11584.492,39.354,330.109,109.399,65.04,61.29,71.12,63.92,4.5,58.34
2025-03-18 19:35:00,72.26,11974.509,39.467,334.289,113.047,65.24,61.89,72.37,63.41,5.45,58.35
2025-03-18 19:40:00,69.562,11772.459,38.853,330.316,109.942,65.27,61.11,70.75,63.38,6.3,58.36
2025-03-18 19:45:00,68.753,11449.463,39.078,334.924,111.224,64.52,60.13,70.53,62.76,6.1,58.37
2025-03-18 19:50:00,68.032,11814.69,38.956,337.109,104.557,63.3,58.94,68.77,61.62,5.04,58.37
2025-03-18 19:55:00,72.169,11728.037,39.725,337.605,110.223,64.79,60.22,70.25,62.54,5.95,58.38
2025-03-18 20:00:00,69.409,11724.04,39.574,330.531,113.262,64.58,60.94,70.54,61.93,5.57,58.39
2025-03-18 20:05:00,69.739,11891.77,39.563,332.189,109.827,64.88,60.95,70.28,62.64,4.61,58.4
2025-03-18 20:10:00,67.999,11695.737,39.575,331.299,108.317,65.94,60.87,70.58,63.68,4.55,58.41
2025-03-18 20:15:00,76.495,11995.27,39.385,336.296,113.797,64.91,60.98,70.85,62.62,4.04,58.41
2025-03-18 20:20:00,70.738,11903.899,39.002,335.987,110.504,65.72,60.26,71.08,63.31,7.03,58.42
2025-03-18 20:25:00,70.874,11695.637,39.159,339.676,110.477,64.83,61.44,70.12,63.0,5.82,58.43
2025-03-18 20:30:00,73.51,11964.609,38.286,339.083,110.336,65.66,62.19,71.36,62.56,4.36,58.44
2025-03-18 20:35:00,74.902,11921.573,38.935,335.766,110.283,65.18,61.87,72.08,63.31,3.61,58.45
2025-03-18 20:40:00,70.242,11740.22,38.409,333.702,110.165,65.31,61.07,71.51,63.27,4.23,58.46
2025-03-18 20:45:00,72.519,11815.606,39.682,338.381,114.487,65.26,63.03,71.84,63.61,4.03,58.46
2025-03-18 20:50:00,75.553,11796.126,38.845,336.997,116.6,67.0,63.55,72.98,64.7,2.6,58.47
2025-03-18 20:55:00,72.531,11947.051,38.632,332.644,112.913,68.1,63.67,73.28,64.98,3.45,58.48
2025-03-18 21:00:00,71.441,11831.295,39.789,336.308,113.312,68.55,65.94,75.32,66.62,4.27,58.49
2025-03-18 21:05:00,72.823,11988.108,39.246,330.943,113.724,68.07,64.43,74.71,66.44,3.88,58.5
2025-03-18 21:10:00,71.462,11994.558,38.677,326.717,111.03,69.13,65.18,74.78,67.38,2.78,58.51
2025-03-18 21:15:00,71.844,12429.318,39.558,337.477,110.293,69.04,65.15,74.99,67.19,2.82,58.51
2025-03-18 21:20:00,71.855,11761.723,38.973,336.045,115.026,68.6,65.08,74.98,66.47,3.48,58.52
2025-03-18 21:25:00,75.242,12168.945,39.557,325.501,115.104,69.27,65.12,73.85,66.47,3.16,58.53
2025-03-18 21:30:00,72.428,11953.695,39.467,333.033,114.203,68.39,63.93,74.28,66.27,4.79,58.54
2025-03-18 21:35:00,69.413,11896.732,39.53,336.633,118.079,67.76,64.28,74.32,65.85,2.9,58.55
2025-03-18 21:40:00,67.966,12222.262,39.34,335.761,106.851,67.83,63.84,72.99,65.94,4.6,58.56
2025-03-18 21:45:00,70.021,11643.853,38.885,324.517,114.955,68.64,64.83,73.69,66.37,1.97,58.57
2025-03-18 21:50:00,78.348,12038.733,38.885,337.399,115.022,68.35,64.1,74.15,65.67,4.26,58.57
2025-03-18 21:55:00,72.529,12204.927,39.875,336.062,114.754,68.79,64.9,74.06,66.63,3.24,58.58
2025-03-18 22:00:00,65.109,12065.417,39.004,331.779,113.207,68.81,64.38,74.67,66.53,2.16,58.59
2025-03-18 22:05:00,71.775,12502.619,38.734,332.685,120.389,68.42,64.38,74.63,66.9,2.68,58.6
2025-03-18 22:10:00,74.819,11757.728,39.749,333.273,113.404,68.08,63.58,73.36,65.24,2.95,58.61
2025-03-18 22:15:00,72.357,12404.89,39.165,336.784,112.168,67.8,63.9,74.4,66.2,2.75,58.62
2025-03-18 22:20:00,76.368,11950.78,39.289,332.309,117.134,68.08,63.53,73.72,66.34,2.42,58.63
2025-03-18 22:25:00,73.795,11929.7,39.499,331.859,114.51,67.85,64.38,73.97,66.43,2.88,58.63
2025-03-18 22:30:00,72.297,12009.746,39.023,330.383,109.946,67.65,64.2,73.76,65.63,1.81,58.64
2025-03-18 22:35:00,72.821,12044.501,39.15,333.927,112.194,68.28,63.61,74.11,65.88,2.28,58.65
2025-03-18 22:40:00,72.534,12066.474,38.973,333.489,115.079,67.82,63.23,72.95,66.4,2.06,58.66
2025-03-18 22:45:00,69.926,11872.897,38.801,342.455,115.635,68.06,64.31,73.51,66.83,2.05,58.67
2025-03-18 22:50:00,71.646,11868.762,38.66,335.857,113.23,68.35,64.29,74.74,66.56,1.84,58.68
2025-03-18 22:55:00,75.66,12371.195,39.269,337.284,116.091,69.01,65.23,74.95,67.02,1.33,58.69
2025-03-18 23:00:00,72.442,11941.653,39.565,332.334,113.047,67.96,64.84,73.98,66.05,1.75,58.7
2025-03-18 23:05:00,68.86,12018.932,38.85,332.752,114.532,68.03,64.25,74.23,67.0,1.64,58.7
2025-03-18 23:10:00,73.6,12085.395,38.463,331.377,114.831,67.92,63.72,74.1,66.96,1.57,58.71
2025-03-18 23:15:00,68.78,12017.956,38.528,341.238,114.372,67.84,63.89,74.53,66.31,0.97,58.72
2025-03-18 23:20:00,73.877,11878.268,38.929,337.333,116.267,68.05,63.98,74.65,66.02,0.28,58.73
2025-03-18 23:25:00,71.538,12316.097,39.281,331.895,112.838,69.09,65.19,75.96,67.13,2.04,58.74
2025-03-18 23:30:00,70.972,12296.132,39.658,339.882,113.278,69.44,65.66,75.57,67.3,0.85,58.75
2025-03-18 23:35:00,75.749,12296.637,39.228,335.096,117.399,69.73,65.82,75.75,68.43,4.11,58.76
2025-03-18 23:40:00,75.213,12168.931,39.57,334.214,116.643,68.74,64.92,73.99,66.73,-0.36,58.77
2025-03-18 23:45:00,70.096,12129.115,39.303,332.375,115.769,68.69,65.25,75.0,67.57,2.05,58.77
2025-03-18 23:50:00,64.867,12241.242,38.125,325.086,116.779,70.53,66.09,76.97,68.6,1.69,58.78
2025-03-18 23:55:00,75.063,11984.923,38.99,338.988,115.626,68.79,65.85,75.29,67.6,1.93,58.79
2025-03-19 00:00:00,72.449,11988.815,39.052,335.463,114.256,70.37,65.37,76.02,68.4,1.52,58.8
2025-03-19 00:05:00,74.442,11989.255,38.565,336.799,116.517,68.9,65.33,74.45,67.52,1.35,58.81
2025-03-19 00:10:00,72.99,12125.846,38.865,340.288,113.726,69.4,65.05,75.88,67.5,1.43,58.82
2025-03-19 00:15:00,74.755,11866.965,39.234,341.004,119.112,69.42,64.4,75.17,66.96,0.87,58.83
2025-03-19 00:20:00,69.765,12023.179,39.085,341.78,112.247,69.24,65.15,74.64,66.71,-0.33,58.83
2025-03-19 00:25:00,73.992,12221.253,39.162,334.058,115.425,68.5,64.71,74.69,66.83,0.44,58.84
2025-03-19 00:30:00,71.422,11909.895,39.155,333.208,113.478,68.2,63.84,73.23,66.19,2.68,58.85
2025-03-19 00:35:00,73.52,12063.989,38.989,326.465,117.371,67.93,64.12,74.45,66.04,0.94,58.86
2025-03-19 00:40:00,72.244,11722.269,39.054,339.81,118.732,67.78,63.86,73.79,66.05,1.53,58.87
2025-03-19 00:45:00,72.803,12267.433,38.853,338.211,117.144,68.64,64.06,73.52,66.47,1.5,58.88
2025-03-19 00:50:00,72.362,12344.447,39.002,341.974,114.408,69.44,65.29,75.66,67.59,0.88,58.89
2025-03-19 00:55:00,77.202,11934.944,38.82,335.958,115.605,68.68,64.65,74.68,66.93,-0.51,58.9
2025-03-19 01:00:00,70.281,12035.446,39.202,334.512,118.625,68.77,64.56,75.24,67.4,-1.01,58.9
2025-03-19 01:05:00,71.869,11607.145,39.472,330.203,120.708,69.74,65.02,75.21,67.25,1.51,58.91
2025-03-19 01:10:00,71.674,12127.101,38.907,341.181,118.639,70.15,65.5,76.08,66.94,0.64,58.92
2025-03-19 01:15:00,75.941,12378.722,38.669,338.656,116.246,70.56,66.7,76.59,68.58,-0.93,58.93
2025-03-19 01:20:00,73.543,11794.501,39.109,340.886,115.214,71.81,68.09,77.31,69.14,0.1,58.94
2025-03-19 01:25:00,73.731,12030.475,39.498,330.611,116.512,71.74,67.71,78.38,69.33,1.68,58.95
2025-03-19 01:30:00,74.303,12156.875,39.008,335.791,119.834,71.04,67.2,77.08,68.71,1.74,58.96
2025-03-19 01:35:00,74.255,11973.633,38.286,333.136,117.627,72.05,68.0,78.56,69.98,-1.2,58.97
2025-03-19 01:40:00,81.162,12187.762,38.856,333.637,116.733,72.66,68.29,77.9,70.17,0.22,58.97
2025-03-19 01:45:00,74.602,12293.181,39.084,340.369,118.185,71.46,67.13,77.36,69.24,0.25,58.98
2025-03-19 01:50:00,74.109,12203.814,38.698,334.519,122.682,72.1,67.3,78.61,70.61,1.18,58.99
2025-03-19 01:55:00,76.059,12231.985,39.082,337.164,115.835,71.17,66.54,77.28,69.0,1.45,59.0
2025-03-19 02:00:00,76.391,12173.678,39.688,334.911,115.898,70.25,66.73,76.91,69.18,0.37,59.01
2025-03-19 02:05:00,72.105,11830.604,39.203,343.293,115.423,70.63,66.46,76.48,68.05,1.07,59.02
2025-03-19 02:10:00,71.031,12158.123,39.468,341.826,115.744,70.31,66.91,77.0,68.1,-0.55,59.03
2025-03-19 02:15:00,72.736,12317.398,38.789,340.474,116.936,70.2,65.88,76.29,68.62,0.14,59.03
2025-03-19 02:20:00,64.719,12198.075,38.803,333.91,119.676,70.06,66.04,76.16,68.35,-1.08,59.04
2025-03-19 02:25:00,72.347,12380.096,39.034,330.633,114.79,71.32,67.59,77.83,68.87,0.78,59.05
2025-03-19 02:30:00,74.222,12242.436,38.964,340.651,117.903,71.63,67.42,77.65,69.04,0.57,59.06
2025-03-19 02:35:00,77.174,12008.007,38.767,340.664,118.995,71.41,67.64,77.66,69.74,0.37,59.07
2025-03-19 02:40:00,69.599,12288.413,39.271,335.81,116.659,70.35,66.06,76.97,68.14,1.47,59.08
2025-03-19 02:45:00,75.077,12240.512,39.394,346.065,116.876,69.52,65.96,76.08,67.96,1.38,59.09
2025-03-19 02:50:00,72.841,12390.609,39.439,341.405,115.937,69.76,66.02,75.23,67.63,1.03,59.09
2025-03-19 02:55:00,74.262,12059.726,38.586,339.168,115.514,67.97,65.3,74.42,66.67,-0.76,59.1
2025-03-19 03:00:00,71.391,12294.184,38.863,343.703,119.169,67.26,64.36,73.93,65.74,0.77,59.11
2025-03-19 03:05:00,71.542,12099.889,39.346,341.189,113.673,67.71,64.06,73.57,65.56,0.59,59.12
2025-03-19 03:10:00,73.932,12157.83,38.61,344.152,113.536,67.15,63.74,72.88,65.57,0.95,59.13
2025-03-19 03:15:00,72.708,12106.676,38.481,336.73,113.91,67.29,62.98,73.44,65.35,1.58,59.14
2025-03-19 03:20:00,67.723,11791.801,40.118,340.432,115.1,66.45,62.99,72.08,64.49,1.61,59.14
2025-03-19 03:25:00,69.996,11770.312,39.172,341.647,115.391,66.75,62.24,72.58,63.76,2.36,59.15
2025-03-19 03:30:00,68.473,11903.266,38.84,338.649,113.271,65.87,62.01,72.28,64.55,1.66,59.16
2025-03-19 03:35:00,73.334,11957.244,39.203,339.974,120.858,66.77,63.73,73.65,64.66,0.78,59.17
2025-03-19 03:40:00,70.146,12584.045,39.36,339.797,113.895,67.46,63.56,73.5,65.75,1.85,59.18
2025-03-19 03:45:00,72.149,12261.34,39.354,341.849,116.392,66.28,62.51,71.72,64.71,0.33,59.19
2025-03-19 03:50:00,71.624,11974.966,38.913,343.325,117.14,65.97,62.02,72.49,64.1,1.98,59.19
2025-03-19 03:55:00,71.185,12332.35,38.651,343.384,119.641,66.07,60.45,71.28,63.0,2.0,59.2
2025-03-19 04:00:00,62.401,12024.635,39.527,344.925,114.321,65.38,61.89,70.97,63.33,1.19,59.21
2025-03-19 04:05:00,70.954,11930.138,38.963,343.388,117.079,64.44,59.66,70.44,61.64,2.09,59.22
2025-03-19 04:10:00,68.302,11717.499,38.608,345.27,111.458,62.91,59.82,70.21,61.22,2.17,59.23
2025-03-19 04:15:00,64.993,11901.525,39.642,340.464,115.732,63.48,58.7,68.87,60.45,2.41,59.23
2025-03-19 04:20:00,65.02,11760.702,39.22,346.629,112.44,63.9,60.73,70.46,62.69,1.91,59.24
2025-03-19 04:25:00,66.161,12148.006,39.157,341.874,111.029,63.85,60.19,71.06,62.62,0.85,59.25
2025-03-19 04:30:00,71.016,12461.032,39.58,347.603,108.501,63.77,60.05,69.82,61.25,1.98,59.26
2025-03-19 04:35:00,62.967,12401.262,39.507,347.444,113.265,64.54,60.39,70.57,62.35,1.44,59.27
2025-03-19 04:40:00,71.222,11962.376,38.731,340.701,115.324,64.44,59.94,70.87,62.79,2.72,59.28
2025-03-19 04:45:00,65.772,11888.17,38.93,343.62,112.486,63.78,60.54,70.08,62.29,-0.1,59.28
2025-03-19 04:50:00,69.371,11954.343,39.052,351.694,109.586,65.02,60.92,70.4,62.47,2.03,59.29
2025-03-19 04:55:00,72.5,12105.437,39.732,341.574,110.532,64.9,60.92,70.46,63.52,1.49,59.3
2025-03-19 05:00:00,72.252,12035.381,39.21,340.034,115.583,64.08,60.48,69.93,62.43,1.76,59.31
2025-03-19 05:05:00,66.133,12018.078,39.366,347.52,120.133,65.09,61.14,70.53,62.93,2.37,59.32
2025-03-19 05:10:00,71.405,11671.172,39.78,345.964,113.558,63.93,59.82,69.87,62.06,3.76,59.32
2025-03-19 05:15:00,64.714,11663.339,39.616,347.585,116.402,62.99,58.95,69.39,61.28,3.72,59.33
2025-03-19 05:20:00,66.373,11628.51,39.493,346.583,117.466,62.27,58.6,68.95,60.35,2.05,59.34
2025-03-19 05:25:00,64.675,11661.486,39.247,341.713,114.151,63.96,61.02,70.1,62.28,0.83,59.35
2025-03-19 05:30:00,71.63,11914.285,39.275,344.107,111.126,64.04,60.48,70.49,62.44,3.09,59.35
2025-03-19 05:35:00,69.117,12043.34,38.885,353.526,112.428,63.69,60.08,69.55,61.92,1.39,59.36
2025-03-19 05:40:00,69.27,12129.159,39.219,347.586,119.047,63.0,59.64,69.96,60.98,2.9,59.37
2025-03-19 05:45:00,71.872,12128.919,39.712,345.227,110.347,62.89,59.22,69.3,61.15,4.85,59.38
2025-03-19 05:50:00,69.692,12076.406,38.991,344.9,111.607,63.77,59.12,68.79,61.82,3.44,59.38
2025-03-19 05:55:00,69.545,11809.119,39.499,341.234,109.439,63.09,59.1,68.87,61.3,3.81,59.39
2025-03-19 06:00:00,68.012,11793.964,40.316,355.131,112.323,63.73,60.35,69.73,61.54,4.3,59.4
2025-03-19 06:05:00,70.267,11717.844,38.728,341.119,118.575,64.33,59.29,69.53,61.25,2.83,59.41
2025-03-19 06:10:00,70.378,12002.451,38.834,342.507,113.948,64.04,59.18,69.34,61.46,2.62,59.42
2025-03-19 06:15:00,67.716,11914.44,40.344,341.212,108.375,63.04,59.46,69.03,61.51,3.69,59.42
2025-03-19 06:20:00,67.678,12198.807,39.488,343.895,114.914,63.48,58.7,67.87,60.77,4.6,59.43
2025-03-19 06:25:00,64.749,12200.581,39.709,346.305,110.848,61.66,58.85,68.26,60.31,5.12,59.44
2025-03-19 06:30:00,63.66,11970.466,39.753,343.938,111.948,61.95,57.61,68.86,59.41,3.1,59.44
2025-03-19 06:35:00,64.267,11742.874,39.173,350.469,114.598,62.89,57.99,67.25,60.31,4.65,59.45
2025-03-19 06:40:00,64.631,11609.287,39.167,350.634,119.67,62.59,59.04,68.4,61.23,4.64,59.46
2025-03-19 06:45:00,64.509,11846.067,39.399,354.881,114.165,62.53,58.65,68.71,61.12,2.59,59.47
2025-03-19 06:50:00,66.975,12558.76,39.656,353.202,114.344,62.37,57.72,67.7,60.16,5.12,59.47
2025-03-19 06:55:00,67.122,11876.87,39.843,347.412,112.366,61.66,57.54,67.37,60.3,5.24,59.48
2025-03-19 07:00:00,66.482,11483.917,39.234,352.399,115.394,61.57,57.16,67.19,59.74,5.51,59.49
2025-03-19 07:05:00,67.101,12181.696,39.01,346.443,115.915,61.81,57.94,68.15,60.09,5.06,59.5
2025-03-19 07:10:00,67.725,11553.964,39.1,347.107,113.44,61.63,58.01,67.75,60.43,5.76,59.5
2025-03-19 07:15:00,65.774,11993.748,39.864,350.286,115.554,61.48,57.37,67.2,59.91,6.6,59.51
2025-03-19 07:20:00,65.475,11962.503,39.575,352.881,114.612,60.68,56.62,66.83,58.91,4.68,59.52
2025-03-19 07:25:00,63.578,11805.609,39.285,352.227,111.467,60.13,55.95,67.07,58.44,5.74,59.52
2025-03-19 07:30:00,70.32,11836.388,39.606,350.204,108.954,60.88,56.64,66.53,58.14,5.66,59.53
2025-03-19 07:35:00,66.888,12138.125,39.248,348.033,109.05,60.62,57.03,67.47,59.68,3.91,59.54
2025-03-19 07:40:00,66.13,11748.39,38.895,357.254,112.514,60.13,57.45,66.78,59.33,5.97,59.54
2025-03-19 07:45:00,61.503,11645.562,39.633,352.728,112.807,59.83,54.52,66.24,57.2,5.78,59.55
2025-03-19 07:50:00,66.307,11991.662,39.319,356.811,110.926,59.65,55.83,65.51,57.8,6.27,59.56
2025-03-19 07:55:00,62.85,11950.209,39.856,349.881,111.101,58.36,53.88,63.29,56.17,7.45,59.56
2025-03-19 08:00:00,65.034,11865.184,39.177,357.154,116.182,58.4,53.6,63.84,56.25,6.53,59.57
2025-03-19 08:05:00,62.936,11975.755,40.393,345.054,109.679,58.33,54.23,63.59,55.84,5.74,59.58
2025-03-19 08:10:00,66.777,11865.279,39.731,357.123,110.346,60.67,56.04,66.12,58.13,7.79,59.58
2025-03-19 08:15:00,64.669,11714.89,40.04,351.926,112.054,60.43,56.43,66.17,57.51,7.0,59.59
2025-03-19 08:20:00,65.063,11748.542,39.109,348.344,111.581,60.28,56.17,65.74,57.75,5.44,59.6
2025-03-19 08:25:00,67.056,11663.274,39.795,351.415,110.862,59.48,55.9,65.22,57.24,6.88,59.6
2025-03-19 08:30:00,67.667,11754.256,40.297,347.707,114.002,60.55,57.16,66.48,57.95,8.23,59.61
2025-03-19 08:35:00,66.43,11864.496,40.33,347.708,110.369,60.37,56.41,66.24,59.27,6.9,59.62
2025-03-19 08:40:00,68.83,11931.637,39.336,350.482,112.129,60.56,56.11,66.83,57.64,6.6,59.62
2025-03-19 08:45:00,66.696,12090.975,39.618,343.23,114.641,60.87,57.97,66.07,59.6,6.48,59.63
2025-03-19 08:50:00,63.98,12027.753,40.447,344.071,118.084,61.57,57.95,67.89,59.56,7.8,59.64
2025-03-19 08:55:00,68.815,12003.901,39.494,349.872,112.38,62.97,59.58,68.51,60.61,8.13,59.64
2025-03-19 09:00:00,71.851,12146.93,40.392,352.712,113.828,61.96,58.75,68.21,60.0,8.43,59.65
2025-03-19 09:05:00,67.34,12146.354,40.0,343.047,113.799,62.0,58.59,68.17,59.94,8.48,59.65
2025-03-19 09:10:00,65.1,11708.645,40.074,348.235,114.931,62.07,57.3,67.03,59.59,9.35,59.66
2025-03-19 09:15:00,63.661,11812.73,39.75,349.364,107.328,61.42,58.19,67.59,59.11,8.53,59.67
2025-03-19 09:20:00,65.674,12022.741,40.575,347.357,115.884,62.32,58.1,68.86,60.4,9.16,59.67
2025-03-19 09:25:00,70.207,11856.84,39.571,350.688,113.984,63.36,59.83,69.22,61.21,8.87,59.68
2025-03-19 09:30:00,69.14,11768.841,40.223,354.852,114.842,63.5,59.35,69.98,61.24,8.4,59.68
2025-03-19 09:35:00,71.587,12133.825,40.175,348.792,112.83,61.95,59.06,68.93,60.63,8.12,59.69
2025-03-19 09:40:00,66.715,11836.097,40.124,355.193,117.836,62.25,58.0,68.37,59.99,10.12,59.7
2025-03-19 09:45:00,66.796,12158.355,39.686,346.978,111.747,61.25,57.81,67.78,58.55,9.64,59.7
2025-03-19 09:50:00,63.636,11726.363,39.823,347.633,111.204,61.77,57.81,67.68,59.61,10.44,59.71
2025-03-19 09:55:00,66.405,11834.235,39.996,350.313,116.965,61.22,57.44,67.02,58.1,9.82,59.71
2025-03-19 10:00:00,66.255,11720.631,40.233,355.477,117.306,60.81,57.57,67.62,59.5,8.31,59.72
2025-03-19 10:05:00,68.804,11913.96,39.091,348.134,117.912,62.33,58.61,68.64,60.81,8.92,59.72
2025-03-19 10:10:00,70.699,11578.808,40.001,339.979,116.385,63.88,60.13,69.98,61.88,9.4,59.73
2025-03-19 10:15:00,67.513,12029.437,40.123,345.617,113.243,62.27,57.85,68.22,60.11,8.13,59.74
2025-03-19 10:20:00,69.947,12042.321,39.171,348.615,115.528,63.14,58.72,69.25,60.56,9.26,59.74
2025-03-19 10:25:00,68.459,11672.048,39.477,348.422,115.941,62.78,58.3,67.83,60.75,11.36,59.75
2025-03-19 10:30:00,62.025,11731.869,39.136,350.184,113.337,61.59,57.94,67.69,59.44,10.13,59.75
2025-03-19 10:35:00,67.068,12114.014,39.87,349.983,115.2,62.93,58.98,68.7,61.42,10.17,59.76
2025-03-19 10:40:00,68.807,11929.662,40.373,355.186,120.624,62.66,58.41,68.87,61.29,10.07,59.76
2025-03-19 10:45:00,69.082,12054.722,39.073,344.262,110.776,62.36,58.48,67.59,60.87,9.76,59.77
2025-03-19 10:50:00,73.852,11950.888,39.88,352.749,112.505,62.29,58.07,68.73,60.92,10.06,59.77
2025-03-19 10:55:00,65.216,12034.426,39.483,345.779,116.2,62.28,58.73,68.93,59.89,9.3,59.78
2025-03-19 11:00:00,69.999,11706.632,40.194,351.665,116.277,60.95,57.71,67.26,59.46,11.17,59.78
2025-03-19 11:05:00,65.549,11816.501,39.959,338.976,112.715,61.33,56.52,67.22,58.62,11.13,59.79
2025-03-19 11:10:00,63.259,11613.546,39.393,354.589,112.963,61.7,57.38,66.85,59.2,9.64,59.79
2025-03-19 11:15:00,62.133,11780.338,39.973,355.49,112.572,61.01,56.7,66.09,58.41,10.02,59.8
2025-03-19 11:20:00,62.146,11894.089,39.79,353.503,115.047,59.86,55.67,66.32,57.51,8.67,59.8
2025-03-19 11:25:00,65.662,12039.783,40.237,347.71,109.69,59.38,55.87,65.51,57.21,10.9,59.81
2025-03-19 11:30:00,61.962,11716.134,39.475,350.959,112.616,59.44,55.74,65.76,57.76,10.29,59.81
2025-03-19 11:35:00,65.336,12079.765,39.663,348.96,114.482,59.25,56.74,66.82,57.77,11.01,59.82
2025-03-19 11:40:00,64.578,11840.336,39.719,354.998,115.982,59.02,56.12,65.71,57.26,9.9,59.82
2025-03-19 11:45:00,66.387,11713.579,40.07,344.884,106.767,58.34,55.24,63.6,56.57,10.72,59.83
2025-03-19 11:50:00,61.472,11943.522,40.192,351.474,112.484,58.5,56.1,65.41,57.08,11.52,59.83
2025-03-19 11:55:00,68.365,11787.211,40.002,355.277,115.837,59.68,55.23,65.82,58.64,11.58,59.83
2025-03-19 12:00:00,62.166,12182.444,40.142,353.241,112.907,59.84,54.86,65.41,57.38,11.27,59.84
2025-03-19 12:05:00,66.026,11975.948,39.302,350.468,112.632,58.53,54.49,63.71,56.85,11.39,59.84
2025-03-19 12:10:00,66.265,11786.712,40.355,355.349,111.038,58.13,53.79,64.59,55.74,12.35,59.85
2025-03-19 12:15:00,63.55,11803.419,39.911,358.408,113.589,57.24,52.24,62.52,55.17,10.96,59.85
2025-03-19 12:20:00,64.949,11750.82,40.174,355.035,108.366,56.25,53.0,62.81,53.81,11.23,59.86
2025-03-19 12:25:00,57.161,11178.28,40.304,351.551,111.572,56.01,52.09,62.32,53.74,11.6,59.86
2025-03-19 12:30:00,62.968,12020.57,40.321,357.777,112.484,55.93,52.04,62.01,54.2,11.86,59.86
2025-03-19 12:35:00,59.67,11840.828,39.888,349.973,113.94,57.98,53.19,63.1,55.5,11.56,59.87
2025-03-19 12:40:00,64.885,11719.567,40.428,353.52,113.608,57.06,53.03,63.34,54.89,11.27,59.87
2025-03-19 12:45:00,60.896,11797.721,39.651,352.915,115.75,56.85,53.48,64.54,55.38,9.7,59.88
2025-03-19 12:50:00,64.726,11784.439,40.386,365.023,110.176,58.65,53.93,64.31,56.16,10.03,59.88
2025-03-19 12:55:00,64.784,12134.482,39.997,347.492,112.755,59.29,54.52,65.16,56.89,11.04,59.88
2025-03-19 13:00:00,65.972,11735.135,39.593,357.789,114.275,58.83,54.8,64.38,56.69,10.75,59.89
2025-03-19 13:05:00,71.26,11776.313,40.549,356.785,110.561,58.71,54.72,64.58,55.93,11.79,59.89
2025-03-19 13:10:00,64.184,11997.069,39.831,346.347,114.057,59.09,55.3,65.04,57.28,11.93,59.89
2025-03-19 13:15:00,67.211,11957.408,40.051,355.016,111.444,60.67,56.01,64.68,57.33,11.6,59.9
2025-03-19 13:20:00,64.686,11629.431,40.091,347.719,112.68,58.63,54.15,64.86,56.81,11.07,59.9
2025-03-19 13:25:00,59.083,11535.017,40.502,350.127,114.206,58.41,54.75,63.76,56.0,10.92,59.91
2025-03-19 13:30:00,61.094,11621.669,40.021,351.519,111.241,57.6,53.61,64.38,56.68,11.32,59.91
2025-03-19 13:35:00,61.927,12070.94,40.095,352.973,110.973,59.55,55.7,66.01,57.65,12.23,59.91
2025-03-19 13:40:00,65.155,11787.174,40.612,351.893,112.743,59.38,55.27,65.18,57.42,11.45,59.92
2025-03-19 13:45:00,66.033,11837.953,40.608,354.389,114.449,59.27,55.13,65.81,57.32,14.15,59.92
2025-03-19 13:50:00,60.342,11775.058,39.607,353.675,116.018,59.38,55.83,65.1,57.03,10.54,59.92
2025-03-19 13:55:00,65.98,11892.978,39.672,353.081,115.17,59.04,55.52,65.19,57.8,11.21,59.92
2025-03-19 14:00:00,61.136,11712.706,39.906,347.153,116.397,58.04,54.06,64.89,57.58,11.48,59.93
2025-03-19 14:05:00,62.901,11653.067,40.096,350.492,109.452,58.14,55.21,64.88,56.04,11.98,59.93
2025-03-19 14:10:00,63.917,11681.882,40.227,353.314,115.004,58.94,55.68,65.59,57.62,11.79,59.93
2025-03-19 14:15:00,66.085,12352.35,40.489,361.266,114.844,59.92,56.35,66.3,58.52,11.31,59.94
2025-03-19 14:20:00,62.143,12099.994,40.129,358.653,113.779,61.36,57.39,67.2,59.16,9.03,59.94
2025-03-19 14:25:00,65.487,11798.847,39.992,358.527,116.42,60.52,56.71,66.61,58.11,10.96,59.94
2025-03-19 14:30:00,62.978,12177.266,40.122,354.373,115.221,61.06,57.62,67.0,59.85,10.4,59.94
2025-03-19 14:35:00,66.262,11993.108,40.02,351.853,117.441,61.52,57.63,67.51,60.57,12.77,59.95
2025-03-19 14:40:00,68.619,11958.472,40.383,358.39,114.525,62.38,58.17,67.78,60.12,11.48,59.95
2025-03-19 14:45:00,67.838,12011.426,40.082,350.01,117.771,61.81,57.61,67.51,59.08,11.56,59.95
2025-03-19 14:50:00,66.679,12258.509,39.919,355.601,118.107,62.46,57.87,68.86,60.25,11.15,59.95
2025-03-19 14:55:00,65.585,11896.581,39.885,354.336,118.433,63.49,59.21,68.86,60.74,10.69,59.96
2025-03-19 15:00:00,68.002,11913.514,40.144,355.315,116.334,61.83,58.05,67.77,60.55,10.65,59.96
2025-03-19 15:05:00,71.064,11977.522,40.889,348.729,113.713,63.47,59.33,69.39,60.72,10.12,59.96
2025-03-19 15:10:00,65.091,12267.504,39.763,348.519,120.345,63.85,59.37,69.72,61.94,10.54,59.96
2025-03-19 15:15:00,66.152,12036.459,39.215,350.253,118.665,64.31,60.42,69.81,62.88,10.92,59.97
2025-03-19 15:20:00,67.841,11873.971,39.369,358.926,116.525,63.78,59.95,70.61,62.94,8.68,59.97
2025-03-19 15:25:00,68.22,12083.206,39.824,350.872,117.878,63.13,59.94,70.54,62.3,10.49,59.97
2025-03-19 15:30:00,61.164,12092.418,39.956,353.777,110.895,63.18,59.2,68.4,60.96,11.94,59.97
2025-03-19 15:35:00,68.405,11987.518,40.221,354.652,116.164,61.79,58.11,68.51,60.6,10.92,59.97
2025-03-19 15:40:00,63.219,12047.369,40.259,350.082,113.464,62.36,58.98,69.3,60.48,10.94,59.98
2025-03-19 15:45:00,64.698,11967.697,40.512,350.115,118.021,62.63,58.12,68.08,60.61,10.9,59.98
2025-03-19 15:50:00,61.556,12120.568,39.987,353.24,115.44,62.74,58.81,68.47,60.31,10.71,59.98
2025-03-19 15:55:00,67.426,12014.099,40.052,359.104,116.481,62.3,58.23,68.33,60.57,10.55,59.98
2025-03-19 16:00:00,69.519,11837.919,40.107,349.489,119.954,62.07,59.22,68.82,61.01,11.38,59.98
2025-03-19 16:05:00,65.345,11991.428,40.119,352.295,118.214,62.49,58.91,68.16,60.09,10.05,59.98
2025-03-19 16:10:00,62.163,12131.535,40.329,350.255,116.862,63.39,58.81,68.86,61.15,9.63,59.98
2025-03-19 16:15:00,67.53,12041.474,40.253,349.482,116.378,63.15,59.53,69.09,61.38,8.97,59.99
2025-03-19 16:20:00,67.638,11957.602,39.688,358.489,121.036,64.17,58.85,69.32,61.66,9.33,59.99
2025-03-19 16:25:00,66.334,12117.078,40.546,352.479,115.983,62.38,58.13,68.63,60.78,8.94,59.99
2025-03-19 16:30:00,69.558,11856.58,40.36,354.738,113.089,63.43,58.8,69.3,61.16,11.05,59.99
2025-03-19 16:35:00,69.912,11868.01,39.936,356.53,120.41,61.33,57.94,67.34,59.52,9.63,59.99
2025-03-19 16:40:00,67.944,12209.551,39.9,352.518,116.997,60.29,56.86,66.04,58.85,9.15,59.99
2025-03-19 16:45:00,63.773,11978.995,39.431,350.881,112.661,60.93,57.16,66.43,59.05,10.82,59.99
2025-03-19 16:50:00,68.595,11698.854,39.774,349.867,115.686,60.77,56.63,66.51,58.37,8.8,59.99
2025-03-19 16:55:00,63.275,11888.323,39.903,354.838,118.441,59.44,55.67,65.65,57.51,9.75,59.99
2025-03-19 17:00:00,68.681,11752.959,39.663,356.064,115.472,59.62,54.87,65.35,56.97,9.86,60.0
2025-03-19 17:05:00,62.682,11698.467,39.811,354.073,116.617,59.64,56.02,66.13,57.78,10.31,60.0
2025-03-19 17:10:00,67.955,11919.301,39.653,353.944,111.119,59.99,55.87,65.77,58.04,11.02,60.0
2025-03-19 17:15:00,59.405,11979.501,39.517,362.957,110.697,59.88,55.83,65.4,57.67,9.02,60.0
2025-03-19 17:20:00,62.451,12137.699,40.791,352.452,111.409,59.97,56.01,65.88,58.52,9.9,60.0
2025-03-19 17:25:00,62.079,12038.572,39.666,357.083,115.962,58.74,55.51,65.99,57.68,9.32,60.0
2025-03-19 17:30:00,66.799,12133.043,39.989,358.202,112.304,60.18,55.65,65.79,58.14,7.78,60.0
2025-03-19 17:35:00,65.14,12243.889,39.577,355.342,116.798,60.87,56.3,66.48,58.83,7.44,60.0
2025-03-19 17:40:00,63.617,11638.905,39.511,354.638,114.94,60.02,55.67,65.65,58.32,8.92,60.0
2025-03-19 17:45:00,67.402,11780.175,39.779,361.222,117.068,59.96,56.35,65.65,58.39,9.0,60.0
2025-03-19 17:50:00,67.087,12003.05,39.197,354.011,113.674,61.11,56.61,66.68,58.28,9.02,60.0
2025-03-19 17:55:00,61.327,11941.549,40.51,353.6,111.231,59.15,54.82,65.2,56.89,8.39,60.0
2025-03-19 18:00:00,62.968,12018.155,39.739,358.413,112.253,58.87,53.78,63.92,56.1,7.92,60.0
2025-03-19 18:05:00,65.825,11626.841,39.748,350.426,111.577,57.13,53.25,62.96,55.4,8.31,60.0
2025-03-19 18:10:00,65.41,11877.944,39.992,356.163,112.352,57.79,53.83,63.56,55.77,8.63,60.0
2025-03-19 18:15:00,62.108,11847.73,39.939,356.165,114.47,57.24,53.66,63.62,56.1,8.74,60.0
2025-03-19 18:20:00,62.623,11843.845,40.418,353.463,113.192,56.28,52.59,62.78,55.47,8.41,60.0
2025-03-19 18:25:00,63.208,11485.971,39.464,356.968,108.206,57.09,53.25,63.77,55.39,8.28,60.0
2025-03-19 18:30:00,63.776,12186.331,39.449,348.308,111.927,57.62,52.91,62.76,54.36,6.87,60.0
2025-03-19 18:35:00,60.577,11955.253,39.991,348.803,112.922,58.22,54.63,64.31,56.06,7.86,60.0
2025-03-19 18:40:00,63.459,11679.107,39.32,353.336,111.141,56.9,52.78,63.67,54.96,6.87,60.0
2025-03-19 18:45:00,58.818,12162.143,39.393,360.592,108.458,56.39,53.28,62.81,54.61,7.35,60.0
2025-03-19 18:50:00,65.166,11660.115,39.837,353.821,107.511,56.58,52.71,62.63,54.24,7.21,60.0
2025-03-19 18:55:00,60.571,11791.733,39.824,352.454,115.059,56.14,52.72,62.5,54.61,8.15,60.0
2025-03-19 19:00:00,65.562,12009.891,39.817,350.481,112.482,57.72,53.05,63.86,55.18,8.14,60.0
2025-03-19 19:05:00,62.601,11677.865,39.661,359.625,114.268,56.83,53.1,62.77,55.03,6.6,59.99
2025-03-19 19:10:00,59.075,11629.085,40.184,360.241,108.965,57.88,53.85,63.39,55.9,6.06,59.99
2025-03-19 19:15:00,63.717,11724.303,39.486,356.319,112.975,57.29,53.27,62.89,55.16,6.6,59.99
2025-03-19 19:20:00,66.543,11705.708,39.786,362.504,110.921,58.02,53.4,64.13,56.0,6.56,59.99
2025-03-19 19:25:00,61.08,12095.306,39.49,351.622,106.109,57.17,52.96,63.23,55.3,5.84,59.99
2025-03-19 19:30:00,63.037,12086.246,39.7,352.275,111.158,57.92,54.32,63.55,56.69,5.83,59.99
2025-03-19 19:35:00,60.51,11814.888,39.935,351.155,114.296,58.6,53.74,63.95,55.7,5.15,59.99
2025-03-19 19:40:00,60.907,11890.502,40.011,353.938,114.598,57.78,53.57,63.01,55.42,6.58,59.99
2025-03-19 19:45:00,66.061,12042.765,39.372,363.125,112.512,57.43,53.21,63.39,54.72,4.68,59.99
2025-03-19 19:50:00,61.532,11645.381,40.041,353.748,110.35,55.79,52.63,62.33,55.04,5.35,59.98
2025-03-19 19:55:00,62.524,11828.933,40.06,360.553,110.458,57.05,52.75,63.01,54.32,6.65,59.98
2025-03-19 20:00:00,63.492,11771.411,39.982,364.443,112.902,55.71,52.26,63.28,53.77,6.3,59.98
2025-03-19 20:05:00,61.356,11681.703,39.273,352.317,112.013,56.31,52.62,62.18,53.88,5.46,59.98
2025-03-19 20:10:00,59.709,11722.56,40.074,359.123,113.978,56.13,52.61,61.5,54.76,5.75,59.98
2025-03-19 20:15:00,59.003,11504.182,39.536,357.291,113.887,56.11,52.46,62.14,54.56,5.88,59.98
2025-03-19 20:20:00,64.379,11952.77,40.301,356.377,113.635,56.21,52.58,62.96,54.05,5.09,59.98
2025-03-19 20:25:00,61.599,11740.152,39.45,356.383,107.414,56.78,52.55,62.11,55.06,4.72,59.97
2025-03-19 20:30:00,57.279,11500.06,40.316,353.477,111.145,56.09,52.38,61.94,53.56,5.74,59.97
2025-03-19 20:35:00,63.409,11562.061,39.766,354.999,114.42,55.66,51.71,62.78,53.47,4.27,59.97
2025-03-19 20:40:00,59.529,12193.415,40.033,356.526,111.487,56.81,52.33,62.94,54.66,3.75,59.97
2025-03-19 20:45:00,64.992,11658.11,38.851,349.609,111.35,56.5,52.37,62.78,54.93,4.38,59.97
2025-03-19 20:50:00,59.159,11583.22,40.132,356.007,106.36,55.46,52.05,61.86,53.79,4.07,59.96
2025-03-19 20:55:00,61.835,11876.408,39.465,357.14,111.402,55.09,51.21,61.08,54.04,4.77,59.96
2025-03-19 21:00:00,64.133,11608.623,40.151,359.554,109.405,56.48,52.41,62.11,54.42,3.94,59.96
2025-03-19 21:05:00,64.362,11861.514,39.175,359.228,109.876,56.13,51.82,61.64,54.54,3.58,59.96
2025-03-19 21:10:00,66.682,11587.609,39.496,357.64,110.725,55.62,51.62,61.36,54.07,3.86,59.95
2025-03-19 21:15:00,60.272,11732.314,38.961,354.97,113.104,55.36,51.01,60.66,52.73,4.37,59.95
2025-03-19 21:20:00,58.483,11851.738,38.913,352.929,112.621,56.36,51.8,62.01,53.89,5.09,59.95
2025-03-19 21:25:00,64.704,11398.539,39.173,355.882,116.241,55.7,52.56,62.94,54.14,3.75,59.95
2025-03-19 21:30:00,62.508,11588.714,40.082,359.418,110.574,56.8,52.56,62.98,54.62,4.82,59.94
2025-03-19 21:35:00,58.351,11804.757,39.002,349.55,113.097,56.49,53.04,62.37,54.92,2.04,59.94
2025-03-19 21:40:00,64.992,11851.499,38.735,352.039,114.405,57.31,52.23,61.95,53.93,1.69,59.94
2025-03-19 21:45:00,63.697,11865.452,39.38,355.311,107.71,56.34,52.77,62.5,54.23,2.9,59.94
2025-03-19 21:50:00,64.005,11988.798,39.733,354.753,116.474,58.06,53.66,63.65,56.69,3.39,59.93
2025-03-19 21:55:00,60.44,11872.984,39.54,365.378,107.378,57.86,54.97,64.48,56.31,2.41,59.93
2025-03-19 22:00:00,60.571,11705.303,38.845,354.337,112.192,58.47,54.46,63.76,56.6,1.51,59.93
2025-03-19 22:05:00,67.791,11743.343,39.549,349.693,114.447,57.76,53.57,63.46,54.82,4.57,59.92
2025-03-19 22:10:00,62.011,11634.876,38.954,355.871,106.456,56.69,52.76,62.82,55.05,1.82,59.92
2025-03-19 22:15:00,62.184,11922.0,38.914,362.116,115.74,57.18,52.39,62.9,55.14,2.73,59.92
2025-03-19 22:20:00,65.285,11456.323,39.472,351.477,112.042,56.53,52.86,61.59,54.3,3.51,59.92
2025-03-19 22:25:00,62.533,11344.739,39.783,355.401,114.711,55.2,51.38,61.11,53.66,2.4,59.91
2025-03-19 22:30:00,63.728,11765.847,38.743,355.423,107.351,55.56,52.03,61.57,53.11,1.65,59.91
2025-03-19 22:35:00,59.922,11861.911,39.45,358.565,107.147,56.16,51.62,62.07,52.7,2.97,59.91
2025-03-19 22:40:00,63.603,11593.875,39.327,351.125,118.073,56.48,51.68,62.0,54.03,1.16,59.9
2025-03-19 22:45:00,59.306,11930.419,39.327,357.615,106.883,56.66,53.11,63.37,55.2,1.48,59.9
2025-03-19 22:50:00,67.076,11914.157,39.177,359.126,108.956,56.28,52.87,62.4,54.17,3.34,59.89
2025-03-19 22:55:00,63.925,11627.953,39.078,358.763,113.55,56.35,51.49,62.67,54.5,1.67,59.89
2025-03-19 23:00:00,66.892,11602.246,38.958,351.949,110.183,55.85,52.15,62.62,53.76,1.95,59.89
2025-03-19 23:05:00,59.682,11803.709,38.67,357.311,111.883,55.81,50.95,61.6,53.49,1.31,59.88
2025-03-19 23:10:00,56.306,11839.146,39.651,345.02,108.797,55.31,51.76,61.96,53.59,0.42,59.88
2025-03-19 23:15:00,60.326,11790.341,39.129,352.957,111.771,54.97,51.32,60.68,52.69,0.75,59.88
2025-03-19 23:20:00,63.952,11750.582,38.944,360.188,108.654,54.71,50.78,60.93,52.31,1.08,59.87
2025-03-19 23:25:00,60.425,11761.549,39.159,353.261,107.739,54.92,50.9,60.84,52.92,1.58,59.87
2025-03-19 23:30:00,59.8,11735.691,39.66,355.311,107.872,54.32,50.43,60.0,52.07,0.2,59.86
2025-03-19 23:35:00,60.921,11446.315,39.257,358.091,110.78,55.84,51.38,61.35,53.29,1.33,59.86
2025-03-19 23:40:00,63.509,11789.171,39.252,350.588,105.434,54.41,50.98,60.91,52.76,2.11,59.86
2025-03-19 23:45:00,61.178,11633.372,38.858,356.984,112.652,54.28,51.05,60.91,53.17,-0.34,59.85
2025-03-19 23:50:00,61.561,11799.668,38.926,352.948,113.839,55.0,50.4,60.14,53.39,1.67,59.85
2025-03-19 23:55:00,59.478,11547.85,39.395,355.275,110.001,57.34,53.13,63.21,55.1,1.23,59.84
2025-03-20 00:00:00,61.904,11557.992,39.498,355.249,105.656,56.93,51.83,62.33,54.02,2.54,59.84
2025-03-20 00:05:00,62.779,11596.136,39.533,356.491,112.309,55.81,52.52,62.92,55.17,-0.08,59.83
2025-03-20 00:10:00,61.517,11945.115,38.736,349.369,111.816,56.29,51.85,62.11,54.03,1.7,59.83
2025-03-20 00:15:00,61.88,12047.858,39.306,350.867,115.68,56.76,53.36,63.46,55.35,0.88,59.83
2025-03-20 00:20:00,62.844,12305.545,38.972,356.716,109.821,58.86,54.73,65.03,55.98,0.01,59.82
2025-03-20 00:25:00,64.178,11621.538,38.981,351.509,112.5,57.93,53.88,63.54,55.67,1.42,59.82
2025-03-20 00:30:00,61.192,11708.378,38.978,355.27,110.771,58.19,54.96,64.88,56.56,0.98,59.81
2025-03-20 00:35:00,62.621,11779.423,39.003,346.88,112.201,56.97,52.93,63.65,55.91,0.01,59.81
2025-03-20 00:40:00,65.342,11758.479,39.261,354.516,111.109,56.64,53.5,62.9,55.17,0.9,59.8
2025-03-20 00:45:00,62.974,11857.688,39.482,361.172,114.462,57.39,53.98,63.1,55.37,-0.14,59.8
2025-03-20 00:50:00,64.238,11555.779,39.526,356.026,109.999,56.3,52.88,62.97,54.56,1.37,59.79
2025-03-20 00:55:00,57.0,12020.38,39.032,351.43,114.412,55.54,51.51,62.09,54.19,0.4,59.79
2025-03-20 01:00:00,63.529,11452.648,38.865,348.276,111.258,55.32,51.11,61.58,53.3,1.68,59.78
2025-03-20 01:05:00,60.531,11931.981,38.646,351.494,110.409,56.14,52.71,63.09,54.9,0.74,59.78
2025-03-20 01:10:00,64.409,11809.222,38.955,344.071,107.652,56.23,51.77,62.65,54.13,1.07,59.77
2025-03-20 01:15:00,58.552,12024.011,39.134,357.854,111.119,57.71,53.78,63.46,56.09,0.88,59.77
2025-03-20 01:20:00,59.833,11512.242,39.41,350.657,116.199,56.61,52.56,62.67,54.72,2.68,59.76
2025-03-20 01:25:00,59.126,11888.408,39.005,354.63,110.538,56.43,52.41,62.93,55.32,0.96,59.76
2025-03-20 01:30:00,67.066,11796.929,38.881,361.1,105.851,56.4,51.78,61.55,54.86,0.66,59.75
2025-03-20 01:35:00,64.851,11677.503,39.338,352.813,107.149,56.57,52.24,62.26,53.8,0.69,59.75
2025-03-20 01:40:00,60.987,11439.369,38.887,353.838,112.902,56.41,52.92,62.59,53.93,-0.88,59.74
2025-03-20 01:45:00,65.076,11567.938,38.848,358.182,106.729,58.64,54.23,63.09,54.8,0.6,59.74
2025-03-20 01:50:00,63.219,11697.369,39.541,358.343,110.119,57.69,53.86,63.94,55.07,2.85,59.73
2025-03-20 01:55:00,65.329,11585.637,38.807,354.364,112.728,57.61,54.44,63.2,55.37,-0.83,59.72
2025-03-20 02:00:00,61.632,11829.767,39.042,351.369,108.26,55.84,52.63,62.39,54.2,0.9,59.72
2025-03-20 02:05:00,65.698,11491.371,39.163,349.559,106.832,55.66,51.97,62.23,54.82,0.33,59.71
2025-03-20 02:10:00,62.142,11851.317,39.436,354.763,109.703,54.17,50.25,60.27,52.93,1.27,59.71
2025-03-20 02:15:00,63.014,12042.621,39.051,355.639,108.888,53.75,50.14,59.51,52.89,1.62,59.7
2025-03-20 02:20:00,63.048,11439.193,38.816,347.173,104.715,54.64,49.73,59.52,52.6,0.0,59.7
2025-03-20 02:25:00,56.086,11477.903,38.665,356.437,106.554,53.17,49.7,59.71,51.55,1.15,59.69
2025-03-20 02:30:00,61.77,11545.437,39.255,355.568,107.023,53.97,50.15,59.35,52.86,0.03,59.68
2025-03-20 02:35:00,55.112,11845.877,39.269,353.007,106.973,54.35,50.57,60.82,52.34,0.67,59.68
2025-03-20 02:40:00,60.016,11659.349,39.744,362.572,108.938,53.84,50.22,59.93,52.13,0.56,59.67
2025-03-20 02:45:00,54.113,11867.672,40.119,356.425,103.953,53.61,48.75,58.82,51.45,1.4,59.67
2025-03-20 02:50:00,62.087,11780.226,39.014,354.969,105.495,53.55,48.55,60.2,51.82,1.37,59.66
2025-03-20 02:55:00,58.842,11577.56,39.669,357.622,107.844,54.62,49.31,59.73,52.28,-0.11,59.65
2025-03-20 03:00:00,60.588,11246.047,38.586,353.446,108.663,53.51,49.97,59.65,52.31,1.14,59.65
2025-03-20 03:05:00,55.721,11436.746,39.577,359.728,108.011,54.03,50.86,59.33,51.89,1.18,59.64
2025-03-20 03:10:00,60.284,11407.517,39.392,352.054,110.422,54.18,49.29,59.57,51.86,0.83,59.64
2025-03-20 03:15:00,59.128,11441.971,39.615,358.81,105.416,53.54,49.27,59.63,51.95,1.6,59.63
2025-03-20 03:20:00,55.756,11826.21,39.232,358.682,105.101,53.94,50.0,59.57,52.44,1.74,59.62
2025-03-20 03:25:00,60.521,11526.833,39.707,354.829,111.532,52.65,49.26,59.69,51.87,2.05,59.62
2025-03-20 03:30:00,66.66,11604.992,38.819,354.421,109.388,53.72,49.22,60.32,52.63,1.48,59.61
2025-03-20 03:35:00,66.024,11767.229,38.991,351.034,110.374,53.23,49.98,59.14,51.42,2.18,59.6
2025-03-20 03:40:00,58.067,11709.556,38.927,356.854,107.037,54.26,50.24,59.91,51.93,0.13,59.6
2025-03-20 03:45:00,59.013,11366.967,38.717,356.405,109.654,53.82,49.31,60.23,52.39,1.31,59.59
2025-03-20 03:50:00,65.562,11803.706,39.095,353.325,111.613,56.16,51.6,61.69,53.84,0.47,59.58
2025-03-20 03:55:00,65.848,11728.549,38.664,358.132,108.668,54.46,50.82,60.35,52.16,-0.39,59.58
2025-03-20 04:00:00,61.332,11692.33,39.39,351.847,106.644,54.61,50.05,60.86,52.17,2.48,59.57
2025-03-20 04:05:00,62.441,11438.986,39.166,355.705,108.36,54.35,49.24,59.38,51.48,2.51,59.56
2025-03-20 04:10:00,62.617,11999.913,39.362,353.134,105.604,53.66,49.48,59.72,51.07,1.2,59.56
2025-03-20 04:15:00,62.203,11578.982,39.272,350.755,109.655,52.62,48.42,58.07,51.08,2.45,59.55
2025-03-20 04:20:00,60.66,11679.539,39.561,362.798,105.5,51.11,47.71,57.76,49.81,1.65,59.54
2025-03-20 04:25:00,56.408,11528.819,39.731,350.835,104.464,51.88,47.83,58.21,49.85,3.66,59.54
2025-03-20 04:30:00,55.385,11541.501,39.583,349.57,105.075,51.85,48.03,57.95,49.85,4.49,59.53
2025-03-20 04:35:00,62.066,11531.194,39.635,351.177,110.564,52.07,48.28,58.97,50.95,3.31,59.52
2025-03-20 04:40:00,62.002,11380.375,39.295,350.511,105.079,52.83,48.6,58.96,49.73,1.59,59.52
2025-03-20 04:45:00,65.256,11459.068,40.072,350.966,103.386,53.15,49.52,59.57,51.0,1.92,59.51
2025-03-20 04:50:00,59.131,11792.603,38.812,350.313,108.286,53.73,48.95,60.19,51.61,2.98,59.5
2025-03-20 04:55:00,59.472,11675.722,39.394,350.946,108.093,54.35,49.82,59.85,52.06,1.9,59.5
2025-03-20 05:00:00,60.315,11550.644,39.569,348.942,108.1,54.47,50.5,60.42,52.64,3.79,59.49
2025-03-20 05:05:00,56.58,11344.66,39.04,349.381,109.298,53.82,49.94,59.95,52.23,3.04,59.48
2025-03-20 05:10:00,61.37,11778.942,39.721,356.594,109.225,54.36,50.89,60.47,52.75,2.75,59.47
2025-03-20 05:15:00,63.615,11478.796,39.263,349.626,105.412,55.29,50.52,60.74,52.07,2.34,59.47
2025-03-20 05:20:00,61.819,11848.291,39.373,353.173,107.364,54.36,49.93,61.01,52.47,3.03,59.46
2025-03-20 05:25:00,64.066,11779.518,39.363,351.05,113.156,55.82,51.9,62.39,54.19,2.41,59.45
2025-03-20 05:30:00,60.095,11819.738,39.685,362.533,107.778,55.46,51.2,61.18,53.04,2.2,59.44
2025-03-20 05:35:00,55.683,11475.778,39.979,353.225,107.093,53.65,50.14,60.89,53.0,3.59,59.44
2025-03-20 05:40:00,60.617,11485.913,39.738,351.887,104.659,53.94,50.36,60.91,52.52,3.05,59.43
2025-03-20 05:45:00,66.638,11556.062,39.358,346.513,100.39,54.75,50.44,61.22,52.7,4.92,59.42
2025-03-20 05:50:00,65.278,11812.657,39.269,345.151,106.019,55.57,50.36,61.75,52.61,4.3,59.42
2025-03-20 05:55:00,62.141,11618.17,39.701,359.599,107.733,54.8,51.68,61.97,53.78,5.0,59.41
2025-03-20 06:00:00,60.236,11556.673,39.033,341.443,106.588,54.83,50.82,60.49,52.59,4.61,59.4
2025-03-20 06:05:00,61.293,11608.014,40.417,354.588,105.162,53.8,49.53,60.64,52.8,4.16,59.39
2025-03-20 06:10:00,62.173,11425.687,39.055,358.705,109.646,52.87,50.52,59.91,52.13,4.25,59.38
2025-03-20 06:15:00,61.92,11373.575,39.605,350.965,104.288,54.98,51.11,60.57,52.75,5.04,59.38
2025-03-20 06:20:00,57.789,11806.415,39.489,354.279,106.389,53.55,49.3,59.75,51.3,3.69,59.37
2025-03-20 06:25:00,60.71,11421.154,38.641,352.611,109.26,53.27,48.96,59.08,51.55,5.42,59.36
2025-03-20 06:30:00,60.312,11510.12,38.865,348.901,104.8,53.53,49.12,60.13,50.8,5.37,59.35
2025-03-20 06:35:00,61.416,11921.93,39.429,355.202,108.043,52.42,48.8,59.07,51.92,4.87,59.35
2025-03-20 06:40:00,63.641,11580.223,39.937,358.445,106.64,53.71,49.12,59.7,51.17,4.82,59.34
2025-03-20 06:45:00,60.487,11670.229,40.693,345.816,106.545,52.45,48.94,59.46,50.76,4.84,59.33
2025-03-20 06:50:00,58.696,11251.372,39.59,348.63,105.605,52.94,49.28,58.92,50.73,6.8,59.32
2025-03-20 06:55:00,61.705,11572.776,39.843,355.412,107.524,53.77,50.63,60.1,52.32,5.09,59.32
2025-03-20 07:00:00,61.269,11451.609,39.068,348.035,108.602,53.6,49.72,60.04,51.47,4.01,59.31
2025-03-20 07:05:00,61.171,11565.591,39.462,351.043,102.137,54.06,49.39,59.44,51.38,6.65,59.3
2025-03-20 07:10:00,59.969,11407.184,39.486,351.716,106.347,52.51,48.58,58.45,50.54,4.07,59.29
2025-03-20 07:15:00,55.326,11707.872,39.672,343.282,105.323,52.21,47.95,58.16,51.13,6.5,59.28
2025-03-20 07:20:00,62.051,11136.298,39.162,346.338,106.674,52.2,48.12,57.5,50.13,7.16,59.28
2025-03-20 07:25:00,58.809,11541.668,39.648,353.99,104.84,51.93,48.82,58.45,50.97,5.54,59.27
2025-03-20 07:30:00,63.292,11176.856,39.237,350.877,104.322,51.74,48.36,57.6,49.8,5.49,59.26
2025-03-20 07:35:00,62.907,11397.215,39.621,345.909,99.158,52.58,47.86,58.04,49.96,5.11,59.25
2025-03-20 07:40:00,58.411,11295.028,39.345,346.256,106.983,52.08,49.11,59.08,50.92,7.14,59.24
2025-03-20 07:45:00,62.668,11459.596,39.927,347.162,106.37,52.35,48.7,58.49,50.29,6.47,59.23
2025-03-20 07:50:00,62.09,11214.999,39.984,352.672,106.45,52.38,48.64,58.28,50.08,7.66,59.23
2025-03-20 07:55:00,58.484,11231.009,39.377,341.831,101.731,51.75,47.55,57.83,49.49,5.7,59.22
2025-03-20 08:00:00,60.523,11517.241,39.58,351.805,103.806,52.78,48.27,58.81,50.94,6.3,59.21
2025-03-20 08:05:00,65.011,11520.583,39.236,347.693,106.279,52.98,49.69,59.17,51.16,7.5,59.2
2025-03-20 08:10:00,63.983,11666.984,38.833,349.97,108.339,54.65,50.52,59.43,52.67,5.76,59.19
2025-03-20 08:15:00,60.443,11373.854,39.893,349.58,108.419,53.48,50.18,59.94,51.62,5.84,59.19
2025-03-20 08:20:00,60.666,11582.998,39.684,344.643,111.185,54.17,49.71,59.82,51.66,5.7,59.18
2025-03-20 08:25:00,62.889,11262.033,39.505,350.418,105.196,54.98,50.99,60.73,53.61,7.65,59.17
2025-03-20 08:30:00,60.852,11418.133,40.244,345.757,107.252,53.32,49.82,60.72,52.27,7.36,59.16
2025-03-20 08:35:00,57.48,11545.021,39.509,354.092,108.617,53.66,49.76,59.36,51.15,7.51,59.15
2025-03-20 08:40:00,61.476,11918.277,39.673,349.605,106.443,54.31,49.06,59.89,52.0,9.47,59.14
2025-03-20 08:45:00,58.125,11729.045,40.265,341.374,106.311,53.4,48.71,59.31,51.12,8.48,59.14
2025-03-20 08:50:00,63.0,11407.626,39.807,349.721,108.682,52.59,48.74,59.48,50.69,8.8,59.13
2025-03-20 08:55:00,60.865,11411.502,39.48,346.166,106.96,52.57,47.34,57.45,49.44,8.47,59.12
2025-03-20 09:00:00,60.39,11665.179,39.729,348.074,102.317,52.61,47.94,58.22,50.04,8.68,59.11
2025-03-20 09:05:00,57.086,11638.573,39.732,347.869,105.98,51.53,46.24,56.89,48.85,8.12,59.1
2025-03-20 09:10:00,60.187,11649.486,39.802,342.056,104.699,51.69,47.43,56.96,48.8,7.94,59.09
2025-03-20 09:15:00,63.22,11485.573,40.273,354.773,106.56,51.81,47.36,57.74,50.08,8.77,59.09
2025-03-20 09:20:00,60.296,11462.53,39.729,340.27,106.95,51.48,47.54,58.14,50.09,8.71,59.08
2025-03-20 09:25:00,58.152,11326.761,39.712,353.531,105.002,51.95,46.87,57.33,49.64,9.31,59.07
2025-03-20 09:30:00,59.268,11357.39,40.151,337.813,106.412,50.17,47.35,57.07,49.41,8.19,59.06
2025-03-20 09:35:00,60.915,11144.163,39.855,351.622,104.811,50.75,47.63,57.61,49.16,8.92,59.05
2025-03-20 09:40:00,66.491,11600.063,39.224,339.067,105.745,52.44,48.89,58.52,50.23,7.98,59.04
2025-03-20 09:45:00,61.629,11194.503,39.567,341.729,100.288,52.16,48.43,58.27,51.31,8.43,59.03
2025-03-20 09:50:00,60.36,11512.229,39.54,349.985,108.671,51.22,47.44,57.74,49.43,8.77,59.03
2025-03-20 09:55:00,61.772,11146.183,39.867,350.912,102.896,50.57,47.02,56.83,49.07,9.57,59.02
2025-03-20 10:00:00,60.301,11440.634,40.349,348.581,104.521,51.04,46.19,57.23,48.41,9.78,59.01
2025-03-20 10:05:00,58.579,11069.154,39.815,348.717,100.041,49.97,46.23,55.36,48.26,10.36,59.0
2025-03-20 10:10:00,57.985,11707.944,39.547,343.369,101.802,49.79,45.94,55.47,48.05,8.97,58.99
2025-03-20 10:15:00,54.846,11591.757,40.418,346.252,102.708,49.5,45.84,55.36,48.39,8.88,58.98
2025-03-20 10:20:00,58.832,10860.801,40.165,352.625,96.156,48.05,44.77,54.7,47.07,11.31,58.97
2025-03-20 10:25:00,55.656,11024.728,39.636,345.78,105.908,49.35,45.17,54.98,47.45,9.67,58.97
2025-03-20 10:30:00,65.513,11225.782,40.617,346.037,99.851,50.66,44.89,55.21,47.88,9.51,58.96
2025-03-20 10:35:00,54.407,11499.53,40.13,346.527,103.196,49.29,45.18,55.31,47.19,9.2,58.95
2025-03-20 10:40:00,58.686,11287.21,39.734,348.181,102.128,48.3,44.96,54.51,46.45,8.74,58.94
2025-03-20 10:45:00,61.379,11345.096,40.343,343.21,99.873,48.1,45.12,54.2,46.8,10.63,58.93
2025-03-20 10:50:00,58.427,11095.688,39.83,356.69,103.568,48.87,44.83,54.23,47.0,10.04,58.92
2025-03-20 10:55:00,58.662,11370.096,39.868,350.314,102.66,49.32,44.81,54.42,46.74,10.66,58.91
2025-03-20 11:00:00,63.424,11516.577,40.0,346.89,99.942,48.43,43.86,54.5,46.72,11.34,58.9
2025-03-20 11:05:00,60.93,11334.657,40.033,346.515,102.576,47.88,44.96,55.27,47.26,11.24,58.9
2025-03-20 11:10:00,58.314,10865.199,39.379,342.903,102.158,48.35,44.24,54.3,46.38,8.35,58.89
2025-03-20 11:15:00,60.952,11270.451,39.208,347.56,102.519,48.88,45.42,55.52,47.13,10.65,58.88
2025-03-20 11:20:00,54.384,11524.792,40.418,344.671,96.172,49.83,45.61,56.54,47.92,11.12,58.87
2025-03-20 11:25:00,58.936,11202.063,39.48,346.338,104.97,49.39,45.18,55.67,47.66,10.67,58.86
2025-03-20 11:30:00,58.973,11249.762,39.821,348.298,104.375,49.26,45.14,55.85,47.66,11.15,58.85
2025-03-20 11:35:00,52.292,10976.183,40.239,342.373,99.87,48.92,44.21,54.51,46.41,11.55,58.84
2025-03-20 11:40:00,60.056,11157.388,40.221,345.025,100.669,47.2,44.27,53.82,45.34,11.47,58.83
2025-03-20 11:45:00,59.971,11127.6,39.713,345.882,99.464,46.56,43.06,53.59,45.65,10.45,58.83
2025-03-20 11:50:00,59.088,11119.852,39.667,351.865,101.45,46.72,43.12,53.23,44.13,11.79,58.82
2025-03-20 11:55:00,54.291,10871.195,39.281,351.293,100.483,47.11,42.18,52.62,45.89,11.62,58.81
2025-03-20 12:00:00,54.879,11313.132,39.077,338.914,103.299,47.34,43.36,53.71,45.46,11.25,58.8
2025-03-20 12:05:00,60.982,11250.437,39.709,349.824,101.649,49.26,44.86,54.61,46.51,11.12,58.79
2025-03-20 12:10:00,57.679,11220.356,40.145,341.141,99.898,49.5,44.83,54.45,46.62,12.05,58.78
2025-03-20 12:15:00,62.461,10913.474,40.132,350.521,103.589,47.95,43.6,53.77,45.95,11.76,58.77
2025-03-20 12:20:00,53.315,11384.643,39.521,348.144,100.119,48.85,43.92,54.04,46.15,11.94,58.77
2025-03-20 12:25:00,58.184,11244.865,39.437,346.825,102.95,48.79,44.93,54.29,46.44,10.61,58.76
2025-03-20 12:30:00,59.411,11210.446,40.166,350.734,95.367,49.0,44.27,54.84,46.49,10.42,58.75
2025-03-20 12:35:00,58.238,10965.19,39.726,344.866,99.835,48.33,44.51,54.67,45.46,11.37,58.74
2025-03-20 12:40:00,58.433,11072.438,39.145,343.983,100.365,46.99,44.33,53.66,45.87,12.25,58.73
2025-03-20 12:45:00,59.202,11158.057,39.501,346.058,103.175,46.46,42.89,53.96,45.06,9.63,58.72
2025-03-20 12:50:00,54.262,10984.855,40.047,344.18,94.789,46.4,43.63,53.62,45.08,11.27,58.71
2025-03-20 12:55:00,53.204,11370.421,40.128,352.74,101.033,47.37,43.86,54.06,46.33,12.92,58.7
2025-03-20 13:00:00,58.438,11329.191,40.195,356.404,96.939,47.16,43.26,53.31,45.39,12.15,58.7
2025-03-20 13:05:00,58.111,11102.138,40.44,343.034,99.724,48.5,43.27,53.92,45.87,12.19,58.69
2025-03-20 13:10:00,53.295,11209.659,40.28,342.01,95.011,48.3,44.54,53.91,46.86,11.18,58.68
2025-03-20 13:15:00,57.105,11187.898,39.777,351.27,103.556,48.92,44.78,54.25,47.15,12.03,58.67
2025-03-20 13:20:00,59.003,10904.096,39.43,351.183,98.658,48.91,45.09,54.21,46.84,11.25,58.66
2025-03-20 13:25:00,58.805,11240.366,39.861,345.837,101.525,49.99,45.6,55.5,47.31,11.5,58.65
2025-03-20 13:30:00,62.553,11206.987,40.065,352.258,97.024,49.3,45.07,56.41,47.01,13.77,58.64
2025-03-20 13:35:00,56.964,11146.277,40.118,355.301,96.853,49.72,45.59,55.26,48.33,11.67,58.63
2025-03-20 13:40:00,54.095,11039.208,39.583,338.781,100.742,49.23,45.43,55.41,47.8,10.72,58.63
2025-03-20 13:45:00,63.441,11290.418,39.925,340.973,102.208,49.49,46.16,55.88,47.97,11.82,58.62
2025-03-20 13:50:00,59.275,11097.787,39.578,343.499,99.914,50.26,46.1,56.05,48.46,12.51,58.61
2025-03-20 13:55:00,58.518,11427.649,39.896,343.161,99.084,50.48,45.36,54.71,47.19,11.71,58.6
2025-03-20 14:00:00,59.132,11155.742,40.099,344.226,97.05,49.52,46.12,54.92,47.62,11.12,58.59
2025-03-20 14:05:00,55.897,11202.701,39.703,346.904,98.496,48.92,45.59,55.26,46.55,11.47,58.58
2025-03-20 14:10:00,53.311,11249.294,39.491,342.491,97.614,48.16,44.56,54.36,46.63,10.59,58.57
2025-03-20 14:15:00,58.579,11421.431,39.834,347.6,101.113,48.61,44.72,54.44,46.73,12.9,58.57
2025-03-20 14:20:00,59.956,11351.474,39.507,347.733,100.922,49.39,45.38,55.34,46.65,13.11,58.56
2025-03-20 14:25:00,55.215,10746.804,39.595,350.912,100.172,48.28,44.55,55.04,46.74,12.07,58.55
2025-03-20 14:30:00,57.118,11329.563,40.347,339.02,99.48,48.72,44.3,54.7,47.15,13.46,58.54
2025-03-20 14:35:00,57.752,11239.273,39.243,345.93,104.488,48.94,44.72,54.98,46.69,12.17,58.53
2025-03-20 14:40:00,58.485,11003.698,40.388,335.726,101.93,48.95,44.59,53.88,46.74,13.27,58.52
2025-03-20 14:45:00,57.982,11483.56,40.086,338.814,99.683,49.18,45.32,54.76,47.26,11.09,58.51
2025-03-20 14:50:00,55.539,11385.704,40.035,342.847,100.387,48.97,44.82,54.84,46.42,11.65,58.51
2025-03-20 14:55:00,59.482,11170.119,40.385,338.569,98.69,48.13,43.92,54.47,46.2,10.97,58.5
2025-03-20 15:00:00,57.426,11303.974,39.842,335.809,99.901,49.4,45.55,55.73,47.36,10.82,58.49
2025-03-20 15:05:00,63.114,11259.19,39.233,342.038,101.05,49.31,45.27,55.48,46.65,12.34,58.48
2025-03-20 15:10:00,58.742,11200.0,39.779,343.102,99.911,49.53,45.41,55.4,47.31,10.88,58.47
2025-03-20 15:15:00,62.277,11022.779,40.208,341.147,99.306,49.63,45.27,55.13,47.38,11.8,58.46
2025-03-20 15:20:00,64.769,11383.256,39.637,344.06,99.541,49.36,45.3,55.49,47.13,11.88,58.46
2025-03-20 15:25:00,61.662,11427.737,39.245,346.151,99.655,49.75,46.54,56.22,48.96,9.61,58.45
2025-03-20 15:30:00,61.062,11097.661,39.595,340.022,96.459,50.32,46.37,56.25,48.89,12.52,58.44
2025-03-20 15:35:00,57.478,10938.264,40.364,339.89,103.392,50.85,46.03,56.67,48.57,10.58,58.43
2025-03-20 15:40:00,56.61,11088.099,39.961,341.644,101.421,49.74,46.34,56.54,47.91,12.72,58.42
2025-03-20 15:45:00,54.664,11133.105,39.808,344.045,100.483,51.16,47.42,56.49,48.07,9.98,58.41
2025-03-20 15:50:00,65.357,11228.986,39.62,342.797,109.346,51.11,47.2,57.44,49.61,11.69,58.41
2025-03-20 15:55:00,59.49,11294.962,39.587,339.033,103.569,50.95,46.82,56.85,48.06,10.89,58.4
2025-03-20 16:00:00,58.751,11297.506,38.781,334.204,103.961,52.18,47.36,58.18,49.56,11.1,58.39
2025-03-20 16:05:00,60.78,11125.43,39.591,339.411,98.91,52.44,48.52,58.35,50.41,10.35,58.38
2025-03-20 16:10:00,55.9,11458.14,39.747,342.124,99.956,51.24,47.87,57.84,49.83,10.63,58.37
2025-03-20 16:15:00,60.42,11444.84,40.396,336.8,102.729,51.3,47.79,57.21,49.54,10.78,58.37
2025-03-20 16:20:00,60.599,10842.579,39.97,346.053,102.667,51.37,47.96,57.99,49.63,11.06,58.36
2025-03-20 16:25:00,63.804,11264.94,40.035,340.511,102.659,51.97,47.67,57.62,50.22,11.02,58.35
2025-03-20 16:30:00,62.575,11077.11,40.275,341.282,103.11,52.69,49.68,58.31,50.71,9.77,58.34
2025-03-20 16:35:00,60.322,11260.544,39.441,342.884,100.038,51.62,47.35,57.31,50.16,10.21,58.33
2025-03-20 16:40:00,59.576,11194.316,39.628,336.438,100.678,51.49,47.61,57.36,48.85,10.15,58.32
2025-03-20 16:45:00,60.899,10917.74,39.684,339.153,102.541,50.93,47.33,57.27,49.18,10.44,58.32
2025-03-20 16:50:00,56.849,11315.3,39.341,344.687,100.562,50.48,46.01,57.06,48.41,9.71,58.31
2025-03-20 16:55:00,60.113,11346.46,39.627,340.031,101.774,50.54,47.28,57.87,48.41,11.42,58.3
2025-03-20 17:00:00,65.411,11236.705,39.912,337.899,99.078,50.31,47.91,57.39,49.18,10.81,58.29
2025-03-20 17:05:00,62.351,11340.51,39.717,341.852,99.692,51.41,47.35,57.86,49.83,8.6,58.28
2025-03-20 17:10:00,62.458,11345.283,39.682,338.001,101.738,51.16,47.75,57.2,49.2,9.25,58.28
2025-03-20 17:15:00,58.203,11199.244,39.72,337.156,100.193,51.19,48.1,57.9,50.66,8.74,58.27
2025-03-20 17:20:00,66.4,11604.122,39.746,331.431,97.871,52.68,47.61,58.99,49.62,7.93,58.26
2025-03-20 17:25:00,58.975,11409.141,39.472,334.361,103.42,51.68,47.97,57.96,49.67,9.22,58.25
2025-03-20 17:30:00,60.17,11274.49,39.496,339.324,101.043,51.19,47.51,57.39,49.21,9.7,58.25
2025-03-20 17:35:00,59.499,11287.701,39.515,342.599,101.15,52.36,48.72,58.27,50.02,9.0,58.24
2025-03-20 17:40:00,57.406,11591.238,40.161,345.346,98.102,51.01,47.82,57.58,49.14,7.8,58.23
2025-03-20 17:45:00,63.461,10896.897,39.577,342.306,98.852,51.06,46.64,56.61,49.28,8.57,58.22
2025-03-20 17:50:00,60.73,11364.255,40.161,333.346,96.93,50.22,45.51,55.97,48.57,8.6,58.22
2025-03-20 17:55:00,60.283,11214.918,39.463,339.214,100.674,50.38,47.15,57.8,48.13,7.85,58.21
2025-03-20 18:00:00,62.964,11483.475,39.846,336.911,97.977,51.32,47.13,56.78,49.54,9.8,58.2
2025-03-20 18:05:00,61.112,11223.864,39.544,337.517,105.972,52.32,48.61,58.61,50.41,8.66,58.19
2025-03-20 18:10:00,66.729,11242.314,39.577,332.465,103.805,52.68,49.03,58.77,50.98,9.03,58.18
2025-03-20 18:15:00,60.247,11025.57,39.424,335.923,94.082,51.82,48.15,57.79,50.47,7.98,58.18
2025-03-20 18:20:00,61.429,11341.671,39.406,342.981,103.602,53.2,48.29,58.65,50.82,6.46,58.17
2025-03-20 18:25:00,58.943,11359.969,39.179,336.867,100.296,53.22,49.32,58.68,51.65,7.81,58.16
2025-03-20 18:30:00,65.362,11104.328,39.508,333.814,107.032,54.7,49.98,59.98,52.11,7.72,58.16
2025-03-20 18:35:00,63.009,10983.577,39.04,338.312,109.587,54.97,50.58,60.66,53.09,8.72,58.15
2025-03-20 18:40:00,61.013,11436.068,39.266,340.455,102.071,54.0,50.68,59.88,52.92,9.2,58.14
2025-03-20 18:45:00,63.686,11296.471,39.154,338.35,106.493,54.97,51.23,61.0,52.18,6.71,58.13
2025-03-20 18:50:00,65.625,11246.487,39.023,334.582,105.341,55.48,51.11,61.39,52.97,8.21,58.13
2025-03-20 18:55:00,58.883,11520.833,38.979,345.274,98.707,54.48,50.55,60.79,52.56,7.81,58.12
2025-03-20 19:00:00,66.381,11375.171,39.126,333.197,103.253,53.87,49.71,60.67,52.39,5.43,58.11
2025-03-20 19:05:00,68.186,11131.737,39.046,335.152,105.469,55.24,51.23,61.42,53.8,7.2,58.1
2025-03-20 19:10:00,64.16,11722.83,39.331,336.931,101.938,55.76,51.3,61.87,53.16,7.49,58.1
2025-03-20 19:15:00,62.212,11782.613,39.411,339.854,104.432,55.57,51.21,60.94,53.36,7.69,58.09
2025-03-20 19:20:00,58.659,11689.567,40.099,333.832,105.154,55.47,51.38,61.6,53.07,6.16,58.08
2025-03-20 19:25:00,63.287,11388.015,38.867,334.398,102.006,54.94,51.79,61.79,53.24,6.62,58.08
2025-03-20 19:30:00,60.257,11355.074,39.556,337.034,103.083,56.37,51.48,62.83,53.92,6.11,58.07
2025-03-20 19:35:00,65.643,11468.069,39.173,332.084,102.653,54.75,51.33,61.47,53.36,6.21,58.06
2025-03-20 19:40:00,61.379,11796.075,38.777,333.947,102.953,54.25,50.44,59.98,52.37,6.11,58.06
2025-03-20 19:45:00,64.634,11532.182,39.016,338.32,102.027,53.73,48.78,59.36,51.53,6.45,58.05
2025-03-20 19:50:00,64.08,11529.935,39.178,335.309,102.778,53.33,49.02,59.27,51.1,4.62,58.04
2025-03-20 19:55:00,59.537,11035.317,40.144,332.902,102.514,51.91,47.37,58.11,49.52,5.48,58.04
2025-03-20 20:00:00,59.802,11338.38,39.718,332.613,104.382,52.8,48.47,58.81,50.43,5.63,58.03
2025-03-20 20:05:00,63.558,11659.379,39.577,334.6,99.328,53.25,49.08,58.65,51.29,5.1,58.02
2025-03-20 20:10:00,61.99,11385.635,39.318,334.315,106.304,53.65,50.31,60.3,51.97,5.28,58.02
2025-03-20 20:15:00,65.437,10742.176,39.769,336.067,102.215,53.39,49.71,59.51,51.87,5.39,58.01
2025-03-20 20:20:00,63.407,11273.24,38.833,336.259,101.876,54.49,49.94,59.89,51.67,4.12,58.0
2025-03-20 20:25:00,56.954,11491.188,39.3,331.319,106.416,55.16,50.64,60.64,52.97,3.87,58.0
2025-03-20 20:30:00,65.028,11338.498,39.704,338.338,104.233,54.8,50.96,61.64,53.15,5.92,57.99
2025-03-20 20:35:00,61.237,11440.656,38.884,337.003,101.718,55.64,51.98,61.21,52.83,4.49,57.98
2025-03-20 20:40:00,62.884,11177.069,39.511,336.843,104.6,56.84,52.7,62.47,55.21,4.99,57.98
2025-03-20 20:45:00,61.216,11634.626,38.935,331.895,104.08,56.46,51.95,61.62,54.22,3.75,57.97
2025-03-20 20:50:00,65.961,11425.876,39.124,339.786,103.846,55.86,52.28,62.34,53.64,4.51,57.96
2025-03-20 20:55:00,63.149,11399.659,38.858,335.499,106.557,56.2,52.27,62.17,54.3,5.96,57.96
2025-03-20 21:00:00,58.045,11753.591,39.389,332.438,105.48,56.29,52.93,63.17,54.91,4.84,57.95
2025-03-20 21:05:00,63.33,11520.917,38.508,333.901,99.24,56.65,52.2,62.04,53.59,4.68,57.95
2025-03-20 21:10:00,64.094,11408.759,39.369,336.2,100.314,55.55,52.19,61.59,53.92,3.86,57.94
2025-03-20 21:15:00,62.614,11435.489,39.188,331.189,108.53,55.48,51.45,61.73,53.21,5.65,57.93
2025-03-20 21:20:00,63.57,11377.425,39.34,331.875,99.436,55.7,52.03,63.14,52.97,2.87,57.93
2025-03-20 21:25:00,64.453,11320.487,39.649,336.329,103.909,56.59,51.56,61.99,54.55,4.7,57.92
2025-03-20 21:30:00,63.911,11321.537,39.07,333.667,106.011,56.29,52.37,62.05,54.15,2.64,57.92
2025-03-20 21:35:00,62.653,11156.291,39.648,332.781,109.581,55.97,52.18,62.29,54.11,4.8,57.91
2025-03-20 21:40:00,62.071,11334.354,38.746,335.329,103.304,56.45,52.72,63.12,54.64,3.57,57.9
2025-03-20 21:45:00,64.824,11578.758,38.975,334.307,103.514,56.9,52.94,62.88,54.8,3.76,57.9
2025-03-20 21:50:00,63.605,11182.707,39.46,337.665,106.731,58.57,54.44,64.51,55.43,3.06,57.89
2025-03-20 21:55:00,68.156,11600.097,38.978,331.976,105.939,58.24,53.87,63.01,56.08,3.76,57.89
2025-03-20 22:00:00,65.487,11337.344,38.071,338.735,103.369,58.24,53.74,64.12,55.94,3.46,57.88
2025-03-20 22:05:00,61.809,11405.143,39.227,329.902,106.476,56.86,53.25,61.94,54.7,3.64,57.88
2025-03-20 22:10:00,69.717,11528.893,38.676,339.422,104.768,56.87,52.56,62.77,54.54,4.04,57.87
2025-03-20 22:15:00,63.386,11289.976,39.178,325.397,105.468,56.08,51.83,62.26,53.51,2.84,57.86
2025-03-20 22:20:00,58.389,11311.508,38.904,330.752,105.26,55.04,51.73,61.72,53.1,2.18,57.86
2025-03-20 22:25:00,64.587,11508.374,39.02,333.863,103.777,55.29,51.08,61.57,53.15,2.44,57.85
2025-03-20 22:30:00,67.597,11329.751,39.019,339.647,101.68,54.7,51.38,61.23,53.5,2.98,57.85
2025-03-20 22:35:00,66.618,11604.493,39.29,325.45,103.247,55.62,51.0,62.14,54.17,4.26,57.84
2025-03-20 22:40:00,63.128,11308.755,38.767,338.821,103.74,56.19,51.63,62.52,54.25,1.44,57.84
2025-03-20 22:45:00,63.288,11564.986,38.756,328.439,106.11,55.84,51.66,62.45,53.87,2.67,57.83
2025-03-20 22:50:00,60.963,11619.323,38.91,328.461,105.745,56.94,52.23,61.33,54.9,2.74,57.83
2025-03-20 22:55:00,64.926,11518.437,39.661,332.498,106.609,56.44,53.03,62.19,54.7,1.75,57.82
2025-03-20 23:00:00,66.632,11322.469,38.782,333.899,102.566,56.75,52.62,62.29,54.98,1.46,57.82
2025-03-20 23:05:00,64.903,11511.122,39.127,328.997,106.263,57.28,53.06,64.15,55.23,1.37,57.81
2025-03-20 23:10:00,66.82,11332.875,38.029,331.725,100.38,58.56,55.0,64.53,56.82,1.19,57.81
2025-03-20 23:15:00,65.926,11279.516,39.723,332.443,104.037,58.9,54.98,64.41,56.67,3.58,57.8
2025-03-20 23:20:00,66.304,11151.111,38.841,325.726,101.885,59.86,55.3,65.39,57.15,2.0,57.8
2025-03-20 23:25:00,68.41,11531.536,39.446,330.996,104.473,59.39,55.75,65.35,57.19,1.91,57.79
2025-03-20 23:30:00,71.557,11545.691,38.663,334.018,105.912,59.98,55.38,65.27,57.63,1.57,57.79
2025-03-20 23:35:00,65.767,11873.42,38.919,328.746,105.879,59.51,55.22,65.58,57.31,1.13,57.78
2025-03-20 23:40:00,65.035,10979.238,38.605,322.107,104.48,59.13,54.72,65.22,56.84,1.56,57.78
2025-03-20 23:45:00,67.415,11293.698,39.409,328.044,107.491,58.17,55.05,64.9,56.65,1.91,57.77
2025-03-20 23:50:00,64.447,11742.059,38.926,330.139,110.207,59.42,54.92,65.47,56.52,0.89,57.77
2025-03-20 23:55:00,69.312,11536.496,39.159,333.194,105.247,59.4,56.46,65.89,57.17,0.82,57.77
2025-03-21 00:00:00,72.28,11437.72,38.703,330.815,107.191,59.76,55.72,66.51,58.05,2.03,57.76
2025-03-21 00:05:00,67.019,11283.661,39.016,330.798,112.533,60.59,57.02,67.26,59.32,0.34,57.76
2025-03-21 00:10:00,66.854,12003.989,39.865,324.812,110.507,60.7,57.45,66.71,60.11,1.55,57.75
2025-03-21 00:15:00,67.467,11645.65,38.694,329.185,105.533,61.44,58.05,67.44,59.12,-0.73,57.75
2025-03-21 00:20:00,70.721,11616.807,38.366,329.684,103.124,61.8,57.66,67.02,59.41,0.97,57.74
2025-03-21 00:25:00,64.318,11640.818,39.291,325.366,107.526,61.92,57.46,66.69,59.24,1.77,57.74
2025-03-21 00:30:00,68.087,11448.707,38.695,331.657,107.193,60.64,57.14,65.47,57.96,-0.9,57.74
2025-03-21 00:35:00,67.499,11747.578,38.766,334.211,105.136,60.63,56.66,66.73,58.26,1.38,57.73
2025-03-21 00:40:00,70.269,11513.282,38.62,338.51,105.757,59.59,55.62,65.72,58.34,0.95,57.73
2025-03-21 00:45:00,66.097,11560.436,38.674,332.631,104.187,60.16,56.12,66.72,58.02,1.08,57.72
2025-03-21 00:50:00,69.099,11455.303,38.971,327.825,108.705,61.85,57.24,67.12,58.56,2.1,57.72
2025-03-21 00:55:00,67.635,11582.706,38.847,329.634,104.32,62.31,59.08,68.35,60.38,1.14,57.72
2025-03-21 01:00:00,65.327,11500.637,38.55,332.63,106.368,63.4,58.99,70.1,62.11,1.01,57.71
2025-03-21 01:05:00,69.495,11531.547,38.841,324.431,106.882,64.32,60.18,69.71,63.1,1.2,57.71
2025-03-21 01:10:00,69.501,11731.051,38.431,333.725,109.865,64.03,60.17,70.26,62.62,0.8,57.71
2025-03-21 01:15:00,67.733,11522.15,38.163,326.406,109.651,63.41,59.68,69.21,61.31,-0.01,57.7
2025-03-21 01:20:00,68.895,11739.443,38.623,321.815,103.123,62.5,58.6,68.3,60.5,1.39,57.7
2025-03-21 01:25:00,68.62,11797.845,38.451,328.948,108.929,63.74,59.34,70.12,61.86,-0.55,57.69
2025-03-21 01:30:00,67.941,11517.794,38.327,330.56,107.791,63.47,60.38,70.55,62.15,-0.24,57.69
2025-03-21 01:35:00,65.41,11588.177,38.834,323.705,105.208,63.63,60.68,70.48,62.18,2.62,57.69
2025-03-21 01:40:00,72.513,11622.83,39.355,320.834,109.163,64.37,60.55,70.02,62.57,1.04,57.68
2025-03-21 01:45:00,69.3,11587.259,39.111,336.852,111.248,64.81,60.74,71.54,62.79,1.16,57.68
2025-03-21 01:50:00,67.121,11656.072,39.298,320.653,106.609,64.53,61.05,70.51,63.14,1.85,57.68
2025-03-21 01:55:00,75.406,11944.083,38.717,326.977,107.58,65.46,61.25,71.47,63.56,1.53,57.68
2025-03-21 02:00:00,71.714,11764.466,38.499,324.688,112.219,65.65,61.94,71.92,63.98,-0.55,57.67
2025-03-21 02:05:00,65.898,11791.856,38.413,322.394,111.085,66.96,62.3,73.14,65.12,-0.61,57.67
2025-03-21 02:10:00,71.386,11686.695,38.927,326.276,106.115,67.67,63.69,73.15,64.61,0.01,57.67
2025-03-21 02:15:00,72.442,11429.616,38.925,322.614,107.955,66.62,62.94,72.52,65.11,0.63,57.66
2025-03-21 02:20:00,73.407,11445.297,39.156,324.207,110.849,67.0,63.62,73.0,65.44,1.49,57.66
2025-03-21 02:25:00,72.225,12340.182,38.886,321.26,110.379,67.45,63.3,73.57,64.94,2.66,57.66
2025-03-21 02:30:00,73.699,11724.328,39.186,312.663,110.786,67.81,64.36,74.02,66.03,3.09,57.66
2025-03-21 02:35:00,71.603,12057.1,38.75,326.625,107.653,67.59,64.28,74.66,65.65,1.29,57.65
2025-03-21 02:40:00,73.626,11767.854,39.267,323.29,112.877,68.44,65.09,74.22,66.91,0.96,57.65
2025-03-21 02:45:00,74.474,12001.903,39.032,330.197,108.699,67.25,63.83,74.22,66.06,0.2,57.65
2025-03-21 02:50:00,75.272,11713.663,38.397,323.355,107.086,68.21,64.72,74.18,65.76,0.39,57.65
2025-03-21 02:55:00,74.162,11566.262,38.964,331.287,113.819,69.1,64.41,75.22,66.93,0.86,57.64
2025-03-21 03:00:00,74.346,11592.298,38.53,328.808,112.653,66.98,63.26,73.17,65.64,2.15,57.64
2025-03-21 03:05:00,72.746,11626.403,38.568,326.925,111.95,67.06,64.73,74.06,65.94,0.98,57.64
2025-03-21 03:10:00,71.544,11950.363,38.569,329.301,105.939,67.06,63.36,73.35,65.6,0.3,57.64
2025-03-21 03:15:00,72.165,11741.571,38.426,321.069,113.443,68.52,64.12,74.07,66.26,1.07,57.63
2025-03-21 03:20:00,77.1,11555.898,38.156,318.093,110.282,68.8,64.84,75.27,67.22,0.16,57.63
2025-03-21 03:25:00,73.276,12180.24,38.823,326.0,109.083,68.23,63.72,74.65,66.5,2.0,57.63
2025-03-21 03:30:00,73.295,11845.875,38.823,330.335,113.843,67.88,64.33,74.22,66.79,2.4,57.63
2025-03-21 03:35:00,67.59,11527.225,38.598,323.787,116.2,67.79,63.3,73.98,65.63,2.8,57.63
2025-03-21 03:40:00,77.011,11650.731,38.689,333.197,109.15,67.59,63.71,73.5,65.21,1.58,57.62
2025-03-21 03:45:00,69.327,11742.157,38.605,323.786,112.073,68.6,64.57,74.26,66.4,2.02,57.62
2025-03-21 03:50:00,69.231,12039.403,39.19,328.641,116.477,68.51,63.81,73.93,66.6,2.03,57.62
2025-03-21 03:55:00,72.031,11680.455,38.989,322.5,113.641,68.9,64.55,74.05,66.03,3.22,57.62
2025-03-21 04:00:00,70.905,11835.144,38.535,315.378,114.561,67.63,64.07,74.06,66.18,1.41,57.62
2025-03-21 04:05:00,71.665,11766.483,38.823,322.035,115.675,68.32,64.4,74.69,66.05,2.22,57.62
2025-03-21 04:10:00,73.495,11885.345,39.3,324.155,113.215,67.91,64.74,73.99,65.81,3.57,57.62
2025-03-21 04:15:00,71.74,11607.247,38.932,327.593,112.334,68.42,64.28,74.74,66.47,3.5,57.61
2025-03-21 04:20:00,70.412,11592.063,39.29,319.824,111.48,69.13,64.39,75.57,66.36,1.46,57.61
2025-03-21 04:25:00,71.013,12118.997,38.64,325.509,110.106,69.28,65.26,75.25,67.64,1.76,57.61
2025-03-21 04:30:00,73.549,11504.658,39.149,325.623,108.626,69.43,65.52,75.18,67.18,3.61,57.61
2025-03-21 04:35:00,75.185,11769.94,39.121,320.138,105.192,68.12,64.8,75.1,66.5,2.04,57.61
2025-03-21 04:40:00,74.836,11804.01,39.291,325.521,113.633,68.27,65.3,73.95,66.84,1.43,57.61
2025-03-21 04:45:00,73.43,11464.168,38.286,322.538,107.802,68.01,63.9,74.37,66.45,1.86,57.61
2025-03-21 04:50:00,74.215,11621.346,38.886,326.655,107.649,68.1,64.62,74.27,65.75,2.12,57.61
2025-03-21 04:55:00,72.291,11679.456,39.542,328.641,109.489,67.48,63.93,73.51,64.87,2.9,57.61
2025-03-21 05:00:00,75.483,11589.81,38.613,326.352,108.406,67.71,63.7,73.43,66.05,1.67,57.6
2025-03-21 05:05:00,70.194,11578.861,38.874,324.879,110.154,68.33,63.39,74.43,66.01,2.9,57.6
2025-03-21 05:10:00,72.545,11691.06,38.553,318.666,112.872,69.45,64.18,74.56,66.47,3.77,57.6
2025-03-21 05:15:00,73.029,11890.199,39.645,319.336,113.19,68.97,64.95,73.94,66.85,3.06,57.6
2025-03-21 05:20:00,72.692,11761.142,38.974,321.382,112.499,69.42,65.18,74.87,66.58,4.59,57.6
2025-03-21 05:25:00,76.952,11857.059,39.309,321.478,110.875,69.32,64.34,74.53,67.39,2.67,57.6
2025-03-21 05:30:00,76.438,12233.57,39.329,324.351,113.988,69.67,65.7,75.79,67.57,3.67,57.6
2025-03-21 05:35:00,78.408,12108.407,38.863,318.719,107.689,70.19,66.6,76.43,68.61,3.52,57.6
2025-03-21 05:40:00,76.847,12245.073,38.614,315.302,114.243,70.75,66.68,76.28,68.58,3.51,57.6
2025-03-21 05:45:00,71.697,11750.4,38.966,325.386,110.835,70.03,65.85,76.14,68.22,3.22,57.6
2025-03-21 05:50:00,75.82,11614.912,37.863,326.29,116.639,71.18,66.79,76.42,68.77,4.26,57.6
2025-03-21 05:55:00,72.478,11615.19,38.916,322.133,114.299,70.14,67.02,75.72,67.73,4.09,57.6
2025-03-21 06:00:00,70.653,12069.614,39.686,315.738,112.321,69.88,66.04,75.65,67.56,5.05,57.6
2025-03-21 06:05:00,72.195,11817.206,39.04,324.804,111.214,69.6,65.15,75.41,67.6,3.74,57.6
2025-03-21 06:10:00,78.735,11838.412,39.442,323.667,113.721,68.83,65.43,75.26,67.45,4.3,57.6
2025-03-21 06:15:00,75.512,11845.158,39.372,318.772,112.677,69.82,65.85,75.98,67.82,4.69,57.6
2025-03-21 06:20:00,71.71,12072.788,39.226,325.242,110.729,68.83,63.9,74.22,66.74,3.72,57.6
2025-03-21 06:25:00,72.463,11659.283,39.652,325.758,111.075,68.66,64.99,74.98,66.64,5.41,57.6
2025-03-21 06:30:00,71.468,11971.062,39.603,320.503,110.304,67.87,64.76,74.25,66.66,4.83,57.6
2025-03-21 06:35:00,72.943,11967.539,39.313,318.768,112.818,66.86,62.92,73.55,65.43,4.49,57.6
2025-03-21 06:40:00,71.799,11655.63,39.054,320.626,109.993,66.87,62.7,73.06,65.67,3.94,57.6
2025-03-21 06:45:00,72.443,11556.403,39.832,319.701,110.108,66.21,62.91,72.45,64.79,4.96,57.6
2025-03-21 06:50:00,69.125,11591.651,39.006,323.531,110.401,66.35,62.12,71.85,64.81,5.85,57.6
2025-03-21 06:55:00,68.399,11680.803,39.412,327.104,108.732,64.46,61.35,71.57,63.07,5.85,57.6
2025-03-21 07:00:00,69.16,11666.116,39.82,323.871,104.644,65.5,61.38,71.89,62.87,5.34,57.6
2025-03-21 07:05:00,71.008,11918.946,39.025,326.336,109.425,65.49,61.45,72.0,63.22,5.53,57.61
2025-03-21 07:10:00,73.347,11670.599,39.25,322.853,110.597,64.92,60.96,70.35,62.62,6.06,57.61
2025-03-21 07:15:00,69.563,11874.886,39.738,326.006,107.702,66.15,62.41,71.75,64.1,6.41,57.61
2025-03-21 07:20:00,76.627,11729.193,39.592,324.579,110.623,66.72,62.55,72.78,64.43,4.53,57.61
2025-03-21 07:25:00,73.991,11489.157,38.722,326.417,107.222,67.17,62.39,74.15,65.25,5.06,57.61
2025-03-21 07:30:00,73.277,11564.87,39.412,324.722,110.996,67.19,62.96,73.66,66.02,6.71,57.61
2025-03-21 07:35:00,82.612,11985.778,39.19,315.654,112.557,68.65,64.18,74.91,66.58,6.96,57.61
2025-03-21 07:40:00,71.198,11552.026,39.193,320.79,108.843,67.99,64.36,73.88,66.25,6.12,57.61
2025-03-21 07:45:00,70.057,11860.495,38.696,326.494,108.007,67.75,62.75,74.04,64.75,7.83,57.61
2025-03-21 07:50:00,73.918,11797.229,39.694,330.155,110.26,66.49,62.95,72.75,64.01,6.51,57.62
2025-03-21 07:55:00,70.327,11970.854,38.215,324.183,111.111,64.99,61.86,72.12,64.58,5.53,57.62
2025-03-21 08:00:00,71.983,11947.855,39.542,328.395,109.327,65.65,61.67,72.07,63.58,5.98,57.62
2025-03-21 08:05:00,68.813,11657.993,39.671,323.451,108.147,66.01,60.86,71.25,63.76,4.55,57.62
2025-03-21 08:10:00,68.814,11806.383,39.738,318.864,111.752,65.8,62.46,72.18,64.2,6.85,57.62
2025-03-21 08:15:00,74.232,11883.905,39.39,325.684,111.455,65.76,61.68,70.67,63.74,8.06,57.62
2025-03-21 08:20:00,68.026,11602.295,40.069,321.39,109.679,65.23,60.98,70.97,63.16,7.24,57.62
2025-03-21 08:25:00,70.446,11617.18,39.293,323.553,110.536,65.01,60.89,70.43,62.99,7.48,57.63
2025-03-21 08:30:00,73.922,11696.292,38.88,324.456,108.187,63.46,59.86,69.75,61.67,7.31,57.63
2025-03-21 08:35:00,73.192,11536.095,38.935,322.164,107.732,64.54,60.61,70.65,62.95,7.64,57.63
2025-03-21 08:40:00,69.605,11551.243,39.015,319.413,113.238,64.05,60.94,71.2,62.26,9.04,57.63
2025-03-21 08:45:00,74.294,11809.858,39.219,325.512,108.307,64.29,59.99,68.79,61.23,8.5,57.63
2025-03-21 08:50:00,69.456,11712.379,39.588,323.929,109.389,62.08,58.42,68.81,60.16,8.66,57.64
2025-03-21 08:55:00,67.441,11574.139,39.03,321.314,105.749,61.99,58.18,67.98,59.97,7.15,57.64
2025-03-21 09:00:00,70.663,11432.896,39.222,325.51,111.99,61.85,58.27,67.34,59.07,7.14,57.64
2025-03-21 09:05:00,69.939,11249.545,39.645,327.529,110.178,60.74,57.52,66.88,59.81,7.24,57.64
2025-03-21 09:10:00,68.574,11340.541,39.556,324.75,106.568,60.76,56.7,66.5,59.67,8.24,57.65
2025-03-21 09:15:00,64.228,11354.481,39.012,327.723,108.383,59.72,54.95,65.89,57.59,8.77,57.65
2025-03-21 09:20:00,65.857,11451.03,39.775,331.873,108.866,58.97,55.37,65.53,56.97,8.92,57.65
2025-03-21 09:25:00,70.84,11860.177,39.727,332.451,106.346,59.64,55.93,66.11,58.16,6.63,57.65
2025-03-21 09:30:00,64.938,11872.601,39.526,330.958,107.66,60.27,56.44,66.19,58.48,8.77,57.66
2025-03-21 09:35:00,67.598,11608.782,39.445,331.022,104.802,60.42,56.53,66.31,57.7,7.94,57.66
2025-03-21 09:40:00,66.506,11456.866,39.887,331.171,104.118,60.11,55.83,65.42,56.65,9.72,57.66
2025-03-21 09:45:00,68.609,11279.053,39.234,321.06,102.967,58.96,54.74,65.43,57.44,8.6,57.66
2025-03-21 09:50:00,63.538,11442.286,39.504,330.168,104.428,58.85,55.29,64.19,56.72,9.35,57.67
2025-03-21 09:55:00,63.091,11505.544,39.924,324.986,105.12,59.13,55.0,65.05,57.33,10.41,57.67
2025-03-21 10:00:00,67.867,11458.687,39.602,320.664,103.897,59.26,54.78,65.91,57.3,9.4,57.67
2025-03-21 10:05:00,75.694,11485.507,39.446,319.445,109.558,61.1,56.25,66.51,58.05,7.58,57.68
2025-03-21 10:10:00,70.32,11359.236,40.167,328.739,106.296,60.07,56.5,65.93,57.7,9.22,57.68
2025-03-21 10:15:00,65.474,11277.0,40.177,325.532,104.227,59.81,54.9,65.4,56.94,8.43,57.68
2025-03-21 10:20:00,69.561,11443.013,39.928,332.252,109.3,60.21,56.66,66.49,57.73,9.85,57.68
2025-03-21 10:25:00,70.054,11354.871,40.228,331.936,101.666,60.29,56.83,65.94,57.76,10.56,57.69
2025-03-21 10:30:00,65.342,11660.928,39.412,328.535,104.657,60.28,55.55,65.11,57.64,9.24,57.69
2025-03-21 10:35:00,64.726,11193.418,39.128,331.513,102.58,58.9,55.75,64.8,57.78,9.91,57.69
2025-03-21 10:40:00,65.596,11276.884,39.554,327.129,106.056,58.6,53.88,64.57,56.69,11.18,57.7
2025-03-21 10:45:00,67.966,11360.681,39.516,332.025,102.106,58.72,54.9,64.67,56.45,9.67,57.7
2025-03-21 10:50:00,66.405,11464.471,40.124,333.54,106.577,59.35,54.98,65.19,56.88,10.57,57.71
2025-03-21 10:55:00,67.171,11664.929,39.967,325.836,104.612,58.58,54.57,64.5,57.26,10.36,57.71
2025-03-21 11:00:00,66.408,11546.317,39.616,324.073,110.796,59.36,55.76,65.52,57.77,10.95,57.71
2025-03-21 11:05:00,71.499,11573.302,40.062,332.34,106.4,60.41,55.91,66.74,59.4,9.75,57.72
2025-03-21 11:10:00,65.642,11715.684,40.123,326.764,106.195,59.7,55.54,64.85,57.97,10.96,57.72
2025-03-21 11:15:00,66.535,11368.231,39.664,336.432,106.246,59.87,55.85,66.91,58.62,9.83,57.72
2025-03-21 11:20:00,70.955,11738.724,39.951,329.821,106.863,60.41,56.67,66.21,58.29,9.8,57.73
2025-03-21 11:25:00,71.71,11410.183,39.577,335.151,112.125,59.01,55.23,65.46,57.91,12.08,57.73
2025-03-21 11:30:00,69.322,11104.146,39.317,325.685,103.034,59.7,56.12,65.04,57.41,10.67,57.74
2025-03-21 11:35:00,68.538,11466.096,39.662,335.686,104.788,59.5,55.22,65.43,56.86,10.83,57.74
2025-03-21 11:40:00,70.959,11399.278,38.828,331.342,100.791,59.07,54.43,65.82,56.59,11.96,57.74
2025-03-21 11:45:00,69.461,11356.361,39.809,327.89,105.99,57.92,54.31,64.09,56.17,11.92,57.75
2025-03-21 11:50:00,65.315,11318.507,39.574,330.211,103.115,57.89,54.77,63.48,55.65,11.37,57.75
2025-03-21 11:55:00,68.122,11099.273,39.688,330.849,99.874,56.68,53.53,63.66,54.57,10.83,57.76
2025-03-21 12:00:00,70.185,11641.975,39.994,333.196,106.891,57.32,53.3,62.97,55.26,11.0,57.76
2025-03-21 12:05:00,63.531,11466.704,40.191,330.528,105.648,57.18,53.04,62.19,54.5,11.57,57.77
2025-03-21 12:10:00,65.808,11086.169,40.124,335.216,107.235,57.45,53.48,62.79,55.39,11.94,57.77
2025-03-21 12:15:00,66.915,11419.742,40.018,331.59,102.905,56.48,51.91,62.73,54.21,11.66,57.77
2025-03-21 12:20:00,61.607,11264.215,39.314,324.381,104.64,56.75,52.77,63.14,55.27,11.06,57.78
2025-03-21 12:25:00,61.405,11173.911,39.979,331.747,104.705,56.56,52.3,62.68,54.22,12.11,57.78
2025-03-21 12:30:00,65.786,11153.771,39.588,331.801,105.076,55.63,53.02,62.19,54.19,11.68,57.79
2025-03-21 12:35:00,64.548,11380.96,40.486,333.132,100.153,56.94,53.01,63.53,55.14,10.94,57.79
2025-03-21 12:40:00,71.115,11616.374,39.662,328.994,108.193,58.55,53.94,63.33,55.76,11.82,57.8
2025-03-21 12:45:00,62.335,11288.915,39.563,340.023,107.251,57.08,53.46,63.69,55.63,12.2,57.8
2025-03-21 12:50:00,64.549,11335.842,39.785,335.985,102.219,57.69,52.87,64.12,55.84,11.23,57.81
2025-03-21 12:55:00,61.27,11298.028,39.717,331.113,105.296,58.19,54.23,63.09,56.34,11.44,57.81
2025-03-21 13:00:00,63.55,11342.968,40.214,334.981,99.545,57.39,53.4,63.18,55.49,11.23,57.82
2025-03-21 13:05:00,65.43,11179.569,39.73,323.75,102.755,55.7,52.06,61.95,53.73,10.74,57.82
2025-03-21 13:10:00,67.309,11434.371,39.783,333.642,105.059,56.78,53.12,62.81,54.82,12.0,57.83
2025-03-21 13:15:00,63.402,11561.182,39.746,331.369,102.789,56.67,52.69,63.4,54.88,12.27,57.83
2025-03-21 13:20:00,65.738,11273.605,39.519,335.846,106.661,58.45,53.89,63.82,55.84,11.13,57.84
2025-03-21 13:25:00,65.096,11751.791,39.933,327.103,107.87,57.57,53.14,63.03,54.68,11.48,57.84
2025-03-21 13:30:00,66.543,11355.457,39.346,335.131,104.69,55.53,51.67,62.0,53.76,9.88,57.85
2025-03-21 13:35:00,63.119,11257.496,39.685,338.918,105.265,55.54,52.08,61.49,53.26,11.46,57.85
2025-03-21 13:40:00,67.589,11531.513,39.696,332.655,104.88,56.26,52.53,62.46,53.29,12.79,57.86
2025-03-21 13:45:00,63.411,11268.251,39.773,334.059,102.133,55.46,50.36,60.91,53.1,11.41,57.86
2025-03-21 13:50:00,61.632,11181.69,40.105,334.488,102.658,55.54,50.36,60.94,52.87,11.65,57.87
2025-03-21 13:55:00,66.825,11178.139,39.326,338.791,101.399,56.07,51.73,61.35,53.26,12.31,57.88
2025-03-21 14:00:00,61.949,11239.84,39.541,330.994,106.088,55.65,52.96,62.75,54.64,13.86,57.88
2025-03-21 14:05:00,69.848,11441.114,39.876,336.945,106.623,55.99,51.99,61.16,54.66,12.41,57.89
2025-03-21 14:10:00,65.53,11062.927,39.402,336.201,100.462,55.3,51.61,60.87,53.38,10.37,57.89
2025-03-21 14:15:00,63.505,11198.093,39.613,333.019,104.597,54.11,49.98,60.09,51.8,12.38,57.9
2025-03-21 14:20:00,65.857,11294.01,39.419,337.609,102.795,54.08,50.62,59.49,52.74,9.89,57.9
2025-03-21 14:25:00,62.559,11376.638,39.81,330.31,100.989,54.03,50.03,59.43,51.81,11.13,57.91
2025-03-21 14:30:00,63.466,11346.918,40.15,336.453,101.933,53.51,50.01,60.21,52.71,13.15,57.92
2025-03-21 14:35:00,60.996,11176.489,40.593,330.495,105.874,53.09,49.41,59.44,51.64,11.95,57.92
2025-03-21 14:40:00,59.661,11273.486,39.448,331.535,103.031,53.84,49.44,59.93,52.63,11.4,57.93
2025-03-21 14:45:00,61.852,11388.511,39.712,338.887,106.493,53.88,50.43,60.23,52.55,11.09,57.93
2025-03-21 14:50:00,65.357,11137.13,39.748,332.574,102.429,54.28,49.68,60.07,51.37,12.05,57.94
2025-03-21 14:55:00,67.112,11131.087,39.827,326.442,98.938,53.55,49.11,58.87,51.28,11.01,57.95
2025-03-21 15:00:00,66.117,11403.477,39.819,330.755,102.585,54.51,50.2,60.11,51.82,11.2,57.95
2025-03-21 15:05:00,64.365,11310.658,40.284,333.323,103.965,54.95,50.84,60.61,52.02,10.26,57.96
2025-03-21 15:10:00,65.529,11487.305,39.657,329.098,95.384,54.63,49.45,60.16,53.0,11.84,57.96
2025-03-21 15:15:00,64.671,11296.636,39.601,335.717,107.464,54.14,49.82,59.7,51.95,11.46,57.97
2025-03-21 15:20:00,64.458,11369.575,39.919,331.412,101.073,55.15,50.41,60.21,53.22,11.0,57.98
2025-03-21 15:25:00,65.442,11395.043,39.67,330.049,103.35,54.95,50.87,60.52,53.07,10.82,57.98
2025-03-21 15:30:00,63.446,11373.559,40.02,331.96,102.474,55.4,52.02,61.77,53.77,12.23,57.99
2025-03-21 15:35:00,64.767,11148.672,40.141,337.649,103.162,54.77,50.97,61.22,54.03,11.25,58.0
2025-03-21 15:40:00,61.051,11140.639,40.158,330.071,102.226,54.22,50.63,60.54,52.67,11.36,58.0
2025-03-21 15:45:00,59.612,11223.598,39.785,337.509,104.657,53.46,49.71,60.22,51.56,10.58,58.01
2025-03-21 15:50:00,59.939,11082.242,39.547,339.903,100.881,52.72,49.12,59.1,51.82,10.48,58.02
2025-03-21 15:55:00,61.642,10930.084,38.897,336.489,104.593,53.47,49.49,59.45,51.87,10.25,58.02
2025-03-21 16:00:00,63.299,11159.864,39.783,342.391,99.017,53.71,49.09,59.7,51.58,10.4,58.03
2025-03-21 16:05:00,67.144,11031.549,40.273,337.043,100.683,53.29,49.24,59.25,51.69,9.87,58.04
2025-03-21 16:10:00,61.604,11203.723,39.544,338.402,97.311,52.96,47.93,58.22,50.28,10.59,58.04
2025-03-21 16:15:00,66.671,11229.224,40.209,330.752,103.14,53.96,49.29,59.35,51.47,12.4,58.05
2025-03-21 16:20:00,65.86,11250.587,40.176,334.853,100.048,52.67,49.32,59.42,51.23,9.81,58.06
2025-03-21 16:25:00,65.172,11173.42,39.413,332.397,108.125,54.1,49.6,59.85,51.74,8.97,58.06
2025-03-21 16:30:00,62.615,11442.851,39.377,340.028,106.553,54.29,49.82,59.74,52.0,9.55,58.07
2025-03-21 16:35:00,65.643,11231.921,39.526,333.731,104.273,55.47,51.35,60.76,53.09,9.42,58.08
2025-03-21 16:40:00,68.368,11312.842,39.617,341.856,109.405,55.05,51.35,61.07,52.81,10.79,58.08
2025-03-21 16:45:00,61.501,11140.501,39.647,341.887,100.731,56.02,52.06,62.48,53.98,9.34,58.09
2025-03-21 16:50:00,67.681,11449.167,39.3,326.745,104.234,57.04,52.55,63.16,55.73,9.48,58.1
2025-03-21 16:55:00,68.064,11469.283,39.611,331.471,105.626,56.08,52.26,61.65,54.9,9.81,58.1
2025-03-21 17:00:00,63.454,11028.144,39.348,340.932,101.239,56.64,52.13,62.62,54.29,10.69,58.11
2025-03-21 17:05:00,57.544,11143.132,39.435,332.928,103.578,54.52,51.82,60.65,53.1,11.05,58.12
2025-03-21 17:10:00,60.312,11116.279,39.504,340.59,108.15,55.5,51.17,61.29,53.41,9.44,58.13
2025-03-21 17:15:00,63.309,11214.275,39.338,336.778,107.434,57.25,51.98,62.37,54.41,9.74,58.13
2025-03-21 17:20:00,64.6,11037.89,39.242,336.627,104.089,56.06,52.46,62.08,54.36,9.83,58.14
2025-03-21 17:25:00,62.58,11432.875,39.852,341.21,105.488,57.52,52.8,61.84,54.21,10.1,58.15
2025-03-21 17:30:00,64.829,11362.458,39.963,333.933,103.757,57.46,53.16,63.39,55.5,9.96,58.16
2025-03-21 17:35:00,63.901,11458.875,39.449,333.473,102.879,56.37,52.03,62.31,54.91,8.6,58.16
2025-03-21 17:40:00,63.477,11528.213,39.294,331.3,105.767,55.85,53.46,62.81,54.77,8.41,58.17
2025-03-21 17:45:00,62.897,11411.589,39.898,338.193,102.596,57.32,53.53,63.86,56.01,9.21,58.18
2025-03-21 17:50:00,68.607,11118.609,39.587,333.673,107.485,56.75,53.61,63.37,54.4,9.65,58.18
2025-03-21 17:55:00,65.907,11838.527,39.378,334.274,101.831,57.92,53.38,63.72,55.26,9.66,58.19
2025-03-21 18:00:00,70.217,11273.695,38.776,335.281,107.401,57.87,53.09,64.05,55.77,8.05,58.2
2025-03-21 18:05:00,67.123,11456.525,39.543,343.252,108.177,57.58,54.35,64.68,55.98,9.11,58.21
2025-03-21 18:10:00,64.789,11584.291,39.841,334.081,105.209,58.77,54.57,64.44,56.5,9.1,58.22
2025-03-21 18:15:00,72.056,11919.604,40.391,341.298,109.29,58.15,54.56,65.62,56.08,9.01,58.22
2025-03-21 18:20:00,67.551,11568.166,39.791,337.467,103.96,57.87,53.96,63.69,55.74,7.44,58.23
2025-03-21 18:25:00,66.069,11212.611,39.864,327.37,105.453,58.08,55.17,64.55,56.0,6.51,58.24
2025-03-21 18:30:00,66.953,11832.376,39.85,333.605,104.422,59.71,55.65,65.44,57.24,8.19,58.25
2025-03-21 18:35:00,64.836,11387.593,39.228,334.345,109.497,58.93,54.45,64.8,56.49,7.77,58.25
2025-03-21 18:40:00,69.478,11329.63,39.641,335.671,110.578,59.22,54.41,64.76,56.33,7.79,58.26
2025-03-21 18:45:00,64.801,11308.832,39.046,333.488,107.391,59.18,55.44,65.23,56.75,7.1,58.27
2025-03-21 18:50:00,67.612,11359.029,40.115,332.225,110.144,58.69,55.2,64.85,57.21,7.46,58.28
2025-03-21 18:55:00,65.46,11451.602,39.286,345.757,105.538,59.61,55.84,65.62,58.05,7.26,58.28
2025-03-21 19:00:00,69.264,11946.857,39.437,334.271,114.223,61.05,56.63,67.29,59.08,7.13,58.29
2025-03-21 19:05:00,64.31,11183.116,39.428,333.022,110.44,60.32,56.83,66.73,58.39,6.98,58.3
2025-03-21 19:10:00,67.549,11332.722,39.67,331.453,111.626,61.49,58.05,68.14,59.59,6.94,58.31
2025-03-21 19:15:00,65.147,11577.111,39.68,338.362,106.555,61.81,58.3,67.98,60.49,5.42,58.32
2025-03-21 19:20:00,70.567,11641.045,39.541,329.843,108.75,61.58,58.15,67.62,60.27,6.17,58.32
2025-03-21 19:25:00,66.308,11585.739,38.857,337.119,112.918,62.68,59.05,69.67,60.79,6.54,58.33
2025-03-21 19:30:00,66.304,11411.222,39.384,334.273,107.256,62.67,58.97,68.81,61.43,8.03,58.34
2025-03-21 19:35:00,71.5,11607.719,39.554,326.973,112.778,63.15,59.2,69.68,61.94,5.55,58.35
2025-03-21 19:40:00,72.856,11853.206,39.584,333.055,111.661,63.12,59.74,69.77,62.0,5.87,58.36
2025-03-21 19:45:00,70.935,12034.875,39.126,327.88,114.361,64.76,59.73,69.86,62.12,6.35,58.37
2025-03-21 19:50:00,67.768,11958.602,39.082,332.126,113.24,64.86,60.62,70.86,61.94,5.35,58.37
2025-03-21 19:55:00,65.98,11820.429,39.271,330.841,110.83,64.03,60.65,69.3,61.61,6.0,58.38
2025-03-21 20:00:00,68.664,11739.284,38.962,335.704,107.552,63.77,59.02,69.21,61.09,4.39,58.39
2025-03-21 20:05:00,69.897,11631.937,39.502,338.678,111.274,63.62,59.52,69.39,61.97,4.46,58.4
2025-03-21 20:10:00,65.744,11929.898,39.91,335.553,111.491,64.17,60.09,69.64,62.19,6.71,58.41
2025-03-21 20:15:00,65.301,11745.944,38.892,333.58,111.01,64.21,59.99,69.55,62.26,5.85,58.41
2025-03-21 20:20:00,71.09,11644.899,38.643,327.368,114.849,62.2,59.26,69.56,61.65,5.88,58.42
2025-03-21 20:25:00,72.678,12117.284,39.481,335.457,114.417,63.88,60.34,70.6,61.33,5.1,58.43
2025-03-21 20:30:00,65.421,11754.169,39.745,336.746,110.952,63.74,59.76,69.68,62.17,4.02,58.44
2025-03-21 20:35:00,72.297,11776.977,39.972,334.602,112.148,62.89,58.48,69.6,61.33,4.68,58.45
2025-03-21 20:40:00,69.723,11862.451,39.874,339.438,112.46,63.95,59.87,69.25,61.39,5.87,58.46
2025-03-21 20:45:00,71.463,11514.844,38.786,336.531,109.373,63.78,59.74,69.95,62.05,3.21,58.46
2025-03-21 20:50:00,70.481,11940.901,38.756,338.972,110.341,64.42,58.7,69.63,61.72,3.42,58.47
2025-03-21 20:55:00,68.455,11589.175,39.269,343.629,113.217,62.47,60.38,69.66,61.73,4.02,58.48
2025-03-21 21:00:00,70.032,11978.689,38.99,339.027,110.976,62.8,59.34,68.74,60.67,4.17,58.49
2025-03-21 21:05:00,69.755,11596.108,39.46,337.733,106.315,63.63,59.45,68.54,60.99,4.75,58.5
2025-03-21 21:10:00,70.759,11837.05,40.056,340.5,109.607,62.57,58.07,68.06,60.18,4.24,58.51
2025-03-21 21:15:00,70.959,11664.83,39.275,333.52,109.492,62.76,58.87,68.8,60.19,4.66,58.51
2025-03-21 21:20:00,69.866,11910.85,39.215,338.033,109.951,62.51,58.16,67.48,60.73,5.03,58.52
2025-03-21 21:25:00,64.15,11747.054,39.366,332.401,106.575,63.86,59.29,69.34,61.05,2.92,58.53
2025-03-21 21:30:00,70.257,11924.05,38.935,330.317,115.539,62.93,59.33,68.46,60.92,3.99,58.54
2025-03-21 21:35:00,67.626,12006.313,39.274,338.394,110.417,63.58,58.99,69.4,61.06,4.82,58.55
2025-03-21 21:40:00,65.544,11887.661,39.195,333.919,110.245,63.51,59.89,70.28,62.15,3.89,58.56
2025-03-21 21:45:00,67.919,11467.245,39.114,330.049,111.435,63.74,60.61,69.74,62.05,2.92,58.57
2025-03-21 21:50:00,69.317,11945.591,38.563,332.191,110.3,63.0,59.07,69.09,60.82,2.86,58.57
2025-03-21 21:55:00,70.62,11890.464,39.253,344.182,108.311,63.66,57.83,68.85,61.16,2.87,58.58
2025-03-21 22:00:00,70.721,11751.72,39.138,338.851,108.39,64.45,59.15,70.43,61.34,3.43,58.59
2025-03-21 22:05:00,70.932,11749.037,39.085,334.257,110.643,62.55,58.3,69.45,61.83,2.43,58.6
2025-03-21 22:10:00,67.756,11423.058,39.713,343.6,110.931,62.85,59.21,68.84,61.51,3.01,58.61
2025-03-21 22:15:00,70.066,11696.124,39.314,339.153,110.881,63.54,59.54,69.46,62.11,3.96,58.62
2025-03-21 22:20:00,66.431,11750.45,39.222,346.503,110.077,63.45,59.71,69.68,60.71,2.38,58.63
2025-03-21 22:25:00,69.269,11945.346,38.476,335.372,113.468,63.02,58.53,69.6,60.66,2.52,58.63
2025-03-21 22:30:00,69.687,11712.746,39.838,342.971,109.529,63.37,58.85,68.86,60.55,3.96,58.64
2025-03-21 22:35:00,68.83,11791.305,39.137,340.644,110.546,62.71,58.97,68.79,60.73,1.79,58.65
2025-03-21 22:40:00,68.989,11768.16,39.469,333.8,114.128,62.58,58.63,68.63,61.1,3.74,58.66
2025-03-21 22:45:00,67.988,11764.767,38.941,342.73,110.62,62.63,58.41,68.19,61.23,1.15,58.67
2025-03-21 22:50:00,67.332,11774.263,39.54,341.528,107.469,62.86,59.84,68.91,61.61,1.44,58.68
2025-03-21 22:55:00,67.424,11490.344,39.248,336.442,112.031,63.13,58.3,68.22,60.21,0.4,58.69
2025-03-21 23:00:00,66.61,11390.359,39.562,343.569,108.901,62.45,58.26,68.87,60.77,2.14,58.7
2025-03-21 23:05:00,70.578,12000.881,38.692,342.027,108.323,61.55,58.15,67.73,59.57,0.13,58.7
2025-03-21 23:10:00,66.817,11906.964,39.272,337.193,109.062,62.49,58.86,68.5,60.23,2.8,58.71
2025-03-21 23:15:00,65.305,11795.404,39.361,333.698,112.482,62.66,58.65,68.44,61.06,2.85,58.72
2025-03-21 23:20:00,62.405,11694.968,38.911,335.88,112.628,62.34,59.39,69.12,60.67,2.01,58.73
2025-03-21 23:25:00,67.858,11919.012,39.712,342.875,113.304,62.73,58.27,68.97,60.44,0.75,58.74
2025-03-21 23:30:00,67.6,11974.529,39.348,335.562,113.715,61.85,58.11,68.33,60.31,0.84,58.75
2025-03-21 23:35:00,63.593,11564.468,39.427,341.27,112.941,60.46,56.83,66.46,59.46,3.42,58.76
2025-03-21 23:40:00,69.087,11745.765,38.857,340.651,104.302,60.33,56.58,66.99,58.99,1.42,58.77
2025-03-21 23:45:00,61.512,11703.829,38.336,341.473,107.739,59.34,55.36,66.19,57.69,0.71,58.77
2025-03-21 23:50:00,65.212,11246.481,39.076,333.226,109.999,59.5,55.55,66.72,57.86,0.97,58.78
2025-03-21 23:55:00,64.623,11664.241,39.131,337.622,106.102,60.21,56.64,65.42,58.01,0.98,58.79
2025-03-22 00:00:00,67.238,11747.034,39.11,346.584,105.505,60.21,55.93,66.57,58.24,0.01,58.8
2025-03-22 00:05:00,68.847,12081.48,39.399,341.942,110.61,61.52,56.97,66.45,58.81,2.61,58.81
2025-03-22 00:10:00,63.784,11586.118,39.352,336.578,108.133,61.16,56.87,67.15,58.91,2.63,58.82
2025-03-22 00:15:00,69.857,11892.01,38.849,349.102,109.356,60.78,56.21,67.04,58.99,1.85,58.83
2025-03-22 00:20:00,67.551,11769.605,38.797,343.841,107.432,59.8,55.81,66.59,58.44,1.16,58.83
2025-03-22 00:25:00,63.258,11639.434,39.48,335.319,111.843,60.43,56.64,66.96,58.78,0.94,58.84
2025-03-22 00:30:00,66.767,11827.524,39.126,347.052,109.909,60.31,56.16,66.28,58.54,1.72,58.85
2025-03-22 00:35:00,65.705,11319.379,38.858,343.272,112.627,60.53,56.27,66.06,58.24,1.21,58.86
2025-03-22 00:40:00,69.514,11789.221,38.458,348.139,109.547,59.02,54.93,66.0,57.8,-0.06,58.87
2025-03-22 00:45:00,61.468,12007.85,39.212,341.495,108.672,59.77,56.13,66.17,58.07,0.86,58.88
2025-03-22 00:50:00,62.444,11515.74,39.274,348.961,110.452,60.35,55.41,65.45,57.81,1.12,58.89
2025-03-22 00:55:00,65.224,11349.42,38.989,335.823,110.712,59.41,54.91,65.65,57.41,0.42,58.9
2025-03-22 01:00:00,61.015,11554.673,38.846,351.454,110.081,58.86,54.14,64.01,56.57,0.73,58.9
2025-03-22 01:05:00,64.326,11810.388,39.047,346.57,107.748,58.43,54.43,63.37,55.44,1.17,58.91
2025-03-22 01:10:00,64.536,11778.283,38.568,339.956,103.134,56.29,53.08,62.44,55.53,0.2,58.92
2025-03-22 01:15:00,64.675,11746.004,39.203,345.2,104.196,56.31,52.96,62.94,54.63,0.35,58.93
2025-03-22 01:20:00,65.379,11738.649,38.805,345.456,111.46,57.31,53.17,63.51,55.02,-1.16,58.94
2025-03-22 01:25:00,63.843,11517.044,39.52,344.334,109.313,58.18,53.58,63.87,55.96,-0.37,58.95
2025-03-22 01:30:00,60.387,11535.957,38.523,344.511,107.889,57.94,53.78,63.88,55.42,0.42,58.96
2025-03-22 01:35:00,64.582,11524.229,39.202,351.763,106.546,58.16,53.95,63.68,56.25,0.65,58.97
2025-03-22 01:40:00,62.545,11503.159,39.006,343.882,106.976,57.28,52.4,63.42,55.42,-0.24,58.97
2025-03-22 01:45:00,65.292,11526.951,39.339,342.815,98.342,56.42,52.65,63.13,55.06,2.25,58.98
2025-03-22 01:50:00,64.487,11898.599,38.786,344.245,109.396,56.57,52.62,62.73,55.04,-0.21,58.99
2025-03-22 01:55:00,65.624,11391.31,39.647,340.202,108.356,57.23,53.06,63.2,55.68,1.26,59.0
2025-03-22 02:00:00,62.126,11217.093,38.551,348.002,105.536,56.39,52.21,62.45,53.54,-0.34,59.01
2025-03-22 02:05:00,63.364,11691.931,38.904,342.9,104.438,55.61,50.78,61.91,54.16,0.71,59.02
2025-03-22 02:10:00,66.236,11184.014,39.32,347.484,105.71,54.5,50.68,60.48,52.29,1.63,59.03
2025-03-22 02:15:00,64.23,11796.821,38.547,345.22,105.064,55.06,51.14,61.1,53.22,1.18,59.03
2025-03-22 02:20:00,59.424,11648.902,39.549,345.034,103.713,54.79,50.68,60.19,52.32,-0.1,59.04
2025-03-22 02:25:00,68.729,11573.881,40.155,352.048,109.173,54.95,50.98,61.32,52.52,0.31,59.05
2025-03-22 02:30:00,64.534,11448.104,39.367,353.224,106.251,54.99,50.36,60.94,52.94,1.4,59.06
2025-03-22 02:35:00,60.056,11733.041,39.44,344.518,110.407,55.08,49.98,60.53,52.52,1.31,59.07
2025-03-22 02:40:00,65.156,11537.807,39.393,346.025,104.785,53.72,50.69,60.74,53.19,1.24,59.08
2025-03-22 02:45:00,64.181,11631.665,39.078,351.847,107.621,54.57,51.42,61.01,51.94,0.43,59.09
2025-03-22 02:50:00,59.218,11163.26,39.147,350.465,109.211,53.9,50.64,60.47,51.92,-0.03,59.09
2025-03-22 02:55:00,64.658,11766.365,38.909,349.284,104.898,53.48,49.78,59.34,52.39,-2.07,59.1
2025-03-22 03:00:00,62.789,11384.888,39.775,350.58,105.315,54.51,51.65,61.36,53.21,2.23,59.11
2025-03-22 03:05:00,62.047,11595.557,39.065,350.293,109.08,55.55,52.14,62.02,53.87,1.8,59.12
2025-03-22 03:10:00,64.163,11787.649,39.237,351.679,108.099,56.17,52.42,61.74,53.86,1.87,59.13
2025-03-22 03:15:00,67.471,11731.493,38.953,351.927,111.984,56.61,52.73,63.36,55.5,1.82,59.14
2025-03-22 03:20:00,66.512,11887.394,38.938,346.43,109.713,56.3,52.16,62.57,54.91,1.42,59.14
2025-03-22 03:25:00,60.546,11330.552,38.437,338.798,109.153,56.22,51.9,62.11,53.94,-0.04,59.15
2025-03-22 03:30:00,63.625,11749.453,39.397,349.523,106.338,56.79,52.58,62.62,54.4,2.11,59.16
2025-03-22 03:35:00,62.954,11843.585,39.132,345.94,103.65,56.87,53.12,62.64,54.67,2.91,59.17
2025-03-22 03:40:00,60.75,11600.339,38.927,353.412,108.595,56.64,52.51,62.37,55.68,0.26,59.18
2025-03-22 03:45:00,65.897,11740.501,39.572,344.324,105.631,57.22,53.06,63.5,55.2,1.26,59.19
2025-03-22 03:50:00,68.156,11343.08,39.457,348.1,111.541,56.22,52.46,62.27,54.73,2.92,59.19
2025-03-22 03:55:00,63.961,11928.147,38.987,345.647,107.361,56.71,52.69,62.41,54.24,1.49,59.2
2025-03-22 04:00:00,67.964,11898.075,39.066,345.668,105.304,57.13,52.61,62.82,54.32,0.89,59.21
2025-03-22 04:05:00,66.697,11992.322,39.506,341.722,109.832,57.55,53.56,63.53,56.31,2.5,59.22
2025-03-22 04:10:00,65.394,11652.438,39.384,345.265,111.67,57.91,54.03,64.1,57.31,1.82,59.23
2025-03-22 04:15:00,64.282,11808.569,39.246,346.09,114.854,57.89,54.3,64.48,55.57,2.64,59.23
2025-03-22 04:20:00,62.784,11712.576,39.283,349.96,106.896,57.62,53.27,63.51,55.21,1.22,59.24
2025-03-22 04:25:00,62.462,11640.721,39.26,353.943,107.582,56.49,53.96,63.68,55.29,2.71,59.25
2025-03-22 04:30:00,64.523,11625.894,39.543,347.642,107.575,57.81,53.56,63.25,54.82,2.4,59.26
2025-03-22 04:35:00,59.786,11857.012,39.377,348.73,107.221,56.38,52.52,62.51,54.27,2.25,59.27
2025-03-22 04:40:00,56.306,11617.172,39.274,352.422,108.6,56.94,51.55,63.1,54.61,2.96,59.28
2025-03-22 04:45:00,61.076,11909.562,38.955,348.249,108.056,56.15,51.54,62.6,54.21,1.65,59.28
2025-03-22 04:50:00,62.544,11822.501,39.785,348.634,107.166,56.29,52.81,62.49,54.63,1.5,59.29
2025-03-22 04:55:00,64.806,11945.987,39.569,344.9,107.495,56.1,52.52,62.82,54.63,3.01,59.3
2025-03-22 05:00:00,64.294,11954.903,39.562,345.609,117.88,57.02,52.99,62.98,55.15,3.41,59.31
2025-03-22 05:05:00,65.315,12034.861,39.003,351.322,108.915,58.46,53.18,63.34,55.21,3.9,59.32
2025-03-22 05:10:00,63.862,11518.946,39.983,343.001,111.534,57.68,53.0,63.76,55.06,2.3,59.32
2025-03-22 05:15:00,65.366,12212.749,39.606,349.978,107.686,57.34,53.76,62.74,56.13,4.08,59.33
2025-03-22 05:20:00,65.596,11476.388,39.689,352.711,108.257,56.5,53.69,63.09,54.81,2.83,59.34
2025-03-22 05:25:00,64.432,11344.08,39.563,346.283,110.005,57.48,53.81,62.91,55.17,2.76,59.35
2025-03-22 05:30:00,67.88,11785.762,39.946,349.798,110.986,57.91,53.52,63.32,56.42,3.94,59.35
2025-03-22 05:35:00,61.438,11800.083,39.231,338.434,111.382,58.78,54.7,64.19,56.18,2.6,59.36
2025-03-22 05:40:00,66.329,11554.595,39.511,349.026,110.004,59.01,54.2,64.45,57.28,4.73,59.37
2025-03-22 05:45:00,64.962,11789.211,39.454,351.728,109.149,58.52,53.56,64.07,56.44,4.04,59.38
2025-03-22 05:50:00,63.054,11663.55,39.699,349.142,112.953,57.67,54.27,64.21,56.32,2.95,59.38
2025-03-22 05:55:00,63.458,11582.667,39.089,347.292,111.164,56.35,53.02,63.48,54.36,3.59,59.39
2025-03-22 06:00:00,66.694,11616.283,39.163,353.021,113.575,57.02,53.4,62.92,54.95,4.27,59.4
2025-03-22 06:05:00,64.373,11711.029,39.623,347.292,109.803,57.57,54.01,64.27,56.06,3.69,59.41
2025-03-22 06:10:00,62.67,11751.156,39.495,344.6,110.369,57.36,54.5,63.57,56.43,4.7,59.42
2025-03-22 06:15:00,61.136,11532.217,39.65,349.449,110.223,58.21,54.31,64.05,56.0,4.19,59.42
2025-03-22 06:20:00,60.93,12195.312,39.909,344.355,110.152,56.76,53.93,62.55,55.79,4.82,59.43
2025-03-22 06:25:00,67.491,12107.333,39.935,348.166,105.011,57.54,54.34,63.66,55.69,3.8,59.44
2025-03-22 06:30:00,67.658,11951.17,38.902,352.143,110.28,58.63,54.62,64.58,56.45,3.73,59.44
2025-03-22 06:35:00,67.927,11667.734,39.275,345.6,116.643,59.25,55.56,66.22,58.19,6.29,59.45
2025-03-22 06:40:00,62.43,12004.851,39.303,356.478,114.283,59.88,56.39,65.5,57.12,4.8,59.46
2025-03-22 06:45:00,64.063,11754.345,39.721,352.544,107.77,60.01,55.17,65.05,57.6,5.46,59.47
2025-03-22 06:50:00,70.969,11648.179,38.788,345.65,109.407,60.68,56.18,66.57,57.65,4.33,59.47
2025-03-22 06:55:00,63.548,11825.167,39.576,345.237,112.592,60.3,55.98,66.39,57.48,5.58,59.48
2025-03-22 07:00:00,71.114,11989.861,39.356,348.469,111.626,61.2,57.07,66.97,59.41,4.39,59.49
2025-03-22 07:05:00,63.783,11844.261,39.757,348.504,110.151,60.27,56.72,67.01,59.04,4.57,59.5
2025-03-22 07:10:00,68.453,11589.803,39.605,348.15,112.338,61.16,57.33,67.75,59.55,5.23,59.5
2025-03-22 07:15:00,67.62,12049.618,39.611,348.812,108.629,61.53,57.04,67.61,59.4,5.14,59.51
2025-03-22 07:20:00,68.721,11925.972,39.672,346.229,111.622,61.53,57.96,67.99,60.06,6.26,59.52
2025-03-22 07:25:00,65.453,12108.761,39.976,342.401,114.627,63.48,57.93,67.92,60.78,6.97,59.52
2025-03-22 07:30:00,68.015,12168.085,39.511,346.652,108.747,62.17,58.57,68.55,60.36,6.53,59.53
2025-03-22 07:35:00,67.816,11767.896,39.445,347.327,115.676,63.58,58.41,69.4,61.13,6.26,59.54
2025-03-22 07:40:00,67.003,11913.586,39.247,342.287,109.773,63.03,59.21,69.29,62.22,6.77,59.54
2025-03-22 07:45:00,67.387,12098.053,39.727,338.346,114.284,62.95,58.15,68.58,60.77,6.42,59.55
2025-03-22 07:50:00,66.857,12037.616,39.721,347.45,112.038,62.2,57.72,66.77,59.37,6.33,59.56
2025-03-22 07:55:00,63.271,11925.995,39.581,356.276,110.905,61.77,57.25,68.55,60.52,6.95,59.56
2025-03-22 08:00:00,66.456,12133.883,39.119,354.251,105.844,61.02,56.89,67.36,59.79,7.8,59.57
2025-03-22 08:05:00,66.923,12129.279,40.021,350.77,113.108,60.7,56.67,66.84,59.31,7.65,59.58
2025-03-22 08:10:00,70.147,11757.329,40.223,345.687,113.15,60.94,56.82,67.45,58.16,6.39,59.58
2025-03-22 08:15:00,66.27,12086.712,39.621,352.666,110.797,61.51,57.77,68.02,60.58,9.12,59.59
2025-03-22 08:20:00,62.647,11946.067,40.02,349.376,117.622,61.37,58.0,67.1,59.49,7.09,59.6
2025-03-22 08:25:00,64.78,11654.495,39.274,346.453,112.438,62.32,57.8,67.49,60.4,7.56,59.6
2025-03-22 08:30:00,65.531,12093.144,40.369,353.179,118.348,61.43,58.69,68.19,59.62,8.2,59.61
2025-03-22 08:35:00,70.293,11830.276,39.65,352.362,111.784,60.96,58.28,67.43,59.81,7.44,59.62
2025-03-22 08:40:00,69.192,12195.209,38.785,352.079,112.026,61.65,57.67,67.58,60.56,7.61,59.62
2025-03-22 08:45:00,67.785,12080.708,39.658,341.233,113.211,61.11,57.65,68.03,58.57,8.73,59.63
2025-03-22 08:50:00,64.785,12047.022,39.817,343.906,113.898,62.24,56.8,67.3,59.21,7.88,59.64
2025-03-22 08:55:00,61.607,11951.992,39.619,352.779,112.37,60.41,55.29,65.99,57.88,8.34,59.64
2025-03-22 09:00:00,64.871,11886.55,38.921,350.965,111.462,60.85,56.66,66.15,58.18,8.91,59.65
2025-03-22 09:05:00,64.715,12007.551,39.938,352.437,113.69,60.8,56.93,66.98,59.35,9.29,59.65
2025-03-22 09:10:00,67.245,11617.772,39.207,351.261,110.973,60.56,57.2,67.04,58.85,9.11,59.66
2025-03-22 09:15:00,61.164,11726.429,39.25,351.627,115.784,60.45,56.21,65.68,58.55,7.98,59.67
2025-03-22 09:20:00,67.657,11679.075,40.64,354.933,114.592,60.62,56.43,66.74,57.52,8.45,59.67
2025-03-22 09:25:00,63.862,12411.98,39.669,350.753,115.948,61.86,57.85,67.55,59.53,8.11,59.68
2025-03-22 09:30:00,65.056,11646.844,39.625,352.015,115.407,61.47,57.21,66.14,58.94,7.86,59.68
2025-03-22 09:35:00,69.632,11799.234,39.939,357.69,114.999,61.03,57.31,67.25,58.78,9.67,59.69
2025-03-22 09:40:00,67.016,11949.839,39.361,352.692,110.571,59.99,55.92,65.66,57.7,9.93,59.7
2025-03-22 09:45:00,66.065,11832.647,40.516,352.908,114.047,58.69,55.23,64.75,56.71,8.87,59.7
2025-03-22 09:50:00,63.876,12161.24,39.954,352.711,113.13,59.19,56.12,65.62,57.99,10.49,59.71
2025-03-22 09:55:00,63.745,11905.352,39.818,358.181,113.831,59.15,55.16,65.95,57.17,10.61,59.71
2025-03-22 10:00:00,63.523,11860.949,40.547,350.182,112.047,58.95,55.38,65.95,57.82,10.8,59.72
2025-03-22 10:05:00,66.091,11850.656,39.967,346.819,113.933,61.15,57.02,67.23,59.52,9.2,59.72
2025-03-22 10:10:00,64.642,12113.406,40.019,349.73,113.561,61.11,57.41,66.8,59.03,10.77,59.73
2025-03-22 10:15:00,68.677,11936.926,39.662,346.527,116.492,61.27,57.1,66.8,58.93,9.24,59.74
2025-03-22 10:20:00,65.315,12149.372,40.376,357.423,112.595,61.31,57.52,66.64,59.45,11.52,59.74
2025-03-22 10:25:00,65.652,12094.997,40.38,346.702,114.355,61.77,57.45,67.5,58.97,9.92,59.75
2025-03-22 10:30:00,66.901,11953.458,40.168,349.253,112.984,60.73,55.54,66.16,58.24,10.69,59.75
2025-03-22 10:35:00,68.026,11909.231,39.984,344.548,115.625,61.02,57.25,66.98,58.68,9.0,59.76
2025-03-22 10:40:00,67.655,11921.118,40.324,347.048,111.448,61.54,56.52,65.79,58.57,10.18,59.76
2025-03-22 10:45:00,66.619,11702.889,40.243,350.646,110.107,59.61,54.71,65.74,58.16,9.86,59.77
2025-03-22 10:50:00,65.478,11728.437,39.737,354.444,111.908,60.4,56.66,66.0,58.42,9.17,59.77
2025-03-22 10:55:00,70.536,11961.363,40.205,351.42,110.811,59.52,56.37,66.12,57.61,10.63,59.78
2025-03-22 11:00:00,64.874,11611.79,39.846,345.697,114.013,60.69,57.14,66.88,58.64,10.6,59.78
2025-03-22 11:05:00,66.35,11933.308,40.522,352.567,114.592,59.43,55.98,65.11,57.5,10.65,59.79
2025-03-22 11:10:00,63.691,11768.891,39.905,352.95,109.883,58.95,54.58,63.87,56.59,9.87,59.79
2025-03-22 11:15:00,60.788,11731.596,39.68,349.286,110.071,58.11,54.4,63.82,55.49,12.28,59.8
2025-03-22 11:20:00,63.367,11982.824,40.317,359.248,115.105,57.02,53.52,63.68,56.35,11.88,59.8
2025-03-22 11:25:00,60.771,11635.915,39.369,358.252,113.677,58.06,54.06,62.85,55.67,10.04,59.81
2025-03-22 11:30:00,64.788,11576.596,39.913,351.008,113.342,57.56,53.05,63.53,55.53,11.05,59.81
2025-03-22 11:35:00,65.564,11912.006,40.564,344.904,112.56,58.39,54.14,64.4,56.47,10.85,59.82
2025-03-22 11:40:00,65.556,11901.566,39.511,359.35,120.474,57.73,53.87,63.62,56.76,10.04,59.82
2025-03-22 11:45:00,63.29,11788.871,40.826,356.191,111.439,58.16,54.33,63.89,56.55,11.75,59.83
2025-03-22 11:50:00,60.501,11445.681,40.085,346.001,110.786,58.16,54.69,64.35,56.24,12.02,59.83
2025-03-22 11:55:00,62.969,11750.488,39.776,354.851,112.198,58.43,55.31,63.54,56.93,10.96,59.83
2025-03-22 12:00:00,65.163,11893.554,40.173,351.345,113.209,57.87,54.55,64.12,55.86,12.3,59.84
2025-03-22 12:05:00,63.713,11687.895,40.211,356.464,116.774,58.43,53.83,63.84,56.17,11.75,59.84
2025-03-22 12:10:00,61.305,11715.101,39.711,351.673,111.339,58.13,53.98,64.81,56.49,12.26,59.85
2025-03-22 12:15:00,67.679,11979.57,39.382,346.24,119.889,59.87,55.86,66.15,57.64,10.16,59.85
2025-03-22 12:20:00,64.706,11840.815,40.339,347.76,114.019,61.05,56.83,66.2,58.54,11.92,59.86
2025-03-22 12:25:00,64.344,12208.666,40.131,347.447,117.067,59.66,55.91,65.65,57.37,11.2,59.86
2025-03-22 12:30:00,65.213,11985.085,40.247,346.798,115.452,60.85,57.53,66.97,59.26,11.16,59.86
2025-03-22 12:35:00,67.768,12033.86,39.879,357.731,112.689,60.51,57.29,66.76,58.6,9.83,59.87
2025-03-22 12:40:00,65.98,11842.707,39.803,349.24,111.745,61.12,56.87,67.56,59.43,11.58,59.87
2025-03-22 12:45:00,65.987,11766.132,40.484,352.799,110.301,61.12,56.81,67.02,58.85,11.42,59.88
2025-03-22 12:50:00,69.382,11962.515,40.228,351.359,117.091,60.31,57.26,65.92,58.87,12.95,59.88
2025-03-22 12:55:00,67.141,11847.013,40.556,349.465,108.293,61.1,57.15,66.6,58.96,10.27,59.88
2025-03-22 13:00:00,66.095,11952.425,40.529,354.224,114.44,60.47,56.81,66.61,58.87,13.76,59.89
2025-03-22 13:05:00,67.978,11876.869,40.584,344.647,114.371,60.23,55.91,66.24,57.85,11.99,59.89
2025-03-22 13:10:00,68.273,12176.019,40.329,349.58,111.887,59.79,55.64,65.8,57.22,11.31,59.89
2025-03-22 13:15:00,68.285,11735.291,39.92,352.042,115.894,59.18,55.57,65.79,57.29,12.78,59.9
2025-03-22 13:20:00,66.599,12158.777,39.84,348.713,114.613,60.81,56.04,66.13,58.17,12.21,59.9
2025-03-22 13:25:00,63.139,12118.803,40.28,352.939,112.667,61.08,56.76,67.04,59.02,11.84,59.91
2025-03-22 13:30:00,66.32,11821.526,39.581,357.506,113.214,61.04,56.5,66.1,58.94,10.55,59.91
2025-03-22 13:35:00,66.879,11851.831,40.903,351.449,112.329,62.03,58.09,67.79,59.69,11.58,59.91
2025-03-22 13:40:00,67.388,12331.093,39.787,352.083,115.111,62.83,58.55,68.96,61.18,11.39,59.92
2025-03-22 13:45:00,67.326,12460.5,40.651,349.388,118.914,63.22,58.9,68.73,61.67,11.48,59.92
2025-03-22 13:50:00,67.085,11962.479,40.279,343.78,119.495,62.91,58.95,68.95,61.79,12.55,59.92
2025-03-22 13:55:00,66.685,11567.609,39.68,350.84,111.665,63.23,58.86,69.58,61.47,12.78,59.92
2025-03-22 14:00:00,64.125,11964.395,40.084,355.938,116.309,62.31,58.75,68.35,60.43,9.9,59.93
2025-03-22 14:05:00,70.148,12010.735,39.846,351.69,111.152,60.7,57.66,66.71,58.91,12.87,59.93
2025-03-22 14:10:00,68.903,11793.062,40.132,351.571,113.36,61.31,57.78,67.15,58.64,12.09,59.93
2025-03-22 14:15:00,68.037,11845.115,39.68,353.811,116.624,60.78,56.88,67.67,59.64,11.86,59.94
2025-03-22 14:20:00,67.63,11654.531,39.813,352.606,113.175,61.92,57.64,67.34,60.21,11.83,59.94
2025-03-22 14:25:00,66.614,11881.347,39.84,354.154,115.326,61.46,57.53,66.83,59.22,11.04,59.94
2025-03-22 14:30:00,64.016,11781.782,39.62,356.667,109.405,60.76,57.19,67.33,59.31,11.34,59.94
2025-03-22 14:35:00,57.212,12066.771,39.732,353.35,114.074,60.39,55.78,66.09,56.84,11.89,59.95
2025-03-22 14:40:00,69.163,11827.785,40.646,348.993,112.799,60.44,56.66,67.0,57.99,11.57,59.95
2025-03-22 14:45:00,65.355,11906.021,40.874,353.055,112.481,59.9,56.12,65.19,58.96,11.6,59.95
2025-03-22 14:50:00,69.182,11974.627,40.321,349.999,111.158,60.47,57.03,66.88,58.86,12.16,59.95
2025-03-22 14:55:00,68.078,11822.946,39.913,352.181,119.855,61.03,57.04,68.07,59.69,12.2,59.96
2025-03-22 15:00:00,64.774,12231.186,39.564,346.998,119.311,62.74,58.61,69.13,61.26,11.2,59.96
2025-03-22 15:05:00,65.664,11834.863,40.015,343.219,116.009,63.12,59.08,69.16,61.42,10.81,59.96
2025-03-22 15:10:00,66.887,12191.884,40.001,356.949,113.318,64.01,60.27,69.94,61.91,11.01,59.96
2025-03-22 15:15:00,70.91,11992.028,39.931,345.043,112.94,63.79,59.9,69.85,61.63,10.62,59.97
2025-03-22 15:20:00,68.436,12133.541,39.562,350.935,115.816,63.09,58.04,68.77,60.5,12.67,59.97
2025-03-22 15:25:00,70.159,11827.642,40.475,357.245,117.409,64.12,59.92,69.59,61.32,12.25,59.97
2025-03-22 15:30:00,73.11,12109.509,40.299,347.534,115.963,64.51,60.6,71.15,62.82,11.3,59.97
2025-03-22 15:35:00,68.204,12063.302,39.062,355.37,115.223,64.25,60.55,70.57,62.89,10.81,59.97
2025-03-22 15:40:00,64.305,11954.792,40.273,353.592,117.645,64.58,61.06,69.97,62.69,10.45,59.98
2025-03-22 15:45:00,69.29,12174.605,39.991,351.257,118.586,65.54,60.27,70.51,62.84,9.96,59.98
2025-03-22 15:50:00,68.351,12323.822,40.51,351.927,120.063,63.99,60.28,70.26,62.3,11.94,59.98
2025-03-22 15:55:00,73.676,12147.968,40.403,353.255,116.272,64.16,59.58,69.43,61.43,12.21,59.98
2025-03-22 16:00:00,68.62,11829.84,39.821,349.964,118.466,64.43,60.14,69.9,61.38,9.9,59.98
2025-03-22 16:05:00,66.909,11985.577,40.018,341.936,115.532,63.94,59.46,69.27,60.95,10.51,59.98
2025-03-22 16:10:00,68.872,11912.048,40.176,345.794,119.528,64.58,60.38,70.01,62.74,10.34,59.98
2025-03-22 16:15:00,63.572,11804.046,40.611,355.872,116.082,62.77,59.23,69.46,60.94,11.12,59.99
2025-03-22 16:20:00,62.46,12110.101,39.692,351.488,118.315,63.92,59.84,69.04,61.17,9.54,59.99
2025-03-22 16:25:00,69.515,11854.806,40.597,352.917,114.487,62.75,58.22,68.67,60.2,9.68,59.99
2025-03-22 16:30:00,65.29,12045.835,39.951,353.653,123.809,62.53,57.96,67.94,60.41,10.14,59.99
2025-03-22 16:35:00,67.975,11852.787,39.907,353.438,114.651,62.88,58.46,68.14,60.53,9.57,59.99
2025-03-22 16:40:00,66.503,12266.048,39.856,351.453,113.057,61.36,56.9,66.54,58.91,11.33,59.99
2025-03-22 16:45:00,66.012,11925.396,39.566,350.643,115.007,61.05,56.7,67.76,59.31,10.83,59.99
2025-03-22 16:50:00,62.948,11933.453,39.544,349.235,115.23,61.77,56.33,66.97,59.23,9.37,59.99
2025-03-22 16:55:00,71.161,11909.272,39.059,350.746,122.007,62.53,57.95,67.3,59.18,9.48,59.99
2025-03-22 17:00:00,64.692,11974.775,40.593,361.681,121.062,61.58,57.61,68.03,59.71,10.13,60.0
2025-03-22 17:05:00,62.567,12066.651,40.108,360.321,114.714,61.19,57.67,67.44,59.62,9.7,60.0
2025-03-22 17:10:00,67.196,12174.182,40.365,359.258,111.835,61.71,57.31,68.23,60.52,10.9,60.0
2025-03-22 17:15:00,68.749,12015.979,39.43,353.069,121.204,62.78,59.03,69.06,61.2,9.95,60.0
2025-03-22 17:20:00,67.476,12104.475,40.222,351.069,119.987,62.92,58.5,69.0,61.76,8.75,60.0
2025-03-22 17:25:00,66.924,12064.426,39.377,350.757,116.434,62.4,58.71,68.65,60.24,9.12,60.0
2025-03-22 17:30:00,63.643,12064.767,39.603,353.414,115.803,62.94,58.18,68.4,60.41,9.0,60.0
2025-03-22 17:35:00,69.49,12021.005,39.778,357.748,116.659,62.77,58.7,68.34,60.7,9.72,60.0
2025-03-22 17:40:00,66.748,12010.476,40.585,349.493,116.03,63.29,59.58,69.93,61.98,9.88,60.0
2025-03-22 17:45:00,69.965,12077.036,40.309,354.043,119.713,64.09,59.86,70.09,62.13,9.06,60.0
2025-03-22 17:50:00,66.292,11839.549,40.199,350.37,118.859,65.09,61.29,70.91,62.41,8.78,60.0
2025-03-22 17:55:00,69.856,12353.171,39.732,354.814,117.447,65.01,61.67,72.07,63.47,8.21,60.0
2025-03-22 18:00:00,71.606,12025.557,39.596,349.031,119.526,65.56,61.38,71.21,63.34,9.02,60.0
2025-03-22 18:05:00,72.62,12109.623,39.806,349.776,119.452,64.68,60.85,71.07,63.2,7.58,60.0
2025-03-22 18:10:00,67.46,12280.313,40.163,352.868,119.216,66.04,61.59,70.75,63.19,9.34,60.0
2025-03-22 18:15:00,69.728,11913.522,40.135,352.64,122.59,65.33,61.5,71.64,63.92,8.77,60.0
2025-03-22 18:20:00,73.069,12490.04,40.108,354.286,116.121,66.14,62.29,72.66,64.8,8.46,60.0
2025-03-22 18:25:00,68.829,12408.479,39.513,344.149,120.768,65.28,61.5,71.51,63.57,6.47,60.0
2025-03-22 18:30:00,72.408,12315.593,40.115,343.67,115.768,64.71,59.96,70.81,62.68,9.66,60.0
2025-03-22 18:35:00,66.494,12237.298,40.795,352.805,116.994,64.48,61.06,70.77,62.58,5.98,60.0
2025-03-22 18:40:00,68.065,11945.975,39.705,351.29,119.82,65.09,61.77,71.74,63.41,8.46,60.0
2025-03-22 18:45:00,69.634,11924.57,40.047,353.082,120.656,65.53,62.18,72.57,62.99,7.55,60.0
2025-03-22 18:50:00,68.904,12322.025,39.902,351.73,121.201,65.27,61.56,71.66,63.92,8.33,60.0
2025-03-22 18:55:00,67.434,12110.86,39.39,353.304,114.131,64.93,60.64,70.96,62.8,6.99,60.0
2025-03-22 19:00:00,69.815,12032.064,40.442,355.318,111.125,64.56,59.69,69.5,61.68,7.19,60.0
2025-03-22 19:05:00,68.285,12090.582,40.217,344.315,118.139,63.86,60.55,70.33,62.0,7.14,59.99
2025-03-22 19:10:00,66.721,12303.627,39.613,351.616,113.786,65.4,61.13,71.63,63.19,7.49,59.99
2025-03-22 19:15:00,63.122,12295.142,39.994,347.654,116.745,65.32,60.85,72.14,63.86,7.14,59.99
2025-03-22 19:20:00,64.828,12123.145,39.343,349.811,115.147,64.39,60.53,69.9,61.88,7.17,59.99
2025-03-22 19:25:00,68.882,12267.985,39.541,347.993,121.57,64.65,61.37,70.76,62.24,6.67,59.99
2025-03-22 19:30:00,73.246,12041.441,39.603,345.001,115.718,64.77,61.59,70.53,63.12,6.82,59.99
2025-03-22 19:35:00,71.199,12075.819,40.402,344.103,114.842,64.87,60.46,70.45,62.53,4.74,59.99
2025-03-22 19:40:00,64.768,12096.129,39.175,357.676,118.898,64.65,59.57,71.21,62.58,6.36,59.99
2025-03-22 19:45:00,66.397,11877.83,39.76,349.463,118.939,64.74,60.76,70.35,62.82,7.06,59.99
2025-03-22 19:50:00,71.697,11921.619,38.942,345.616,117.812,63.93,59.93,70.26,61.97,5.37,59.98
2025-03-22 19:55:00,69.413,12615.105,39.647,349.246,117.708,63.66,58.91,69.0,61.54,6.32,59.98
2025-03-22 20:00:00,67.634,12220.595,39.466,353.598,117.331,62.91,58.42,68.89,60.87,5.21,59.98
2025-03-22 20:05:00,70.036,11901.668,39.577,353.501,115.413,63.87,58.63,69.11,61.0,6.08,59.98
2025-03-22 20:10:00,67.533,11813.724,39.49,350.635,119.953,62.84,58.86,69.07,61.18,4.82,59.98
2025-03-22 20:15:00,72.845,12171.095,40.386,357.122,114.543,64.33,59.7,70.67,61.81,4.52,59.98
2025-03-22 20:20:00,71.952,12172.061,39.404,359.265,116.811,64.94,60.75,70.65,62.23,5.43,59.98
2025-03-22 20:25:00,68.003,12406.419,39.57,351.502,115.483,63.67,59.59,69.71,62.64,5.84,59.97
2025-03-22 20:30:00,68.068,12382.938,39.798,354.693,117.413,63.77,59.88,70.01,62.25,4.75,59.97
2025-03-22 20:35:00,63.66,11926.524,39.34,349.051,118.445,62.43,58.47,69.55,61.07,3.94,59.97
2025-03-22 20:40:00,68.192,12047.736,39.308,353.994,116.438,62.96,58.73,68.48,59.9,5.54,59.97
2025-03-22 20:45:00,61.948,12221.953,39.339,355.378,110.46,62.8,57.72,67.74,59.93,4.3,59.97
2025-03-22 20:50:00,64.462,12129.173,39.374,355.617,113.549,63.02,58.94,69.54,60.79,5.43,59.96
2025-03-22 20:55:00,73.484,12215.602,38.948,356.728,116.145,63.32,59.25,68.52,61.38,3.84,59.96
2025-03-22 21:00:00,70.419,12186.669,38.706,352.502,114.124,63.25,59.17,68.82,62.1,5.74,59.96
2025-03-22 21:05:00,65.523,11926.522,39.824,351.822,116.508,63.23,59.01,69.4,61.48,4.63,59.96
2025-03-22 21:10:00,65.91,12151.512,39.693,348.956,114.127,62.53,58.54,68.22,60.94,4.76,59.95
2025-03-22 21:15:00,65.979,12241.631,39.451,352.245,111.713,61.91,57.78,68.19,60.65,3.82,59.95
2025-03-22 21:20:00,65.341,12070.582,40.122,354.147,117.806,62.35,57.77,68.39,59.51,3.98,59.95
2025-03-22 21:25:00,64.401,12049.373,39.452,354.177,112.173,60.1,56.75,67.52,59.96,4.6,59.95
2025-03-22 21:30:00,63.115,11907.533,39.452,353.009,115.581,61.27,57.98,67.78,60.23,3.21,59.94
2025-03-22 21:35:00,71.228,12257.666,39.192,347.29,113.35,63.15,58.08,68.57,60.86,3.59,59.94
2025-03-22 21:40:00,62.951,11967.388,38.641,349.114,113.029,62.21,57.81,68.32,59.91,2.83,59.94
2025-03-22 21:45:00,70.385,11898.957,39.828,350.825,111.22,62.92,59.3,68.82,60.41,4.1,59.94
2025-03-22 21:50:00,74.972,11738.571,39.176,356.79,116.137,61.33,57.13,67.65,60.41,2.85,59.93
2025-03-22 21:55:00,64.985,11985.424,39.872,345.163,116.913,60.04,55.71,67.21,58.01,4.07,59.93
2025-03-22 22:00:00,65.096,11824.855,38.923,347.228,114.562,59.67,56.79,65.99,58.66,2.94,59.93
2025-03-22 22:05:00,66.287,11609.937,39.086,353.423,113.682,60.96,57.06,66.46,58.61,3.11,59.92
2025-03-22 22:10:00,65.161,11883.79,39.326,350.184,112.599,60.62,56.27,66.5,58.12,2.98,59.92
2025-03-22 22:15:00,67.64,11780.305,39.05,357.974,116.008,60.66,56.64,66.82,59.3,1.43,59.92
2025-03-22 22:20:00,63.144,11854.987,39.815,342.099,116.947,60.81,57.28,66.32,59.24,2.88,59.92
2025-03-22 22:25:00,66.618,11958.072,39.745,355.104,111.829,61.15,57.71,67.36,59.19,1.31,59.91
2025-03-22 22:30:00,64.304,12077.019,39.331,350.675,114.478,60.52,58.27,67.51,59.11,3.55,59.91
2025-03-22 22:35:00,64.056,11656.019,39.683,354.775,114.794,61.12,57.19,67.73,59.39,3.82,59.91
2025-03-22 22:40:00,63.607,12120.689,39.335,355.926,114.679,61.09,56.81,67.52,58.62,3.34,59.9
2025-03-22 22:45:00,61.77,11823.553,39.514,357.173,112.893,61.31,55.95,67.25,58.48,1.49,59.9
2025-03-22 22:50:00,64.643,11794.137,39.061,348.544,116.121,60.78,56.76,66.64,59.42,1.85,59.89
2025-03-22 22:55:00,69.008,11985.74,39.261,347.07,112.011,60.97,57.85,67.49,58.94,3.74,59.89
2025-03-22 23:00:00,62.436,12313.854,39.532,354.894,110.09,61.58,57.59,67.94,59.71,2.62,59.89
2025-03-22 23:05:00,68.292,11855.712,38.231,349.635,112.548,62.21,57.81,67.98,59.54,3.12,59.88
2025-03-22 23:10:00,65.045,11785.264,39.035,354.314,115.557,63.05,58.02,68.49,60.47,3.01,59.88
2025-03-22 23:15:00,63.748,12049.234,38.966,352.869,117.584,62.94,58.64,68.2,60.91,0.62,59.88
2025-03-22 23:20:00,66.064,12021.661,39.759,348.963,112.424,62.25,58.28,68.06,59.36,1.48,59.87
2025-03-22 23:25:00,65.286,12059.706,39.518,350.456,116.657,62.25,58.18,68.41,60.51,2.59,59.87
2025-03-22 23:30:00,69.521,11771.849,38.745,352.447,113.28,63.07,59.62,68.51,60.9,1.58,59.86
2025-03-22 23:35:00,67.035,12106.495,39.336,350.029,115.099,63.83,59.28,69.19,61.14,3.06,59.86
2025-03-22 23:40:00,66.723,12128.228,38.897,348.575,115.609,63.84,60.19,69.74,62.1,1.32,59.86
2025-03-22 23:45:00,66.785,12116.033,38.961,352.924,117.359,65.92,61.02,71.79,63.79,0.46,59.85
2025-03-22 23:50:00,68.64,11987.853,39.692,351.216,114.928,64.99,60.77,70.81,62.59,1.78,59.85
2025-03-22 23:55:00,67.928,12171.993,38.98,347.941,115.006,64.99,60.92,70.48,62.99,1.71,59.84
2025-03-23 00:00:00,69.226,12265.177,39.67,348.172,119.068,64.61,61.02,71.39,62.62,1.06,59.84
2025-03-23 00:05:00,65.186,11677.116,39.249,347.718,115.327,64.69,60.42,70.15,62.13,1.12,59.83
2025-03-23 00:10:00,64.366,12259.702,38.902,353.717,119.451,63.91,59.85,69.9,62.18,1.63,59.83
2025-03-23 00:15:00,68.502,11969.84,39.352,351.368,112.273,63.03,59.75,69.7,61.9,2.06,59.83
2025-03-23 00:20:00,69.804,12198.11,39.87,353.191,113.646,63.1,58.97,69.5,61.47,1.61,59.82
2025-03-23 00:25:00,65.36,11968.886,39.556,348.323,116.466,64.07,59.05,69.36,61.82,0.6,59.82
2025-03-23 00:30:00,67.04,12070.107,39.005,351.483,115.063,62.65,58.9,69.01,61.39,1.45,59.81
2025-03-23 00:35:00,65.633,12002.043,39.386,357.712,117.911,62.99,58.97,68.24,61.17,1.13,59.81
2025-03-23 00:40:00,68.529,11916.207,39.171,348.523,111.797,64.02,59.51,69.47,61.84,1.44,59.8
2025-03-23 00:45:00,68.034,11877.214,39.082,351.791,110.554,63.56,58.81,69.93,62.0,1.96,59.8
2025-03-23 00:50:00,65.954,11700.915,39.61,345.735,113.484,62.71,57.7,68.79,60.22,2.12,59.79
2025-03-23 00:55:00,66.959,12189.076,39.108,348.85,113.753,61.58,58.49,67.78,60.31,-0.7,59.79
2025-03-23 01:00:00,67.435,12260.703,39.633,353.875,116.937,62.89,57.75,68.42,60.75,2.09,59.78
2025-03-23 01:05:00,64.699,11807.341,38.564,339.125,110.368,61.66,58.68,68.43,59.86,0.68,59.78
2025-03-23 01:10:00,64.833,11822.101,39.563,350.391,113.928,62.88,58.09,68.42,60.01,1.62,59.77
2025-03-23 01:15:00,65.202,12249.859,39.234,349.563,114.307,61.43,58.61,68.06,59.99,0.37,59.77
2025-03-23 01:20:00,63.809,12046.241,38.881,352.163,112.036,63.0,58.83,69.23,60.27,2.13,59.76
2025-03-23 01:25:00,64.873,12041.838,39.425,350.208,111.77,63.1,59.01,68.46,61.63,0.27,59.76
2025-03-23 01:30:00,70.058,11994.589,39.71,358.364,113.288,64.0,60.27,70.49,62.47,1.64,59.75
2025-03-23 01:35:00,66.39,12317.345,39.066,349.348,116.67,65.28,60.43,70.1,62.62,-0.09,59.75
2025-03-23 01:40:00,70.22,11938.485,39.24,347.312,115.704,65.92,60.86,71.48,62.98,1.86,59.74
2025-03-23 01:45:00,66.979,12046.287,39.469,358.211,118.459,64.86,60.3,72.11,63.3,0.26,59.74
2025-03-23 01:50:00,68.111,12126.884,39.57,352.441,113.251,64.3,61.04,70.56,62.72,0.32,59.73
2025-03-23 01:55:00,66.868,12368.508,39.341,346.482,114.44,64.37,60.12,70.62,62.49,1.37,59.72
2025-03-23 02:00:00,66.494,12099.485,39.356,354.076,111.827,63.49,58.78,69.3,60.84,1.96,59.72
2025-03-23 02:05:00,71.583,12136.706,39.181,342.455,117.525,64.42,60.51,70.32,61.91,0.54,59.71
2025-03-23 02:10:00,68.459,12269.989,38.978,351.802,113.483,64.15,60.92,70.21,62.51,1.46,59.71
2025-03-23 02:15:00,69.858,12092.732,38.604,342.542,116.56,64.5,60.31,70.78,62.52,2.72,59.7
2025-03-23 02:20:00,67.911,12208.543,39.727,352.373,115.781,65.43,60.91,71.46,63.25,0.13,59.7
2025-03-23 02:25:00,70.121,12200.499,39.02,350.454,117.666,66.07,62.19,71.59,64.23,1.26,59.69
2025-03-23 02:30:00,75.67,12240.524,38.744,353.933,120.421,66.14,61.35,72.84,63.84,1.6,59.68
2025-03-23 02:35:00,67.482,12188.311,39.144,345.539,113.16,66.3,62.69,71.57,64.31,2.07,59.68
2025-03-23 02:40:00,69.397,11896.357,39.592,348.679,120.209,65.85,61.45,72.02,64.13,1.91,59.67
2025-03-23 02:45:00,66.066,11992.22,39.846,349.312,112.648,64.41,60.78,70.66,62.73,-0.12,59.67
2025-03-23 02:50:00,68.529,12123.327,39.202,352.826,114.174,64.28,60.53,70.16,62.51,1.24,59.66
2025-03-23 02:55:00,70.626,12186.731,39.56,346.476,114.329,64.54,60.45,70.22,62.24,1.04,59.65
2025-03-23 03:00:00,68.347,12042.606,39.302,350.065,113.97,63.77,59.79,69.74,61.58,1.86,59.65
2025-03-23 03:05:00,63.948,12213.67,39.35,347.658,119.079,64.45,59.68,69.51,62.17,0.97,59.64
2025-03-23 03:10:00,69.789,11908.197,39.499,350.177,117.75,63.9,60.84,70.17,61.98,1.53,59.64
2025-03-23 03:15:00,67.049,12067.887,39.809,351.048,113.848,65.24,60.37,71.28,62.39,1.31,59.63
2025-03-23 03:20:00,68.677,12011.409,39.587,346.542,115.635,63.81,59.28,69.46,60.75,0.79,59.62
2025-03-23 03:25:00,70.212,12026.614,38.996,346.972,114.885,62.51,58.68,68.63,60.66,2.41,59.62
2025-03-23 03:30:00,65.256,12195.918,39.308,348.688,110.612,63.26,58.58,68.36,61.36,0.76,59.61
2025-03-23 03:35:00,68.82,11743.213,38.995,344.587,111.913,62.98,58.29,68.23,60.87,1.53,59.6
2025-03-23 03:40:00,65.771,12038.419,39.29,350.626,111.712,63.24,59.33,68.42,60.15,1.89,59.6
2025-03-23 03:45:00,67.766,12038.532,39.587,340.344,119.218,62.86,58.07,68.92,60.6,2.42,59.59
2025-03-23 03:50:00,65.378,11844.979,39.278,352.911,115.999,63.9,58.96,69.1,59.92,0.54,59.58
2025-03-23 03:55:00,66.606,11793.526,38.746,355.585,117.488,61.23,58.01,67.78,59.23,2.41,59.58
2025-03-23 04:00:00,73.454,11528.147,38.618,346.332,110.99,62.89,58.44,67.71,60.67,0.71,59.57
2025-03-23 04:05:00,64.456,12039.148,39.301,348.772,115.469,62.8,58.97,68.24,60.18,1.59,59.56
2025-03-23 04:10:00,67.269,11824.713,39.328,352.387,111.093,61.68,57.2,67.75,58.88,2.23,59.56
2025-03-23 04:15:00,69.31,11922.835,39.95,347.254,110.414,61.97,57.67,68.13,59.54,2.52,59.55
2025-03-23 04:20:00,63.017,11998.366,39.667,342.035,107.367,61.54,57.4,68.03,60.07,3.09,59.54
2025-03-23 04:25:00,66.906,11802.774,39.383,344.284,110.873,62.0,57.82,67.64,58.48,2.78,59.54
2025-03-23 04:30:00,64.495,11968.684,39.128,346.243,110.402,61.1,57.68,67.77,59.37,2.2,59.53
2025-03-23 04:35:00,66.685,12276.218,39.165,348.981,113.686,63.22,58.94,68.38,61.14,1.87,59.52
2025-03-23 04:40:00,67.635,12198.292,39.849,354.279,113.477,63.39,58.53,69.5,61.9,2.17,59.52
2025-03-23 04:45:00,66.948,12296.997,38.978,344.524,116.168,64.58,60.05,70.29,61.86,2.07,59.51
2025-03-23 04:50:00,68.414,11819.51,38.769,345.135,114.534,64.92,60.97,71.56,63.28,1.54,59.5
2025-03-23 04:55:00,72.029,12151.516,40.404,346.131,117.695,66.47,62.11,72.82,64.53,3.5,59.5
2025-03-23 05:00:00,71.264,12183.968,39.625,341.316,122.057,66.87,63.59,73.41,65.04,2.73,59.49
2025-03-23 05:05:00,70.408,12144.767,39.369,346.442,117.221,67.09,63.71,72.57,65.67,3.27,59.48
2025-03-23 05:10:00,75.649,12206.123,39.76,345.598,115.302,68.17,63.91,73.04,66.01,2.5,59.47
2025-03-23 05:15:00,71.648,12038.202,39.102,342.794,117.412,67.98,63.73,73.93,65.09,3.45,59.47
2025-03-23 05:20:00,68.347,11864.196,39.936,342.656,115.446,66.55,63.76,73.36,66.12,3.01,59.46
2025-03-23 05:25:00,68.822,12300.675,39.535,349.723,119.352,68.45,63.37,73.97,65.35,5.71,59.45
2025-03-23 05:30:00,75.653,12155.764,39.243,337.707,120.876,68.1,63.55,74.44,65.83,3.43,59.44
2025-03-23 05:35:00,73.183,12314.601,40.006,345.659,120.682,68.56,64.31,74.02,66.55,4.09,59.44
2025-03-23 05:40:00,73.237,12067.896,39.496,352.973,116.962,67.71,63.47,73.67,65.4,4.04,59.43
2025-03-23 05:45:00,65.494,12032.84,39.026,339.589,117.839,67.95,64.6,73.75,66.46,4.57,59.42
2025-03-23 05:50:00,70.323,12518.898,39.32,348.258,116.879,67.92,64.13,73.87,66.6,4.09,59.42
2025-03-23 05:55:00,68.625,12302.975,39.196,342.684,117.978,68.26,64.2,73.37,65.21,3.37,59.41
2025-03-23 06:00:00,72.646,12532.095,39.144,342.931,113.54,69.21,64.8,74.32,67.02,4.3,59.4
2025-03-23 06:05:00,73.783,12247.172,39.834,345.601,115.938,69.26,65.87,74.2,66.6,3.34,59.39
2025-03-23 06:10:00,73.606,12136.958,39.689,344.203,115.63,68.83,65.13,74.59,66.94,3.26,59.38
2025-03-23 06:15:00,75.303,12000.265,39.507,336.513,120.471,68.62,64.61,75.38,66.7,5.23,59.38
2025-03-23 06:20:00,69.484,11930.894,39.467,339.368,118.304,69.1,65.55,75.47,67.49,4.41,59.37
2025-03-23 06:25:00,72.114,12022.012,39.822,337.205,118.367,68.96,65.03,75.16,66.99,3.78,59.36
2025-03-23 06:30:00,72.242,12191.604,39.596,336.829,114.263,69.42,65.37,76.08,68.01,5.01,59.35
2025-03-23 06:35:00,74.512,11967.793,38.802,337.089,114.465,70.52,66.4,76.65,68.12,4.45,59.35
2025-03-23 06:40:00,74.511,12089.288,39.496,336.53,118.058,70.83,65.96,76.18,68.56,5.02,59.34
2025-03-23 06:45:00,72.606,12193.003,39.231,342.972,119.94,69.84,65.97,77.11,69.16,4.96,59.33
2025-03-23 06:50:00,74.749,12331.105,39.899,331.37,120.249,71.44,67.0,77.1,69.58,4.4,59.32
2025-03-23 06:55:00,72.571,12283.127,39.413,337.29,124.079,70.7,67.55,77.09,69.31,4.73,59.32
2025-03-23 07:00:00,75.6,12277.565,39.749,337.455,121.664,71.05,67.35,77.29,69.79,5.18,59.31
2025-03-23 07:05:00,73.986,12025.247,39.945,340.608,116.515,71.85,67.74,77.34,69.81,4.89,59.3
2025-03-23 07:10:00,77.764,12328.878,39.759,343.165,118.512,70.59,65.82,75.64,68.15,5.99,59.29
2025-03-23 07:15:00,78.722,12061.327,39.941,342.067,114.533,69.93,65.98,76.5,68.09,5.17,59.28
2025-03-23 07:20:00,72.7,12190.7,39.402,338.966,123.035,69.72,65.58,75.59,67.9,6.04,59.28
2025-03-23 07:25:00,73.028,11933.291,39.493,342.475,117.121,70.82,66.83,75.7,68.8,6.08,59.27
2025-03-23 07:30:00,70.876,12205.539,39.119,333.555,116.974,70.49,66.58,76.2,68.49,5.91,59.26
2025-03-23 07:35:00,69.106,11913.109,39.657,346.232,112.286,70.33,66.92,75.67,68.31,6.61,59.25
2025-03-23 07:40:00,68.69,12028.083,39.228,336.973,117.299,69.17,64.68,75.22,66.67,7.58,59.24
2025-03-23 07:45:00,72.173,12286.257,39.656,343.898,120.487,69.3,65.77,75.85,66.96,5.95,59.23
2025-03-23 07:50:00,71.502,11801.026,39.735,344.438,118.43,68.85,64.87,75.0,66.42,5.17,59.23
2025-03-23 07:55:00,70.881,12043.64,39.273,344.87,113.157,68.44,64.69,73.79,65.87,5.01,59.22
2025-03-23 08:00:00,74.06,12232.001,39.534,344.329,116.593,66.9,63.47,74.16,66.1,8.35,59.21
2025-03-23 08:05:00,71.251,12122.433,39.915,340.112,118.68,68.29,64.15,74.03,65.92,6.61,59.2
2025-03-23 08:10:00,74.576,12206.542,39.637,337.741,114.789,67.68,65.17,74.22,66.22,4.63,59.19
2025-03-23 08:15:00,71.697,12030.729,39.388,347.428,117.235,68.68,64.75,74.63,66.59,7.58,59.19
2025-03-23 08:20:00,70.679,11991.715,40.145,341.033,114.92,68.59,64.38,74.86,66.41,7.69,59.18
2025-03-23 08:25:00,73.899,12083.087,39.989,334.243,112.892,67.37,63.93,74.26,65.49,8.59,59.17
2025-03-23 08:30:00,69.505,12267.259,39.387,336.905,117.421,68.31,64.58,74.56,66.58,9.11,59.16
2025-03-23 08:35:00,67.803,12118.196,39.32,338.028,112.516,68.15,64.03,73.51,66.19,6.16,59.15
2025-03-23 08:40:00,72.05,12025.288,39.47,341.771,117.016,67.0,63.31,74.0,65.02,8.92,59.14
2025-03-23 08:45:00,69.475,12479.845,39.67,338.278,116.294,67.36,63.19,73.15,64.72,7.58,59.14
2025-03-23 08:50:00,74.726,11980.125,40.633,344.465,115.003,67.8,63.75,74.22,64.97,9.47,59.13
2025-03-23 08:55:00,70.043,12200.677,39.296,334.295,118.677,68.62,64.94,75.66,66.63,7.73,59.12
2025-03-23 09:00:00,76.262,11887.13,39.867,338.515,117.282,69.58,65.39,76.0,67.19,9.37,59.11
2025-03-23 09:05:00,74.009,12168.619,39.585,342.631,119.022,70.93,66.69,76.73,68.7,7.71,59.1
2025-03-23 09:10:00,74.105,12007.639,39.535,334.096,119.967,71.1,67.01,76.48,68.83,8.22,59.09
2025-03-23 09:15:00,70.419,12318.736,40.171,336.064,121.443,70.17,65.87,76.51,68.01,9.05,59.09
2025-03-23 09:20:00,72.358,12223.053,39.884,337.675,117.238,70.59,66.48,76.6,68.47,9.76,59.08
2025-03-23 09:25:00,73.992,11784.72,39.793,342.961,119.379,70.43,66.08,75.93,68.02,8.64,59.07
2025-03-23 09:30:00,72.134,11998.864,39.88,334.222,115.738,70.11,66.72,76.32,67.87,8.84,59.06
2025-03-23 09:35:00,71.585,12208.765,39.39,333.789,119.188,69.34,65.38,75.71,66.61,8.65,59.05
2025-03-23 09:40:00,69.503,11931.296,39.742,343.589,118.423,68.74,65.7,75.22,67.66,7.83,59.04
2025-03-23 09:45:00,75.383,11849.409,39.921,335.781,117.302,68.72,64.4,75.23,66.8,9.45,59.03
2025-03-23 09:50:00,73.968,12288.564,39.174,337.025,118.397,69.31,65.15,75.73,67.38,9.64,59.03
2025-03-23 09:55:00,72.186,12179.002,39.21,333.853,120.723,70.06,65.53,75.77,68.54,8.27,59.02
2025-03-23 10:00:00,70.705,12189.684,39.937,333.004,114.602,69.81,65.44,76.01,67.3,9.07,59.01
2025-03-23 10:05:00,73.348,11998.24,39.235,330.37,116.621,68.39,63.92,74.22,65.97,9.54,59.0
2025-03-23 10:10:00,67.613,12029.518,39.799,341.56,122.112,67.61,63.79,73.49,65.32,9.93,58.99
2025-03-23 10:15:00,70.294,11906.943,39.211,339.489,117.37,68.13,63.52,73.47,66.43,10.44,58.98
2025-03-23 10:20:00,71.063,12038.245,40.166,343.299,118.856,68.48,63.75,73.82,66.34,9.59,58.97
2025-03-23 10:25:00,70.997,12030.202,39.696,342.117,115.716,67.65,63.34,73.5,66.0,10.39,58.97
2025-03-23 10:30:00,70.433,12077.751,39.596,339.631,117.435,67.26,63.7,73.59,65.62,9.34,58.96
2025-03-23 10:35:00,72.229,11827.889,39.71,332.95,112.942,67.21,62.99,73.28,65.16,10.95,58.95
2025-03-23 10:40:00,70.553,12039.537,39.67,341.799,110.972,66.68,63.17,73.06,65.04,10.68,58.94
2025-03-23 10:45:00,71.354,11962.072,39.747,342.879,113.568,66.93,62.5,72.54,65.16,10.85,58.93
2025-03-23 10:50:00,75.998,11822.091,39.372,346.025,123.164,67.52,64.28,73.65,66.28,10.69,58.92
2025-03-23 10:55:00,71.201,11858.392,40.043,334.607,115.565,67.75,65.4,75.21,66.74,9.7,58.91
2025-03-23 11:00:00,75.052,12087.351,39.318,336.742,121.532,68.96,65.05,75.29,66.6,10.61,58.9
2025-03-23 11:05:00,73.495,11874.469,40.044,332.319,117.339,68.21,64.49,74.66,67.19,10.95,58.9
2025-03-23 11:10:00,71.775,11894.251,39.533,336.543,115.763,68.19,63.96,73.02,65.49,11.39,58.89
2025-03-23 11:15:00,70.305,11965.297,39.819,331.549,114.558,66.71,62.67,71.72,64.43,11.96,58.88
2025-03-23 11:20:00,69.794,11940.141,39.609,338.207,113.421,67.09,63.08,72.19,64.24,12.01,58.87
2025-03-23 11:25:00,70.094,11798.441,40.406,341.425,113.235,66.54,61.92,72.32,63.64,11.6,58.86
2025-03-23 11:30:00,65.708,11906.48,39.661,339.147,120.114,66.04,61.92,72.02,63.97,11.41,58.85
2025-03-23 11:35:00,69.594,12033.889,39.754,336.182,112.93,64.96,60.57,70.68,62.55,10.44,58.84
2025-03-23 11:40:00,69.685,11725.267,39.916,334.853,115.445,65.36,62.08,71.57,62.64,11.35,58.83
2025-03-23 11:45:00,70.739,11921.495,40.058,330.797,111.802,65.55,61.88,71.5,64.28,11.33,58.83
2025-03-23 11:50:00,68.709,11753.103,40.123,343.14,114.82,64.81,60.5,70.65,64.21,11.69,58.82
2025-03-23 11:55:00,70.287,12011.188,40.237,342.216,114.075,64.47,60.71,71.6,63.72,10.63,58.81
2025-03-23 12:00:00,68.767,12130.324,40.465,334.177,116.43,64.9,61.37,70.64,62.24,13.61,58.8
2025-03-23 12:05:00,67.634,12122.887,39.872,343.808,118.5,65.39,60.86,70.88,64.22,11.69,58.79
2025-03-23 12:10:00,68.89,11690.855,39.775,343.165,110.516,65.14,60.79,71.4,62.96,11.22,58.78
2025-03-23 12:15:00,70.028,11676.982,40.478,339.904,103.307,64.36,60.13,70.09,62.15,11.6,58.77
2025-03-23 12:20:00,65.346,11918.015,39.871,341.477,112.597,64.2,60.81,70.72,62.82,10.71,58.77
2025-03-23 12:25:00,68.095,11924.295,39.793,334.25,109.191,64.95,60.07,70.28,62.44,12.27,58.76
2025-03-23 12:30:00,67.144,11767.096,39.657,340.224,115.399,64.5,60.51,69.98,62.3,12.63,58.75
2025-03-23 12:35:00,73.383,11710.265,39.681,332.414,114.336,64.43,61.27,71.31,62.92,10.89,58.74
2025-03-23 12:40:00,67.798,11853.026,39.894,338.625,112.303,64.06,60.71,70.54,63.31,11.2,58.73
2025-03-23 12:45:00,65.425,11609.093,40.105,339.215,114.365,64.25,60.4,70.32,63.02,11.21,58.72
2025-03-23 12:50:00,66.5,11824.136,39.441,338.67,111.748,64.23,59.63,69.36,62.2,12.83,58.71
2025-03-23 12:55:00,69.144,11937.895,40.215,338.07,115.023,65.34,61.43,72.42,63.19,13.25,58.7
2025-03-23 13:00:00,67.34,11960.18,39.958,345.209,111.623,64.15,60.87,70.95,62.1,12.91,58.7
2025-03-23 13:05:00,67.275,12077.621,40.111,334.246,115.805,64.59,61.63,71.27,62.72,12.41,58.69
2025-03-23 13:10:00,69.838,12053.947,40.237,334.733,113.658,64.87,60.71,71.1,62.98,12.41,58.68
2025-03-23 13:15:00,68.977,12132.827,40.263,335.229,109.482,66.09,62.81,72.4,64.62,11.16,58.67
2025-03-23 13:20:00,69.142,12015.63,39.315,339.69,115.031,66.16,61.82,71.95,65.3,11.57,58.66
2025-03-23 13:25:00,70.512,11868.092,40.08,332.546,112.018,66.53,61.5,71.59,63.4,12.32,58.65
2025-03-23 13:30:00,75.866,11830.088,40.162,343.492,112.053,65.84,61.58,72.04,64.14,11.64,58.64
2025-03-23 13:35:00,69.747,11689.226,39.503,332.749,111.184,66.7,61.7,72.94,64.36,10.99,58.63
2025-03-23 13:40:00,72.692,12259.712,40.066,329.358,114.401,65.92,61.6,71.86,65.43,12.13,58.63
2025-03-23 13:45:00,68.981,11745.908,40.827,335.401,112.418,66.16,61.1,71.28,63.17,11.88,58.62
2025-03-23 13:50:00,69.061,11816.392,39.874,331.721,108.651,65.08,60.57,71.33,63.6,10.95,58.61
2025-03-23 13:55:00,71.678,11711.784,39.977,337.805,113.691,64.26,61.04,71.49,63.56,12.34,58.6
2025-03-23 14:00:00,67.989,12088.86,39.777,332.588,107.957,65.13,60.16,70.54,62.6,10.58,58.59
2025-03-23 14:05:00,64.774,11871.451,39.265,340.5,109.74,64.76,60.68,70.59,62.44,11.8,58.58
2025-03-23 14:10:00,68.488,11853.942,39.841,340.01,115.513,63.28,60.41,69.77,61.56,12.28,58.57
2025-03-23 14:15:00,69.968,11794.703,39.798,333.985,112.91,64.83,61.41,70.35,63.1,11.92,58.57
2025-03-23 14:20:00,71.58,11843.667,38.915,324.959,114.808,64.17,60.33,70.85,62.44,11.26,58.56
2025-03-23 14:25:00,68.413,11950.265,40.428,329.367,109.552,66.22,61.4,71.52,63.81,11.18,58.55
2025-03-23 14:30:00,69.069,11519.184,39.318,328.83,109.829,64.37,60.47,70.55,62.49,11.8,58.54
2025-03-23 14:35:00,67.393,11708.813,39.839,333.656,111.924,64.14,60.95,70.03,62.6,11.46,58.53
2025-03-23 14:40:00,70.649,11568.721,39.88,330.918,110.214,65.33,61.57,71.55,63.19,10.68,58.52
2025-03-23 14:45:00,75.193,11774.008,39.57,330.545,109.65,65.13,60.7,70.82,62.87,11.68,58.51
2025-03-23 14:50:00,71.493,11889.708,40.165,331.173,114.496,64.83,61.54,71.07,63.52,12.1,58.51
2025-03-23 14:55:00,70.931,11910.634,39.997,337.428,111.214,65.12,61.01,70.67,62.27,11.96,58.5
2025-03-23 15:00:00,71.834,11995.69,40.632,331.067,115.778,65.33,60.77,71.43,63.26,12.35,58.49
2025-03-23 15:05:00,69.694,11877.284,39.338,328.788,111.078,64.88,60.54,70.99,63.22,9.34,58.48
2025-03-23 15:10:00,72.092,11926.347,39.871,334.097,111.243,64.15,60.35,69.9,61.73,10.83,58.47
2025-03-23 15:15:00,69.854,11602.777,39.776,337.644,112.187,62.75,59.04,69.39,62.23,10.05,58.46
2025-03-23 15:20:00,68.879,11592.196,40.137,330.126,109.475,63.49,59.72,69.62,62.08,12.15,58.46
2025-03-23 15:25:00,69.928,11300.029,40.123,333.477,111.198,63.98,59.69,69.01,61.89,11.49,58.45
2025-03-23 15:30:00,69.163,11711.638,40.388,334.786,109.015,62.25,58.6,69.63,60.58,11.24,58.44
2025-03-23 15:35:00,67.664,11400.768,40.215,334.502,110.442,62.11,58.92,67.84,60.0,11.73,58.43
2025-03-23 15:40:00,69.153,11560.515,39.743,337.706,107.454,60.83,58.26,67.55,59.78,11.5,58.42
2025-03-23 15:45:00,69.965,11578.341,39.852,328.734,112.1,62.5,58.79,68.59,61.09,11.75,58.41
2025-03-23 15:50:00,70.049,12047.072,40.06,326.427,107.455,61.41,57.39,67.7,60.59,10.54,58.41
2025-03-23 15:55:00,65.842,11631.138,39.531,332.696,112.043,61.87,58.24,67.97,59.45,9.93,58.4
2025-03-23 16:00:00,68.221,11517.943,39.936,338.109,112.226,62.23,57.9,67.79,59.64,11.63,58.39
2025-03-23 16:05:00,67.237,11712.533,39.408,338.827,106.309,60.8,57.3,67.71,59.28,11.99,58.38
2025-03-23 16:10:00,69.524,11854.013,40.105,337.073,109.461,61.59,58.22,67.47,59.68,12.96,58.37
2025-03-23 16:15:00,63.688,11491.838,40.26,330.991,108.824,61.66,57.99,68.17,59.78,13.49,58.37
2025-03-23 16:20:00,65.64,11710.121,39.624,337.71,107.717,61.54,57.42,67.53,60.12,11.02,58.36
2025-03-23 16:25:00,63.414,11902.262,39.429,333.841,110.309,61.13,58.19,68.0,59.98,10.64,58.35
2025-03-23 16:30:00,68.382,11379.646,39.383,332.888,107.425,61.21,57.24,66.95,59.47,9.27,58.34
2025-03-23 16:35:00,65.132,11601.145,39.655,333.848,107.354,59.77,55.66,66.83,57.46,10.58,58.33
2025-03-23 16:40:00,67.774,11583.347,39.969,336.819,105.068,60.81,56.88,66.64,57.49,10.31,58.32
2025-03-23 16:45:00,64.069,11407.036,39.545,331.088,104.174,58.9,54.76,64.75,56.42,10.35,58.32
2025-03-23 16:50:00,70.434,11406.103,39.791,330.048,109.407,59.52,55.06,65.6,57.85,8.83,58.31
2025-03-23 16:55:00,61.141,11658.167,39.476,342.742,102.203,59.18,55.6,65.95,57.85,11.07,58.3
2025-03-23 17:00:00,68.766,11827.633,39.865,333.562,107.623,60.27,55.42,65.59,57.29,10.47,58.29
2025-03-23 17:05:00,62.711,11705.421,40.068,330.822,107.267,59.91,55.33,65.58,57.6,10.4,58.28
2025-03-23 17:10:00,69.882,11240.655,39.694,331.685,110.326,59.33,55.47,65.56,57.45,10.49,58.28
2025-03-23 17:15:00,67.498,11422.191,39.54,335.211,105.656,59.34,56.07,65.14,57.73,8.63,58.27
2025-03-23 17:20:00,64.129,11316.467,39.19,335.068,105.333,59.95,56.01,65.72,58.19,9.27,58.26
2025-03-23 17:25:00,64.455,11480.086,39.69,338.82,105.019,60.09,55.4,66.17,57.57,9.87,58.25
2025-03-23 17:30:00,62.936,11621.901,39.852,332.701,108.502,59.46,54.37,64.73,56.39,9.35,58.25
2025-03-23 17:35:00,65.715,11430.287,39.265,338.517,108.738,57.65,53.63,64.33,55.69,8.85,58.24
2025-03-23 17:40:00,64.703,11717.198,39.245,340.772,104.765,56.93,53.65,63.2,55.35,9.03,58.23
2025-03-23 17:45:00,61.941,11825.102,39.137,336.403,105.584,57.03,52.66,63.44,55.14,9.02,58.22
2025-03-23 17:50:00,61.601,11302.765,39.217,336.212,107.211,58.09,53.56,64.14,55.05,9.47,58.22
2025-03-23 17:55:00,67.356,11448.214,39.747,341.791,110.962,58.23,54.23,64.64,56.91,7.21,58.21
2025-03-23 18:00:00,67.709,11763.216,39.763,339.775,103.221,59.54,54.55,64.37,56.09,10.04,58.2
2025-03-23 18:05:00,65.386,11501.742,39.631,324.337,105.5,58.21,54.25,64.13,56.59,8.25,58.19
2025-03-23 18:10:00,62.393,11596.076,39.568,329.486,105.088,57.53,53.92,63.82,55.51,9.01,58.18
2025-03-23 18:15:00,64.144,11648.242,39.164,339.305,101.914,58.11,53.41,63.85,55.78,8.8,58.18
2025-03-23 18:20:00,65.362,11663.526,39.342,342.872,101.57,56.74,52.5,63.89,55.18,8.06,58.17
2025-03-23 18:25:00,64.905,11280.837,39.32,333.2,102.475,56.6,51.95,62.24,55.33,8.92,58.16
2025-03-23 18:30:00,62.72,11492.279,39.656,333.671,105.066,56.42,52.69,61.87,54.1,7.85,58.16
2025-03-23 18:35:00,64.059,11768.052,39.802,334.519,106.152,55.7,52.16,61.85,53.76,8.87,58.15
2025-03-23 18:40:00,63.947,11516.699,39.117,331.191,104.646,56.81,52.31,62.06,54.87,7.97,58.14
2025-03-23 18:45:00,66.363,11392.373,39.0,334.767,101.682,57.35,52.94,63.52,55.72,8.1,58.13
2025-03-23 18:50:00,65.055,11401.949,39.618,331.525,99.319,56.9,52.56,61.42,54.8,8.67,58.13
2025-03-23 18:55:00,67.458,11450.484,39.678,335.784,105.743,54.55,52.48,61.11,53.17,8.1,58.12
2025-03-23 19:00:00,59.881,11256.365,39.355,331.795,105.304,54.92,51.04,61.32,53.36,7.77,58.11
2025-03-23 19:05:00,64.751,11498.132,39.93,330.679,100.45,55.34,51.86,60.96,53.77,7.53,58.1
2025-03-23 19:10:00,62.409,11113.293,39.164,334.972,102.018,53.79,50.64,59.84,52.41,7.98,58.1
2025-03-23 19:15:00,65.56,11571.815,39.612,335.44,105.419,55.69,51.25,61.27,53.29,8.19,58.09
2025-03-23 19:20:00,64.054,11162.599,40.158,336.465,105.382,54.56,50.76,60.8,53.43,8.95,58.08
2025-03-23 19:25:00,61.193,11209.389,39.362,345.259,105.991,55.54,51.29,60.78,53.59,6.08,58.08
2025-03-23 19:30:00,61.703,11241.766,39.276,339.917,100.076,54.63,50.79,61.78,53.23,6.59,58.07
2025-03-23 19:35:00,65.436,11216.458,39.47,331.92,108.281,54.51,50.19,59.74,52.1,6.42,58.06
2025-03-23 19:40:00,61.364,11305.655,39.03,334.218,102.922,54.4,50.37,60.61,52.94,5.01,58.06
2025-03-23 19:45:00,66.05,11590.63,39.115,335.931,96.278,53.97,50.72,60.25,53.0,6.08,58.05
2025-03-23 19:50:00,64.692,11280.987,38.366,335.783,103.055,53.52,49.59,59.96,52.13,6.69,58.04
2025-03-23 19:55:00,63.878,11358.469,39.513,334.562,103.552,54.26,49.88,59.77,51.62,5.33,58.04
2025-03-23 20:00:00,61.06,10988.292,39.214,335.715,103.021,52.92,49.35,59.5,50.76,5.28,58.03
2025-03-23 20:05:00,59.371,11445.776,38.903,341.631,101.031,52.71,48.95,58.67,50.93,5.52,58.02
2025-03-23 20:10:00,62.227,11049.529,39.105,338.519,103.291,52.97,48.09,58.82,50.73,5.95,58.02
2025-03-23 20:15:00,60.614,11563.632,39.461,342.115,104.19,53.02,48.4,59.25,51.2,6.45,58.01
2025-03-23 20:20:00,60.915,11243.678,39.161,338.317,98.102,52.9,49.03,58.46,51.37,6.64,58.0
2025-03-23 20:25:00,58.607,11165.215,39.949,332.698,99.913,51.75,47.92,57.91,50.44,5.91,58.0
2025-03-23 20:30:00,63.559,11290.328,39.915,334.805,102.11,51.72,48.02,58.35,50.31,5.32,57.99
2025-03-23 20:35:00,62.43,11308.668,39.92,345.326,99.783,51.97,48.52,58.7,50.27,5.11,57.98
2025-03-23 20:40:00,64.055,11124.471,39.483,341.27,103.362,52.26,48.84,57.79,49.63,5.85,57.98
2025-03-23 20:45:00,60.307,10972.737,38.994,328.96,104.437,52.26,48.68,57.76,50.43,5.03,57.97
2025-03-23 20:50:00,65.23,11279.227,38.933,331.775,99.197,53.33,48.59,58.87,50.83,3.78,57.96
2025-03-23 20:55:00,62.831,11276.862,39.719,332.702,101.642,52.78,48.69,58.86,50.81,4.77,57.96
2025-03-23 21:00:00,56.678,11154.885,39.8,326.755,98.151,52.05,48.3,59.36,51.09,3.12,57.95
2025-03-23 21:05:00,57.222,11602.389,39.28,342.264,100.032,52.65,48.19,57.96,50.43,3.91,57.95
2025-03-23 21:10:00,61.101,11189.884,39.057,333.791,98.635,51.97,49.18,58.27,50.98,4.89,57.94
2025-03-23 21:15:00,60.241,11218.061,38.551,333.625,102.909,53.85,48.79,59.23,51.62,3.66,57.93
2025-03-23 21:20:00,62.416,11650.141,38.734,335.127,101.531,53.03,49.16,59.6,50.73,3.11,57.93
2025-03-23 21:25:00,63.686,11247.436,39.868,340.857,100.001,53.43,49.0,58.8,50.54,4.26,57.92
2025-03-23 21:30:00,59.874,11272.211,38.708,334.281,102.01,53.19,49.14,59.8,51.5,4.44,57.92
2025-03-23 21:35:00,62.786,11367.131,39.043,334.157,99.309,53.57,49.44,60.18,52.01,5.33,57.91
2025-03-23 21:40:00,60.42,11246.221,39.268,334.785,105.118,54.68,51.08,61.28,53.22,3.8,57.9
2025-03-23 21:45:00,61.957,11384.615,38.587,331.131,103.844,55.14,51.25,61.18,52.77,2.89,57.9
2025-03-23 21:50:00,65.971,11413.511,39.561,339.518,108.223,55.05,51.94,62.15,53.41,5.04,57.89
2025-03-23 21:55:00,64.752,11547.131,39.393,338.035,105.277,56.2,51.64,62.12,54.33,2.78,57.89
2025-03-23 22:00:00,64.579,11328.303,39.394,322.099,96.712,56.33,51.75,62.61,54.19,2.52,57.88
2025-03-23 22:05:00,64.421,11069.553,39.153,336.295,98.829,57.03,52.68,62.61,54.73,3.29,57.88
2025-03-23 22:10:00,61.53,11105.888,39.196,336.244,103.422,56.47,52.46,61.72,54.76,3.08,57.87
2025-03-23 22:15:00,69.245,11378.162,39.361,327.826,103.901,56.06,53.28,62.4,55.06,3.9,57.86
2025-03-23 22:20:00,66.638,11385.665,39.091,334.357,109.88,57.13,52.73,62.34,55.08,3.94,57.86
2025-03-23 22:25:00,61.798,11687.062,38.75,330.588,106.577,57.44,53.51,63.54,54.84,2.29,57.85
2025-03-23 22:30:00,65.009,11273.899,39.218,328.763,102.178,57.46,53.78,64.11,55.85,3.44,57.85
2025-03-23 22:35:00,67.537,11872.371,39.521,333.507,103.143,58.06,53.75,64.11,56.43,2.64,57.84
2025-03-23 22:40:00,66.136,11481.145,39.84,331.31,107.128,57.71,53.16,63.42,55.31,2.93,57.84
2025-03-23 22:45:00,68.702,11679.74,39.436,330.789,103.736,57.33,53.38,63.07,55.13,4.84,57.83
2025-03-23 22:50:00,65.787,11860.697,38.903,327.262,102.493,58.05,54.64,64.39,56.26,1.14,57.83
2025-03-23 22:55:00,70.042,11538.582,39.196,332.569,105.097,58.88,54.73,64.1,56.62,1.98,57.82
2025-03-23 23:00:00,60.379,11382.968,38.969,333.225,104.419,58.73,54.88,64.65,57.04,2.69,57.82
2025-03-23 23:05:00,66.586,11703.587,39.087,333.909,112.064,58.69,54.18,65.27,56.94,1.17,57.81
2025-03-23 23:10:00,66.115,11473.985,38.88,335.835,106.978,58.74,53.63,64.18,55.6,2.3,57.81
2025-03-23 23:15:00,66.68,11654.944,39.139,327.79,103.416,58.3,54.54,65.34,56.72,3.2,57.8
2025-03-23 23:20:00,62.218,11359.673,38.886,327.833,107.323,58.71,53.39,64.04,55.81,2.61,57.8
2025-03-23 23:25:00,69.046,11667.087,39.245,331.365,106.283,58.28,54.24,63.71,56.27,2.2,57.79
2025-03-23 23:30:00,63.88,11372.947,39.271,330.803,104.086,57.43,53.85,64.0,56.03,3.22,57.79
2025-03-23 23:35:00,69.173,11591.222,39.575,335.506,104.799,57.17,53.28,62.91,55.17,3.47,57.78
2025-03-23 23:40:00,64.49,11389.626,39.408,326.857,110.277,56.62,53.61,63.16,55.26,2.35,57.78
2025-03-23 23:45:00,70.663,11613.751,38.896,329.421,105.432,59.11,54.76,64.61,57.01,1.83,57.77
2025-03-23 23:50:00,66.822,11616.847,38.813,323.323,108.128,59.27,55.57,64.76,57.84,1.54,57.77
2025-03-23 23:55:00,62.323,11565.835,39.101,328.617,105.388,59.23,55.51,65.24,57.05,1.68,57.77
2025-03-24 00:00:00,65.086,11397.221,39.113,329.016,105.191,58.58,54.66,64.4,56.69,3.21,57.76
2025-03-24 00:05:00,64.248,11360.344,38.855,336.898,105.176,58.57,54.89,64.48,56.64,1.09,57.76
2025-03-24 00:10:00,61.162,11725.576,39.271,331.985,109.411,57.99,53.77,64.49,56.43,0.31,57.75
2025-03-24 00:15:00,65.689,11273.417,39.048,334.64,104.633,57.96,53.78,64.17,55.18,1.04,57.75
2025-03-24 00:20:00,65.038,11560.39,38.743,332.415,103.821,57.29,53.48,63.63,55.47,2.18,57.74
2025-03-24 00:25:00,64.883,11200.8,39.251,334.461,102.759,56.9,53.25,62.88,54.61,1.15,57.74
2025-03-24 00:30:00,64.739,11257.411,38.865,330.678,104.959,56.6,52.11,62.73,54.32,1.32,57.74
2025-03-24 00:35:00,66.216,11568.93,38.508,337.157,101.938,56.83,52.84,63.13,54.75,-0.67,57.73
2025-03-24 00:40:00,63.98,11632.698,38.854,331.698,103.769,57.38,52.93,61.84,54.66,1.46,57.73
2025-03-24 00:45:00,64.757,11229.889,38.224,326.05,107.037,56.49,53.35,63.85,54.93,1.81,57.72
2025-03-24 00:50:00,63.228,11232.883,39.265,331.339,104.454,57.73,54.3,64.1,57.06,0.95,57.72
2025-03-24 00:55:00,65.535,11283.604,38.781,332.516,106.287,57.48,53.83,63.63,56.4,-1.21,57.72
2025-03-24 01:00:00,65.399,11393.764,38.877,327.491,104.632,57.82,53.6,63.29,55.55,0.64,57.71
2025-03-24 01:05:00,67.974,11595.418,38.639,330.608,103.3,57.83,53.36,64.2,55.42,0.73,57.71
2025-03-24 01:10:00,59.477,11748.45,38.689,325.997,103.136,58.36,55.1,65.19,56.32,0.38,57.71
2025-03-24 01:15:00,66.288,11440.815,38.899,328.477,106.912,59.51,55.93,65.89,57.66,0.01,57.7
2025-03-24 01:20:00,71.007,11511.524,38.967,327.09,103.452,61.24,56.47,66.03,58.4,1.66,57.7
2025-03-24 01:25:00,72.875,11061.623,39.002,333.722,103.442,60.81,56.9,66.61,59.27,0.23,57.69
2025-03-24 01:30:00,69.649,11592.287,38.78,327.608,103.212,61.28,58.01,68.5,60.22,1.29,57.69
2025-03-24 01:35:00,61.529,11689.95,39.198,332.036,106.06,61.27,57.55,67.9,59.41,-0.26,57.69
2025-03-24 01:40:00,67.443,11514.546,39.847,331.954,105.883,60.77,56.94,66.11,58.78,1.28,57.68
2025-03-24 01:45:00,69.467,11530.037,38.947,336.282,108.287,60.37,56.85,66.79,58.51,0.83,57.68
2025-03-24 01:50:00,68.898,11623.41,39.008,334.084,108.933,61.15,57.1,67.75,58.84,2.24,57.68
2025-03-24 01:55:00,66.661,11592.083,38.774,319.596,106.504,60.98,56.71,66.9,58.36,-0.23,57.68
2025-03-24 02:00:00,69.621,11511.475,38.595,328.162,100.685,61.11,57.38,67.86,59.28,1.86,57.67
2025-03-24 02:05:00,67.799,11863.73,39.247,329.889,112.622,61.79,58.09,67.74,59.91,1.81,57.67
2025-03-24 02:10:00,68.003,11795.11,39.351,324.253,105.548,62.29,58.76,68.51,60.12,1.08,57.67
2025-03-24 02:15:00,65.084,11468.518,38.827,326.774,108.503,64.56,60.61,70.12,61.69,2.51,57.66
2025-03-24 02:20:00,75.232,11276.049,38.53,326.964,110.036,63.99,60.33,69.9,62.38,2.25,57.66
2025-03-24 02:25:00,72.378,11833.076,39.655,326.162,104.603,64.23,59.79,69.95,62.15,0.43,57.66
2025-03-24 02:30:00,73.357,11583.612,38.878,325.672,106.904,65.11,60.89,70.36,62.78,1.0,57.66
2025-03-24 02:35:00,70.514,11930.982,39.279,330.197,108.254,64.5,60.13,70.63,62.16,-0.35,57.65
2025-03-24 02:40:00,69.267,11515.779,38.558,327.28,110.043,64.2,60.5,69.74,62.18,3.93,57.65
2025-03-24 02:45:00,71.355,11570.411,38.321,323.887,105.694,63.14,59.41,69.61,61.23,0.71,57.65
2025-03-24 02:50:00,72.664,11853.629,39.205,325.623,107.293,63.42,60.38,69.89,61.77,0.93,57.65
2025-03-24 02:55:00,73.947,11720.713,39.358,325.065,110.156,63.9,59.62,69.39,62.12,1.54,57.64
2025-03-24 03:00:00,66.201,11654.321,38.57,320.892,112.615,64.84,60.5,70.44,62.99,1.83,57.64
2025-03-24 03:05:00,66.744,11760.223,38.978,323.682,110.526,65.19,60.7,71.64,62.98,1.98,57.64
2025-03-24 03:10:00,69.131,11954.497,38.893,324.194,109.71,66.87,62.81,72.1,65.17,1.22,57.64
2025-03-24 03:15:00,75.211,11824.953,39.144,331.195,106.19,66.68,62.72,72.31,64.35,1.04,57.63
2025-03-24 03:20:00,75.268,11634.801,38.778,319.507,107.466,66.38,61.62,72.03,64.5,1.39,57.63
2025-03-24 03:25:00,74.061,11878.001,38.447,322.81,111.12,65.74,61.53,71.71,64.34,1.65,57.63
2025-03-24 03:30:00,72.23,11900.276,38.931,325.46,108.176,65.83,61.81,71.9,63.52,2.47,57.63
2025-03-24 03:35:00,70.483,11721.407,39.18,332.181,108.76,66.87,62.96,72.06,63.88,1.69,57.63
2025-03-24 03:40:00,70.332,11743.267,38.933,330.484,112.496,66.77,62.64,73.6,64.65,0.21,57.62
2025-03-24 03:45:00,71.46,11921.927,39.458,321.808,111.223,67.53,63.07,73.53,64.64,1.8,57.62
2025-03-24 03:50:00,72.28,11575.521,38.96,320.607,113.56,66.47,62.67,72.76,64.54,1.77,57.62
2025-03-24 03:55:00,69.997,11527.766,38.613,325.784,106.142,66.47,62.45,72.94,64.33,0.93,57.62
2025-03-24 04:00:00,71.578,11645.862,39.037,324.727,109.23,65.42,61.9,72.11,63.88,2.64,57.62
2025-03-24 04:05:00,71.889,12001.913,39.054,325.122,108.192,65.49,60.86,71.7,63.07,2.99,57.62
2025-03-24 04:10:00,69.155,11894.194,39.648,320.427,112.044,66.21,62.57,72.41,64.41,2.55,57.62
2025-03-24 04:15:00,64.988,11637.221,39.11,331.678,105.452,66.23,63.04,72.84,64.02,1.6,57.61
2025-03-24 04:20:00,76.808,11702.114,38.786,328.14,109.351,66.7,62.57,72.71,65.1,2.38,57.61
2025-03-24 04:25:00,70.755,11988.834,38.367,324.751,105.637,67.23,62.99,72.91,65.05,1.3,57.61
2025-03-24 04:30:00,70.356,11913.48,38.979,326.732,113.264,67.58,64.5,73.9,66.31,2.01,57.61
2025-03-24 04:35:00,77.592,11722.714,38.687,323.134,107.382,67.83,64.08,74.19,66.16,1.95,57.61
2025-03-24 04:40:00,73.304,11598.998,39.422,325.931,108.951,67.83,63.7,73.69,66.54,3.52,57.61
2025-03-24 04:45:00,75.108,11853.653,38.935,320.781,108.386,67.9,63.99,73.68,66.25,2.24,57.61
2025-03-24 04:50:00,75.87,11993.384,38.953,318.653,106.379,68.34,63.91,74.01,66.49,2.81,57.61
2025-03-24 04:55:00,77.787,11863.948,39.471,325.04,112.113,66.26,62.97,72.57,65.03,3.75,57.61
2025-03-24 05:00:00,72.808,11799.267,39.497,319.886,109.887,66.8,62.37,73.48,65.03,3.0,57.6
2025-03-24 05:05:00,67.789,11585.271,39.125,327.693,107.374,66.51,61.08,71.25,63.33,3.84,57.6
2025-03-24 05:10:00,69.168,11654.928,39.073,321.151,108.629,65.48,60.38,70.3,63.09,3.99,57.6
2025-03-24 05:15:00,70.951,11626.595,39.313,331.745,109.985,64.75,60.69,70.37,63.2,2.55,57.6
2025-03-24 05:20:00,71.153,11691.745,38.777,321.575,110.32,65.32,60.18,70.84,62.31,4.08,57.6
2025-03-24 05:25:00,72.313,11661.177,39.209,322.877,108.33,63.97,61.34,71.05,62.36,3.14,57.6
2025-03-24 05:30:00,71.29,11884.688,39.655,328.922,111.792,65.4,60.53,71.08,62.68,4.36,57.6
2025-03-24 05:35:00,69.878,11615.762,38.764,325.442,111.345,66.06,62.55,72.64,64.99,2.32,57.6
2025-03-24 05:40:00,71.817,11806.585,40.029,326.203,108.067,65.79,61.8,73.01,64.55,5.31,57.6
2025-03-24 05:45:00,70.215,11878.96,39.313,325.838,109.419,65.79,62.07,71.64,63.94,3.41,57.6
2025-03-24 05:50:00,68.474,11904.958,38.888,331.292,111.585,65.81,61.43,71.45,63.85,3.55,57.6
2025-03-24 05:55:00,71.138,11386.622,39.297,324.613,107.491,65.47,60.68,71.22,63.41,3.54,57.6
2025-03-24 06:00:00,72.681,11690.349,39.583,328.857,106.073,64.62,60.44,70.26,63.1,2.03,57.6
2025-03-24 06:05:00,68.479,11727.797,38.825,328.151,108.472,66.48,62.48,72.41,63.86,5.42,57.6
2025-03-24 06:10:00,69.366,11799.39,39.757,317.56,109.396,66.25,61.28,71.92,64.53,5.81,57.6
2025-03-24 06:15:00,72.941,11926.724,38.652,323.967,109.357,65.66,61.24,71.43,63.76,3.72,57.6
2025-03-24 06:20:00,75.999,11717.239,38.639,328.383,111.244,65.09,61.17,71.02,63.79,5.7,57.6
2025-03-24 06:25:00,74.973,12049.921,39.657,330.621,108.401,64.11,60.75,70.93,63.29,5.53,57.6
2025-03-24 06:30:00,72.629,11623.435,38.961,322.008,104.555,65.8,61.64,72.07,62.38,6.42,57.6
2025-03-24 06:35:00,71.161,11391.698,38.405,313.014,110.127,65.07,61.62,71.06,62.98,5.1,57.6
2025-03-24 06:40:00,71.378,11802.241,39.544,321.432,108.037,65.06,61.44,70.9,63.37,6.75,57.6
2025-03-24 06:45:00,71.888,11951.386,38.492,329.121,108.703,64.76,60.72,70.77,62.54,6.37,57.6
2025-03-24 06:50:00,73.474,11327.422,38.958,323.67,110.058,64.97,60.34,71.14,62.52,4.46,57.6
2025-03-24 06:55:00,68.801,11652.648,38.788,329.411,107.431,64.69,60.36,70.85,62.09,4.55,57.6
2025-03-24 07:00:00,65.69,11668.155,39.553,328.357,109.803,63.87,60.06,70.51,62.62,5.23,57.6
2025-03-24 07:05:00,68.428,11733.202,39.477,323.64,105.267,63.46,59.82,70.23,61.39,4.62,57.61
2025-03-24 07:10:00,68.876,11737.999,39.085,332.856,114.068,64.29,61.05,70.63,63.12,5.11,57.61
2025-03-24 07:15:00,70.046,11882.214,39.509,323.317,105.983,65.13,61.08,71.18,62.48,7.2,57.61
2025-03-24 07:20:00,73.102,11755.069,39.787,326.784,111.032,66.15,61.48,71.35,64.13,5.88,57.61
2025-03-24 07:25:00,72.067,11790.165,39.434,317.583,111.004,65.9,61.27,71.4,63.47,7.08,57.61
2025-03-24 07:30:00,71.616,11330.955,38.941,315.281,107.791,64.84,61.93,72.47,62.99,6.12,57.61
2025-03-24 07:35:00,72.545,11777.445,39.453,325.296,105.754,63.99,59.9,69.75,62.15,6.68,57.61
2025-03-24 07:40:00,68.754,11584.319,39.582,328.171,110.046,63.77,59.87,69.47,61.61,7.04,57.61
2025-03-24 07:45:00,68.448,11603.423,39.042,322.48,112.207,63.23,59.87,69.42,61.43,6.71,57.61
2025-03-24 07:50:00,69.117,11498.277,39.215,327.742,106.839,62.89,59.25,69.78,61.71,7.0,57.62
2025-03-24 07:55:00,67.668,11624.689,38.427,329.44,104.616,63.81,59.51,69.9,61.07,6.01,57.62
2025-03-24 08:00:00,74.608,11345.839,39.063,326.255,109.548,63.77,60.18,69.4,60.88,6.99,57.62
2025-03-24 08:05:00,66.222,11704.856,39.592,327.933,103.135,62.2,58.61,68.68,60.42,5.65,57.62
2025-03-24 08:10:00,68.471,11466.068,39.488,325.266,104.712,62.16,58.91,67.97,60.37,5.84,57.62
2025-03-24 08:15:00,72.666,11586.155,39.419,325.624,106.258,62.61,58.83,68.16,60.25,6.14,57.62
2025-03-24 08:20:00,66.114,11189.917,39.166,330.274,104.234,62.78,58.45,68.26,61.26,6.89,57.62
2025-03-24 08:25:00,64.917,11534.695,39.303,325.743,105.602,63.13,57.52,68.58,61.51,8.82,57.63
2025-03-24 08:30:00,62.81,11151.821,39.306,332.928,108.429,61.48,57.08,67.18,59.81,8.94,57.63
2025-03-24 08:35:00,71.249,11317.795,39.334,327.577,108.677,62.22,58.22,68.08,59.76,7.88,57.63
2025-03-24 08:40:00,70.064,11702.296,39.772,324.281,103.61,62.42,58.58,68.61,60.27,8.69,57.63
2025-03-24 08:45:00,66.568,11725.854,39.471,327.336,103.312,61.83,58.84,68.81,60.87,8.08,57.63
2025-03-24 08:50:00,67.93,11075.524,39.534,328.055,109.26,62.91,59.6,68.82,60.41,8.92,57.64
2025-03-24 08:55:00,72.476,11733.255,38.609,327.735,105.457,62.07,58.66,68.41,60.64,7.64,57.64
2025-03-24 09:00:00,69.136,11525.596,40.107,322.475,97.219,62.21,58.42,68.4,59.68,8.94,57.64
2025-03-24 09:05:00,69.343,11709.03,39.264,321.569,107.926,61.99,57.59,67.88,59.5,9.21,57.64
2025-03-24 09:10:00,67.937,11509.419,39.055,331.785,107.464,62.68,58.02,68.27,59.93,9.09,57.65
2025-03-24 09:15:00,71.053,11290.178,39.423,332.36,104.291,61.34,57.2,67.15,58.44,7.75,57.65
2025-03-24 09:20:00,67.25,11475.194,39.867,320.017,106.905,59.2,55.11,65.61,57.21,9.01,57.65
2025-03-24 09:25:00,62.745,11381.499,39.349,334.714,100.844,59.31,54.98,65.03,58.21,9.33,57.65
2025-03-24 09:30:00,64.99,11440.667,39.663,328.768,107.24,58.99,54.96,64.74,56.59,7.5,57.66
2025-03-24 09:35:00,67.027,11387.588,39.149,326.258,104.62,58.19,55.04,64.47,56.61,8.09,57.66
2025-03-24 09:40:00,66.967,11517.732,40.157,329.982,103.903,59.16,54.3,64.6,56.66,8.5,57.66
2025-03-24 09:45:00,63.658,11508.889,39.086,332.684,108.776,59.16,54.41,63.9,55.61,9.45,57.66
2025-03-24 09:50:00,67.028,11130.724,39.594,328.883,106.086,58.4,54.2,64.32,55.5,8.77,57.67
2025-03-24 09:55:00,65.822,11017.234,38.967,334.525,102.365,58.92,55.17,65.35,56.42,9.08,57.67
2025-03-24 10:00:00,69.383,11776.787,39.195,321.643,104.468,59.8,55.89,65.15,57.9,8.96,57.67
2025-03-24 10:05:00,64.496,11554.315,40.188,327.92,106.654,59.29,54.62,64.55,57.32,11.94,57.68
2025-03-24 10:10:00,66.339,11453.554,38.94,331.645,104.368,58.96,54.78,65.26,56.73,9.02,57.68
2025-03-24 10:15:00,68.121,11410.532,39.443,323.254,101.079,59.77,55.58,65.76,57.22,10.64,57.68
2025-03-24 10:20:00,61.682,11461.009,39.338,321.681,103.901,59.48,54.61,64.89,56.97,9.54,57.68
2025-03-24 10:25:00,68.531,11161.118,39.61,333.281,104.344,60.11,54.86,65.62,57.14,9.81,57.69
2025-03-24 10:30:00,65.675,11617.957,39.278,329.07,101.477,59.16,54.76,65.44,57.17,9.58,57.69
2025-03-24 10:35:00,63.173,11397.851,39.155,323.342,106.579,59.79,55.17,65.21,58.33,11.02,57.69
2025-03-24 10:40:00,67.896,11475.46,39.836,326.686,102.228,60.38,56.27,65.91,58.27,11.31,57.7
2025-03-24 10:45:00,69.646,11680.974,39.758,327.761,100.123,59.78,55.87,65.44,57.11,11.46,57.7
2025-03-24 10:50:00,66.376,11491.065,39.256,324.099,103.746,59.22,55.12,64.56,56.75,9.59,57.71
2025-03-24 10:55:00,66.761,11468.743,40.018,334.045,107.421,59.44,54.96,64.88,56.95,10.21,57.71
2025-03-24 11:00:00,64.9,11496.612,39.183,333.139,104.756,58.71,54.59,65.0,57.05,11.21,57.71
2025-03-24 11:05:00,62.872,11387.046,40.345,334.005,104.914,58.32,54.41,63.99,56.33,10.82,57.72
2025-03-24 11:10:00,64.657,11337.959,40.147,326.63,100.637,57.34,54.25,64.0,55.76,11.81,57.72
2025-03-24 11:15:00,67.462,11179.304,39.491,339.25,104.818,57.64,53.05,63.55,54.84,10.78,57.72
2025-03-24 11:20:00,68.256,11380.823,39.479,330.612,110.434,58.15,53.8,64.04,55.76,10.72,57.73
2025-03-24 11:25:00,64.198,11772.925,39.695,331.365,101.82,57.29,53.27,64.06,56.04,11.35,57.73
2025-03-24 11:30:00,71.007,11514.387,40.063,326.904,103.649,57.45,53.52,64.54,55.93,10.8,57.74
2025-03-24 11:35:00,70.576,11456.521,40.197,327.952,103.953,59.32,54.76,64.89,56.83,10.68,57.74
2025-03-24 11:40:00,69.124,11438.273,38.981,329.815,107.829,59.63,54.7,65.08,57.6,10.72,57.74
2025-03-24 11:45:00,65.899,11672.833,39.742,324.643,109.769,60.01,56.79,65.83,57.6,10.0,57.75
2025-03-24 11:50:00,68.948,11344.38,40.195,332.526,107.818,59.34,55.88,65.92,58.33,12.05,57.75
2025-03-24 11:55:00,67.381,11376.091,39.313,334.916,106.802,60.24,55.76,65.7,58.28,12.64,57.76
2025-03-24 12:00:00,65.392,11495.883,39.033,323.212,108.26,60.52,55.77,65.76,57.77,11.85,57.76
2025-03-24 12:05:00,63.725,11184.54,39.189,329.44,104.862,58.97,55.75,65.67,57.93,10.72,57.77
2025-03-24 12:10:00,72.871,11291.351,40.378,327.032,107.293,60.71,56.74,66.24,58.57,12.3,57.77
2025-03-24 12:15:00,65.811,11493.244,39.653,327.362,105.528,60.91,56.88,66.78,58.42,10.4,57.77
2025-03-24 12:20:00,72.001,11461.405,39.282,324.151,106.323,59.05,54.86,64.44,56.78,12.27,57.78
2025-03-24 12:25:00,65.758,11293.645,39.533,329.666,106.946,60.91,56.49,65.41,58.52,12.68,57.78
2025-03-24 12:30:00,67.169,11648.323,39.885,330.179,106.256,59.85,55.53,66.13,58.47,12.31,57.79
2025-03-24 12:35:00,69.948,11588.015,39.623,321.151,104.141,60.48,55.82,65.79,58.28,12.94,57.79
2025-03-24 12:40:00,71.686,11495.418,39.944,325.567,109.244,61.34,57.5,67.01,59.3,12.22,57.8
2025-03-24 12:45:00,67.03,11548.574,40.335,327.512,111.387,61.83,57.44,67.3,59.12,12.49,57.8
2025-03-24 12:50:00,72.299,11288.839,39.835,326.387,104.342,61.29,57.65,66.48,59.5,12.78,57.81
2025-03-24 12:55:00,66.683,12040.285,40.057,332.494,106.861,59.8,55.56,66.24,57.66,13.3,57.81
2025-03-24 13:00:00,66.72,11549.606,39.955,330.567,107.767,60.56,56.74,66.77,58.42,11.21,57.82
2025-03-24 13:05:00,70.309,11375.112,39.904,327.749,107.638,60.59,56.83,66.01,59.02,11.38,57.82
2025-03-24 13:10:00,64.529,11694.906,39.268,328.654,106.748,60.53,56.01,66.29,57.18,12.33,57.83
2025-03-24 13:15:00,67.796,11612.065,39.846,331.814,106.257,58.83,54.75,65.23,57.06,12.07,57.83
2025-03-24 13:20:00,65.163,11290.884,39.632,333.347,101.601,58.84,54.3,64.35,56.34,12.46,57.84
2025-03-24 13:25:00,64.421,11703.258,40.095,327.196,105.351,58.58,53.99,64.22,56.12,12.27,57.84
2025-03-24 13:30:00,70.884,11612.718,39.909,332.837,106.713,58.49,54.97,64.45,57.02,12.3,57.85
2025-03-24 13:35:00,63.976,11749.405,39.501,321.547,105.347,58.77,55.13,64.33,56.41,12.24,57.85
2025-03-24 13:40:00,63.679,11554.573,39.663,326.793,102.68,58.57,54.06,64.17,56.34,11.4,57.86
2025-03-24 13:45:00,67.818,11087.243,40.208,328.601,104.287,57.98,53.95,64.71,56.69,11.92,57.86
2025-03-24 13:50:00,65.168,11127.828,39.441,328.712,108.859,57.88,53.76,63.66,55.63,12.19,57.87
2025-03-24 13:55:00,66.789,11574.505,39.974,328.504,103.806,59.39,54.9,64.55,56.38,12.48,57.88
2025-03-24 14:00:00,66.967,11749.528,39.863,331.534,107.377,58.62,55.64,65.12,56.38,12.19,57.88
2025-03-24 14:05:00,67.276,11499.766,39.423,331.492,106.239,58.82,54.87,64.31,57.34,11.15,57.89
2025-03-24 14:10:00,67.454,11333.425,40.232,331.232,104.152,59.98,54.63,65.91,57.7,12.44,57.89
2025-03-24 14:15:00,65.638,11533.91,39.741,334.038,100.868,59.1,55.48,65.82,57.45,12.77,57.9
2025-03-24 14:20:00,63.849,11254.649,40.091,330.05,105.15,59.8,56.81,66.0,58.6,12.95,57.9
2025-03-24 14:25:00,66.129,11551.093,39.778,334.461,110.317,58.73,55.33,65.21,57.6,11.39,57.91
2025-03-24 14:30:00,66.054,11414.994,39.737,330.433,103.995,59.88,55.49,64.43,56.82,11.77,57.92
2025-03-24 14:35:00,62.586,11344.519,39.832,330.956,110.373,58.92,55.1,64.52,56.63,12.33,57.92
2025-03-24 14:40:00,66.223,11539.168,40.48,333.625,107.276,58.34,55.04,64.31,57.39,10.62,57.93
2025-03-24 14:45:00,62.551,11548.502,39.596,334.235,100.793,58.82,54.94,64.72,56.95,11.61,57.93
2025-03-24 14:50:00,67.721,11586.674,40.114,332.583,103.536,58.68,55.43,64.6,57.03,12.14,57.94
2025-03-24 14:55:00,64.785,11513.065,39.797,333.673,100.118,57.94,53.81,63.84,56.33,11.75,57.95
2025-03-24 15:00:00,67.58,11478.921,39.137,334.77,103.333,58.63,55.24,63.92,57.18,11.1,57.95
2025-03-24 15:05:00,66.424,11561.998,40.05,334.818,104.757,58.21,54.96,63.95,56.86,11.01,57.96
2025-03-24 15:10:00,65.692,11503.537,39.881,330.973,111.518,58.44,54.5,63.82,56.2,11.25,57.96
2025-03-24 15:15:00,69.142,11532.563,39.248,334.217,104.551,59.76,54.79,65.12,57.07,11.07,57.97
2025-03-24 15:20:00,67.204,11178.464,39.802,322.973,105.775,59.81,55.09,64.79,56.69,11.3,57.98
2025-03-24 15:25:00,64.524,11291.898,40.193,335.779,106.091,58.93,55.32,65.16,56.91,11.95,57.98
2025-03-24 15:30:00,66.33,11375.289,39.739,335.117,102.752,59.72,55.73,65.18,57.95,10.77,57.99
2025-03-24 15:35:00,65.165,11510.022,40.302,329.462,105.732,58.91,54.81,64.0,57.02,10.18,58.0
2025-03-24 15:40:00,62.341,11233.359,40.086,334.244,109.356,57.82,53.95,64.36,56.33,11.59,58.0
2025-03-24 15:45:00,63.406,11672.264,39.31,332.703,106.074,58.29,54.2,64.41,55.95,12.99,58.01
2025-03-24 15:50:00,65.649,11389.457,39.616,331.557,104.623,58.8,54.58,65.06,57.09,9.81,58.02
2025-03-24 15:55:00,71.787,11544.512,39.966,329.785,106.3,58.84,55.31,65.73,57.43,10.64,58.02
2025-03-24 16:00:00,64.455,11233.297,39.534,336.503,107.111,59.82,55.42,65.46,58.17,11.18,58.03
2025-03-24 16:05:00,69.278,11601.931,39.511,329.787,109.766,60.47,56.25,66.01,59.16,10.43,58.04
2025-03-24 16:10:00,63.966,11718.602,39.539,331.023,106.909,61.77,57.73,66.73,58.84,11.15,58.04
2025-03-24 16:15:00,68.752,11667.437,39.233,331.844,109.651,60.88,57.43,67.51,59.48,11.48,58.05
2025-03-24 16:20:00,64.563,11882.73,40.15,330.187,108.807,61.37,57.17,66.87,58.88,9.57,58.06
2025-03-24 16:25:00,62.957,12103.313,39.253,329.513,109.223,61.26,58.0,68.49,60.5,9.3,58.06
2025-03-24 16:30:00,72.547,11626.453,39.149,333.961,107.925,62.64,58.24,68.66,60.74,9.9,58.07
2025-03-24 16:35:00,64.435,11669.679,39.518,332.355,108.075,62.78,59.3,68.83,60.29,11.58,58.08
2025-03-24 16:40:00,65.227,11701.756,39.582,328.948,110.504,63.09,59.26,68.93,60.3,9.47,58.08
2025-03-24 16:45:00,68.146,11692.621,40.139,331.551,104.092,60.62,57.25,67.25,58.73,11.0,58.09
2025-03-24 16:50:00,69.404,11665.046,39.983,333.128,104.77,61.88,57.67,68.51,59.64,8.58,58.1
2025-03-24 16:55:00,71.648,11568.301,39.058,335.138,107.555,61.5,58.08,67.23,60.15,9.18,58.1
2025-03-24 17:00:00,70.002,11433.837,39.998,335.552,111.917,61.8,57.79,69.1,60.84,11.44,58.11
2025-03-24 17:05:00,63.607,11517.523,38.629,335.423,107.0,62.38,57.97,68.78,60.15,9.81,58.12
2025-03-24 17:10:00,67.335,11589.557,39.936,332.694,115.875,61.98,57.8,68.19,59.54,11.0,58.13
2025-03-24 17:15:00,69.614,11684.675,39.568,329.871,107.855,62.18,57.85,68.64,60.02,8.25,58.13
2025-03-24 17:20:00,68.078,11441.03,40.078,334.234,108.948,61.55,57.43,68.15,59.77,10.94,58.14
2025-03-24 17:25:00,65.327,11362.029,40.068,335.869,110.747,60.78,58.35,67.41,59.57,8.35,58.15
2025-03-24 17:30:00,65.154,11288.421,39.414,337.56,110.061,61.7,57.83,67.52,60.02,9.22,58.16
2025-03-24 17:35:00,67.552,11545.908,39.414,335.513,107.896,62.37,59.07,68.79,60.71,8.83,58.16
2025-03-24 17:40:00,70.346,12029.297,39.6,327.944,108.549,63.6,58.91,68.49,60.96,10.06,58.17
2025-03-24 17:45:00,72.538,11552.961,39.376,329.272,110.594,63.47,59.45,70.06,61.42,8.76,58.18
2025-03-24 17:50:00,68.148,11753.253,39.676,329.557,111.735,62.85,58.71,67.91,60.96,8.39,58.18
2025-03-24 17:55:00,69.792,11547.743,39.996,327.651,112.102,62.7,58.85,68.78,60.96,8.98,58.19
2025-03-24 18:00:00,67.941,11825.039,39.127,327.078,105.603,62.43,58.76,68.93,60.47,7.93,58.2
2025-03-24 18:05:00,70.3,11779.888,39.624,330.042,108.319,63.15,59.26,69.44,61.94,9.2,58.21
2025-03-24 18:10:00,69.241,11824.482,39.35,336.581,110.506,62.45,58.4,68.68,60.2,7.76,58.22
2025-03-24 18:15:00,69.22,11508.059,39.715,332.785,107.294,62.78,58.33,68.81,61.04,8.54,58.22
2025-03-24 18:20:00,68.232,11936.083,39.019,329.373,104.394,62.54,58.85,68.33,60.22,8.98,58.23
2025-03-24 18:25:00,69.933,11810.487,39.833,332.151,109.107,62.64,59.03,68.66,61.08,8.01,58.24
2025-03-24 18:30:00,69.58,11813.536,39.701,327.18,107.237,64.97,60.32,70.16,62.69,8.55,58.25
2025-03-24 18:35:00,72.169,11640.427,39.423,329.674,114.452,63.82,60.08,70.34,62.33,8.86,58.25
2025-03-24 18:40:00,71.014,11851.903,39.26,335.534,111.76,64.23,59.47,69.67,61.37,6.88,58.26
2025-03-24 18:45:00,69.117,11738.064,39.588,336.485,106.231,63.29,60.18,69.6,61.21,8.3,58.27
2025-03-24 18:50:00,66.771,11829.91,39.457,337.021,109.457,62.83,58.92,69.09,61.02,8.42,58.28
2025-03-24 18:55:00,69.506,11665.895,39.489,329.133,110.517,62.12,58.85,69.13,60.48,6.68,58.28
2025-03-24 19:00:00,73.714,11671.872,39.696,327.365,108.42,62.13,57.25,68.26,59.81,5.53,58.29
2025-03-24 19:05:00,66.231,11701.973,39.64,330.614,106.306,62.91,59.13,69.33,61.52,5.26,58.3
2025-03-24 19:10:00,67.406,11632.291,39.594,332.395,104.597,63.26,59.09,69.06,61.55,6.99,58.31
2025-03-24 19:15:00,66.617,12065.952,39.283,333.269,113.249,63.88,60.02,69.9,62.3,6.91,58.32
2025-03-24 19:20:00,66.835,11768.633,38.282,329.482,107.282,64.95,60.47,70.36,62.98,6.99,58.32
2025-03-24 19:25:00,69.369,11667.392,40.097,331.233,112.101,65.56,62.56,71.95,63.87,7.74,58.33
2025-03-24 19:30:00,72.043,11910.014,38.768,332.742,109.715,66.12,61.7,71.83,63.46,5.49,58.34
2025-03-24 19:35:00,72.624,11668.188,39.826,337.12,108.946,64.77,61.35,70.62,63.77,7.64,58.35
2025-03-24 19:40:00,69.28,11466.519,38.861,336.293,114.73,63.99,60.42,70.04,61.97,6.56,58.36
2025-03-24 19:45:00,68.307,11936.804,38.985,333.837,111.518,64.85,60.39,70.57,62.59,5.0,58.37
2025-03-24 19:50:00,67.997,11980.822,39.284,334.511,113.742,66.69,61.61,71.5,64.19,6.47,58.37
2025-03-24 19:55:00,68.456,11889.144,38.893,325.069,113.493,65.84,62.47,72.3,64.37,6.98,58.38
2025-03-24 20:00:00,73.49,11985.084,39.055,333.088,112.769,66.2,62.5,73.17,64.54,4.74,58.39
2025-03-24 20:05:00,71.784,11836.781,39.34,327.485,115.027,66.98,63.69,73.06,64.98,4.0,58.4
2025-03-24 20:10:00,65.95,11911.625,39.263,336.359,108.186,66.85,63.12,73.37,65.3,5.3,58.41
2025-03-24 20:15:00,73.806,11848.1,39.671,335.506,115.409,68.12,63.29,73.89,65.68,6.84,58.41
2025-03-24 20:20:00,71.016,11644.76,39.134,335.802,117.433,69.2,64.29,74.3,66.31,6.06,58.42
2025-03-24 20:25:00,70.078,12077.102,38.094,332.171,114.176,67.43,63.87,74.15,65.84,4.22,58.43
2025-03-24 20:30:00,68.219,12152.429,39.583,333.808,115.293,66.91,62.84,72.63,65.02,4.81,58.44
2025-03-24 20:35:00,67.848,11892.97,39.319,340.509,110.733,65.86,62.02,72.08,64.01,5.54,58.45
2025-03-24 20:40:00,70.088,11583.845,39.049,336.825,115.108,66.8,63.1,73.47,65.3,6.1,58.46
2025-03-24 20:45:00,72.134,12107.073,39.348,330.056,113.42,66.6,63.67,73.2,65.41,4.57,58.46
2025-03-24 20:50:00,73.519,11513.178,38.686,330.89,112.557,66.43,61.85,71.6,64.18,3.98,58.47
2025-03-24 20:55:00,68.914,12030.336,39.549,330.641,109.475,65.64,62.14,71.17,63.3,4.34,58.48
2025-03-24 21:00:00,73.245,12032.926,39.518,326.357,112.263,65.75,61.33,71.76,63.47,4.7,58.49
2025-03-24 21:05:00,72.237,12052.046,38.923,335.796,115.017,66.29,61.94,72.47,64.13,4.96,58.5
2025-03-24 21:10:00,71.553,12360.79,39.218,339.674,114.239,65.46,61.74,71.58,63.66,4.41,58.51
2025-03-24 21:15:00,70.311,11862.942,39.666,334.792,113.783,65.45,61.03,70.81,62.53,4.78,58.51
2025-03-24 21:20:00,67.58,11634.09,39.322,338.753,111.946,64.08,60.85,69.52,62.42,4.97,58.52
2025-03-24 21:25:00,71.362,12025.786,39.553,338.023,113.217,64.75,60.49,70.51,62.29,5.19,58.53
2025-03-24 21:30:00,69.084,11980.591,39.07,340.57,111.026,63.59,60.12,70.27,62.22,3.33,58.54
2025-03-24 21:35:00,69.952,11957.62,38.681,340.192,109.441,63.48,59.56,70.0,61.52,3.88,58.55
2025-03-24 21:40:00,72.07,12011.268,39.114,331.883,110.685,64.79,60.06,69.84,62.61,3.59,58.56
2025-03-24 21:45:00,68.245,11768.31,38.671,330.682,111.645,64.8,60.6,69.85,63.32,3.15,58.57
2025-03-24 21:50:00,67.386,11866.014,39.133,334.395,110.982,64.74,61.85,71.25,62.71,3.55,58.57
2025-03-24 21:55:00,72.734,11803.28,38.964,331.354,112.562,65.34,60.99,71.37,63.5,3.24,58.58
2025-03-24 22:00:00,67.851,11832.052,39.485,343.083,114.528,66.51,62.42,71.78,64.49,4.3,58.59
2025-03-24 22:05:00,72.548,11978.856,39.144,340.698,111.026,66.52,62.47,73.08,65.09,2.88,58.6
2025-03-24 22:10:00,72.152,11855.559,39.308,340.168,115.083,66.34,62.62,72.55,63.89,3.56,58.61
2025-03-24 22:15:00,71.522,12299.605,39.224,342.903,114.738,67.28,62.71,72.3,64.5,2.51,58.62
2025-03-24 22:20:00,75.587,11795.737,39.523,343.114,112.985,67.32,62.53,72.94,65.58,3.77,58.63
2025-03-24 22:25:00,66.19,11980.423,39.586,333.899,110.014,67.21,63.22,73.35,64.24,2.18,58.63
2025-03-24 22:30:00,75.898,11797.788,39.579,340.366,115.056,67.0,62.76,72.14,65.19,2.61,58.64
2025-03-24 22:35:00,71.138,11983.493,39.506,337.645,110.937,67.41,62.49,72.52,63.76,3.72,58.65
2025-03-24 22:40:00,68.834,11776.24,38.777,343.238,114.094,65.88,61.75,71.54,63.88,1.8,58.66
2025-03-24 22:45:00,71.631,12216.778,39.257,336.686,116.79,67.17,62.59,73.15,64.6,2.05,58.67
2025-03-24 22:50:00,67.622,11677.964,39.399,333.343,110.495,65.21,61.5,72.37,63.73,1.51,58.68
2025-03-24 22:55:00,67.946,11944.357,38.904,338.487,111.696,65.89,62.59,72.08,63.98,3.11,58.69
2025-03-24 23:00:00,69.643,12186.593,38.578,338.882,111.453,67.45,63.11,73.46,65.24,1.15,58.7
2025-03-24 23:05:00,76.628,11748.33,39.078,329.607,115.881,66.41,63.01,72.69,65.14,2.93,58.7
2025-03-24 23:10:00,68.896,11822.335,39.136,330.514,112.797,66.69,62.69,73.54,65.0,3.25,58.71
2025-03-24 23:15:00,72.488,11907.729,39.443,329.176,117.833,66.84,61.9,72.65,64.85,2.73,58.72
2025-03-24 23:20:00,74.56,11936.355,39.962,341.28,112.785,66.89,63.09,73.98,65.88,4.51,58.73
2025-03-24 23:25:00,73.758,12074.251,39.284,338.243,112.365,67.9,64.21,73.88,65.79,1.33,58.74
2025-03-24 23:30:00,66.883,12267.512,39.22,340.962,116.0,68.36,64.19,73.71,65.49,1.84,58.75
2025-03-24 23:35:00,70.598,11891.127,39.283,334.3,114.096,68.59,64.46,73.37,65.91,1.73,58.76
2025-03-24 23:40:00,69.954,12220.478,39.3,330.068,122.473,69.28,63.98,74.61,66.03,1.85,58.77
2025-03-24 23:45:00,69.988,12046.911,39.247,341.182,112.865,69.95,65.54,75.51,67.83,1.05,58.77
2025-03-24 23:50:00,71.144,12263.631,38.743,328.586,118.629,70.02,66.47,76.17,68.22,0.26,58.78
2025-03-24 23:55:00,75.72,12222.945,39.562,330.659,122.947,70.21,66.81,77.1,68.49,2.99,58.79
2025-03-25 00:00:00,73.203,12361.004,39.58,333.114,114.284,71.39,67.18,77.4,68.37,2.45,58.8
2025-03-25 00:05:00,76.344,12362.316,39.127,338.401,114.644,71.41,67.06,77.34,69.11,1.52,58.81
2025-03-25 00:10:00,76.375,12299.647,38.982,338.65,119.366,71.67,66.72,77.17,69.76,0.66,58.82
2025-03-25 00:15:00,75.256,12146.917,38.703,331.316,117.845,71.2,67.48,77.45,69.52,0.03,58.83
2025-03-25 00:20:00,76.711,12064.407,39.294,332.485,118.026,72.89,68.41,77.99,70.3,0.91,58.83
2025-03-25 00:25:00,79.218,12238.723,38.775,333.918,116.94,73.02,68.25,78.86,70.36,0.44,58.84
2025-03-25 00:30:00,76.999,12156.554,39.042,331.584,118.182,73.02,68.6,78.51,69.87,1.66,58.85
2025-03-25 00:35:00,69.007,12210.231,39.275,338.379,122.255,72.95,68.47,79.31,71.11,1.1,58.86
2025-03-25 00:40:00,74.167,11873.364,39.468,340.53,117.977,72.44,69.47,78.68,70.15,3.51,58.87
2025-03-25 00:45:00,76.201,12320.866,38.779,334.143,117.365,72.25,68.44,78.17,70.75,1.94,58.88
2025-03-25 00:50:00,71.336,12259.348,39.924,338.635,122.658,72.95,68.69,79.63,70.53,0.74,58.89
2025-03-25 00:55:00,76.574,12423.732,39.134,343.116,117.24,73.38,69.08,79.42,70.73,1.18,58.9
2025-03-25 01:00:00,73.97,11945.618,39.277,340.126,122.232,73.04,68.21,78.16,71.33,2.68,58.9
2025-03-25 01:05:00,75.621,12012.355,39.47,341.633,114.051,71.81,68.77,77.75,70.4,1.67,58.91
2025-03-25 01:10:00,71.539,12587.163,38.725,338.531,116.697,71.98,68.08,76.96,69.81,0.75,58.92
2025-03-25 01:15:00,74.164,12132.967,39.591,345.566,113.452,70.82,66.35,76.93,69.5,1.27,58.93
2025-03-25 01:20:00,73.345,12354.027,39.045,335.457,112.35,71.93,67.99,77.69,69.72,1.48,58.94
2025-03-25 01:25:00,72.299,12010.281,39.311,334.773,116.323,71.6,69.54,79.44,70.86,-0.77,58.95
2025-03-25 01:30:00,73.856,12439.159,39.083,331.066,117.259,72.26,68.69,79.56,71.64,0.48,58.96
2025-03-25 01:35:00,72.848,12294.764,39.456,335.153,120.421,71.41,68.47,78.53,69.71,2.1,58.97
2025-03-25 01:40:00,74.689,12194.485,39.532,338.114,118.978,72.6,69.38,78.08,70.4,1.05,58.97
2025-03-25 01:45:00,72.335,12339.322,39.039,339.981,120.158,72.45,68.35,78.78,69.96,1.7,58.98
2025-03-25 01:50:00,70.786,12461.921,39.36,335.792,117.208,73.67,68.9,79.37,71.32,2.19,58.99
2025-03-25 01:55:00,75.466,12093.038,38.788,347.453,121.145,73.41,69.62,79.28,71.29,0.14,59.0
2025-03-25 02:00:00,74.147,12186.594,38.797,338.227,116.521,72.95,68.82,80.06,70.69,1.5,59.01
2025-03-25 02:05:00,72.282,12415.255,39.388,334.364,118.992,71.83,68.65,78.27,70.15,2.03,59.02
2025-03-25 02:10:00,74.489,12075.724,38.954,333.006,119.408,72.39,67.99,79.14,70.77,0.7,59.03
2025-03-25 02:15:00,71.884,12272.882,39.584,339.548,124.945,73.51,69.59,79.02,70.81,2.91,59.03
2025-03-25 02:20:00,72.458,12280.184,38.939,333.707,115.753,71.74,69.53,77.91,70.44,1.34,59.04
2025-03-25 02:25:00,73.613,12201.112,38.573,335.116,114.323,72.19,68.18,78.43,69.82,1.08,59.05
2025-03-25 02:30:00,72.432,12202.735,39.416,340.949,120.773,73.04,69.1,79.46,71.51,2.09,59.06
2025-03-25 02:35:00,72.138,12084.007,39.02,334.236,113.584,73.31,69.13,78.69,71.15,-0.21,59.07
2025-03-25 02:40:00,69.753,11867.648,38.628,338.554,118.413,72.42,68.91,77.96,70.13,1.96,59.08
2025-03-25 02:45:00,69.419,12347.4,38.624,339.361,118.008,70.58,67.53,77.13,69.52,0.93,59.09
2025-03-25 02:50:00,73.248,12208.223,39.076,326.871,119.143,70.52,66.72,76.77,69.02,1.51,59.09
2025-03-25 02:55:00,75.507,12288.621,39.373,337.707,120.767,72.07,67.35,77.81,69.88,-0.14,59.1
2025-03-25 03:00:00,72.727,12318.054,39.457,339.925,120.428,72.02,68.13,77.39,69.75,0.02,59.11
2025-03-25 03:05:00,77.91,12686.758,39.761,336.001,118.175,72.29,68.91,78.31,69.67,2.35,59.12
2025-03-25 03:10:00,73.319,12098.767,39.877,341.533,119.98,71.05,67.52,77.8,69.55,1.47,59.13
2025-03-25 03:15:00,76.566,12194.253,39.591,335.032,117.738,72.13,68.19,78.3,70.44,1.97,59.14
2025-03-25 03:20:00,72.305,11996.885,39.036,342.927,124.218,72.06,68.19,77.98,70.28,1.29,59.14
2025-03-25 03:25:00,71.731,12250.062,39.457,338.69,114.749,72.85,68.48,77.61,70.51,0.63,59.15
2025-03-25 03:30:00,72.571,11748.313,39.553,343.168,117.61,71.74,68.02,76.7,69.77,2.5,59.16
2025-03-25 03:35:00,75.356,12193.608,38.683,332.243,120.476,72.56,68.31,78.25,70.16,2.08,59.17
2025-03-25 03:40:00,74.566,11863.864,39.03,329.512,117.894,73.57,68.94,79.48,70.86,2.54,59.18
2025-03-25 03:45:00,76.255,12561.93,38.86,332.728,121.144,73.08,69.98,78.52,70.69,2.07,59.19
2025-03-25 03:50:00,76.376,12218.862,38.599,340.401,121.387,73.5,68.94,79.0,71.25,1.42,59.19
2025-03-25 03:55:00,74.47,12509.098,39.354,341.369,119.827,72.63,68.78,78.94,70.86,3.58,59.2
2025-03-25 04:00:00,73.98,12486.741,39.219,333.823,119.574,71.95,68.41,78.88,70.55,2.0,59.21
2025-03-25 04:05:00,77.138,12250.666,39.382,337.676,120.138,73.1,68.89,79.25,70.8,3.28,59.22
2025-03-25 04:10:00,74.587,12475.736,38.922,341.263,118.781,73.12,69.91,79.31,71.81,0.7,59.23
2025-03-25 04:15:00,72.143,12366.802,39.002,337.835,119.317,73.27,70.1,78.38,71.38,1.32,59.23
2025-03-25 04:20:00,72.497,12106.916,39.117,339.36,122.117,73.62,69.84,79.54,72.12,3.2,59.24
2025-03-25 04:25:00,72.539,12298.949,39.136,341.243,122.527,73.73,70.11,80.14,72.0,3.57,59.25
2025-03-25 04:30:00,76.809,11974.392,39.468,346.284,114.688,74.5,70.7,80.87,72.08,3.22,59.26
2025-03-25 04:35:00,77.456,12215.052,39.885,334.485,117.792,74.35,71.07,80.82,72.41,2.92,59.27
2025-03-25 04:40:00,79.494,12668.988,39.223,337.228,120.883,76.1,72.79,82.05,73.38,1.47,59.28
2025-03-25 04:45:00,76.864,12516.569,39.067,331.921,122.566,76.34,72.55,81.46,74.26,2.0,59.28
2025-03-25 04:50:00,74.404,12451.043,39.5,331.844,121.871,77.1,72.29,83.29,74.85,3.03,59.29
2025-03-25 04:55:00,76.593,12570.814,39.154,337.089,122.16,77.77,72.82,83.43,75.41,2.99,59.3
2025-03-25 05:00:00,78.826,12164.493,39.309,341.497,124.043,78.08,73.38,83.75,76.2,2.26,59.31
2025-03-25 05:05:00,77.089,12321.233,39.281,341.057,123.748,76.59,72.68,81.8,74.59,2.77,59.32
2025-03-25 05:10:00,77.184,12431.736,39.287,340.08,123.71,76.35,72.26,82.27,74.71,2.1,59.32
2025-03-25 05:15:00,74.58,12300.26,39.281,339.915,120.264,75.79,72.04,81.62,73.86,2.84,59.33
2025-03-25 05:20:00,75.653,12321.286,38.343,349.308,120.694,76.78,72.6,82.29,74.96,3.03,59.34
2025-03-25 05:25:00,73.246,12114.125,39.915,341.881,122.068,76.42,71.21,82.23,74.1,3.67,59.35
2025-03-25 05:30:00,82.621,12342.427,39.333,346.922,123.209,75.65,72.26,81.39,73.81,3.4,59.35
2025-03-25 05:35:00,73.432,12591.377,38.977,339.766,123.158,74.81,71.43,80.61,72.48,3.75,59.36
2025-03-25 05:40:00,75.687,12429.692,39.814,337.986,121.583,76.03,71.63,81.45,73.71,3.94,59.37
2025-03-25 05:45:00,74.816,12390.445,39.1,330.209,121.906,77.14,73.09,83.25,75.29,5.98,59.38
2025-03-25 05:50:00,75.799,12333.46,40.363,336.832,129.036,77.42,72.84,83.03,75.54,2.29,59.38
2025-03-25 05:55:00,76.063,12462.157,38.686,335.102,121.281,77.64,73.79,83.27,75.56,3.63,59.39
2025-03-25 06:00:00,74.947,12382.765,39.307,339.777,126.375,75.72,72.32,81.61,75.01,3.69,59.4
2025-03-25 06:05:00,70.379,12299.246,40.362,333.742,121.873,75.75,71.47,81.62,74.39,5.85,59.41
2025-03-25 06:10:00,78.536,12306.392,39.455,345.073,116.863,76.22,71.0,81.69,73.58,4.58,59.42
2025-03-25 06:15:00,77.47,12634.75,39.598,339.327,123.051,76.12,71.7,83.21,73.9,5.17,59.42
2025-03-25 06:20:00,74.484,12353.339,38.834,339.181,121.776,75.24,71.78,80.72,73.24,5.04,59.43
2025-03-25 06:25:00,75.059,12001.591,39.236,346.741,123.315,74.8,69.75,81.08,72.73,4.84,59.44
2025-03-25 06:30:00,73.512,12350.558,39.642,343.791,117.7,74.09,70.75,80.83,72.46,4.94,59.44
2025-03-25 06:35:00,75.015,12572.184,38.961,344.815,118.076,73.97,70.29,79.02,71.21,3.95,59.45
2025-03-25 06:40:00,73.689,12363.144,38.928,335.734,125.227,73.72,69.33,79.13,71.07,4.85,59.46
2025-03-25 06:45:00,80.113,12095.027,39.673,339.248,124.438,74.15,70.24,80.76,72.07,5.18,59.47
2025-03-25 06:50:00,77.03,12574.976,39.346,343.292,121.395,74.73,70.26,80.48,72.76,6.11,59.47
2025-03-25 06:55:00,76.502,12290.348,39.708,339.692,120.711,73.6,70.69,79.96,71.6,4.28,59.48
2025-03-25 07:00:00,69.853,12125.218,39.678,340.629,124.693,74.79,70.79,80.32,72.26,4.06,59.49
2025-03-25 07:05:00,74.802,12296.466,39.576,337.468,119.485,75.14,70.16,80.7,72.98,6.0,59.5
2025-03-25 07:10:00,77.364,12103.407,39.235,340.902,124.08,75.91,71.92,81.99,73.55,6.31,59.5
2025-03-25 07:15:00,77.115,12331.475,39.923,342.394,125.952,75.24,71.86,81.28,73.51,5.65,59.51
2025-03-25 07:20:00,77.224,12162.684,40.152,339.289,122.504,75.58,71.17,82.14,73.08,8.12,59.52
2025-03-25 07:25:00,78.234,12440.83,39.698,340.274,125.404,76.39,72.24,83.17,74.23,6.98,59.52
2025-03-25 07:30:00,75.047,12048.762,39.631,345.086,124.385,76.75,72.48,82.75,74.53,6.2,59.53
2025-03-25 07:35:00,76.977,12330.583,39.497,348.163,124.758,76.39,72.89,82.84,74.41,7.74,59.54
2025-03-25 07:40:00,82.094,12135.928,39.655,340.372,125.063,77.69,74.3,84.56,75.85,5.74,59.54
2025-03-25 07:45:00,77.054,12217.129,39.979,334.104,120.518,77.55,72.69,82.43,75.29,7.48,59.55
2025-03-25 07:50:00,73.421,12263.45,39.586,345.112,122.881,76.93,72.53,82.72,74.3,6.83,59.56
2025-03-25 07:55:00,75.272,12603.597,40.467,333.611,123.466,76.25,72.32,82.4,75.37,6.14,59.56
2025-03-25 08:00:00,79.066,12196.268,39.388,345.851,120.24,76.48,72.86,82.64,74.35,6.99,59.57
2025-03-25 08:05:00,79.305,12539.675,39.547,340.345,123.352,77.41,73.11,82.51,75.72,6.76,59.58
2025-03-25 08:10:00,80.65,12297.593,39.497,342.057,126.882,77.63,73.08,82.54,74.98,6.85,59.58
2025-03-25 08:15:00,80.665,12204.755,39.989,340.8,128.106,76.82,73.28,83.92,75.67,9.18,59.59
2025-03-25 08:20:00,77.071,12580.48,39.391,343.937,126.017,77.16,72.57,82.58,74.43,6.81,59.6
2025-03-25 08:25:00,74.544,12770.927,39.243,336.525,121.16,76.1,72.33,82.85,74.42,8.66,59.6
2025-03-25 08:30:00,75.447,12478.969,40.011,343.43,125.364,75.97,72.62,82.02,73.14,7.68,59.61
2025-03-25 08:35:00,80.759,12350.79,39.82,335.019,121.909,76.42,72.47,81.27,73.03,6.66,59.62
2025-03-25 08:40:00,75.731,12349.031,39.752,340.396,118.013,75.86,71.19,81.97,74.0,6.99,59.62
2025-03-25 08:45:00,76.069,12465.867,39.811,342.558,122.023,75.28,70.95,80.88,73.16,7.82,59.63
2025-03-25 08:50:00,76.057,12071.285,40.804,345.59,119.623,74.21,70.53,80.8,72.64,10.22,59.64
2025-03-25 08:55:00,76.192,12164.593,39.908,339.101,122.305,74.69,70.45,81.55,72.77,8.09,59.64
2025-03-25 09:00:00,76.724,12445.704,39.971,343.718,126.524,75.08,71.44,80.62,73.37,9.97,59.65
2025-03-25 09:05:00,77.173,12131.627,39.375,345.956,121.733,75.08,71.71,81.25,73.54,9.46,59.65
2025-03-25 09:10:00,76.913,12174.121,39.723,338.377,119.483,74.91,71.5,80.83,72.83,9.23,59.66
2025-03-25 09:15:00,75.832,12479.046,40.379,337.829,122.626,75.17,70.36,80.94,73.29,8.28,59.67
2025-03-25 09:20:00,72.961,12288.091,39.654,343.563,119.908,75.27,71.54,81.28,73.44,8.14,59.67
2025-03-25 09:25:00,81.269,12690.033,40.023,334.64,126.055,75.84,71.19,81.01,73.18,9.28,59.68
2025-03-25 09:30:00,69.163,12105.752,39.64,341.878,125.092,75.11,70.76,81.62,73.0,9.24,59.68
2025-03-25 09:35:00,76.552,12381.323,40.269,341.143,123.735,74.99,70.59,80.76,72.39,10.1,59.69
2025-03-25 09:40:00,74.688,12010.591,39.572,332.235,122.146,74.84,71.74,81.4,73.32,8.92,59.7
2025-03-25 09:45:00,73.004,12601.537,40.146,342.728,120.49,74.48,70.23,80.19,72.83,7.68,59.7
2025-03-25 09:50:00,70.466,12182.561,39.701,342.477,128.272,75.03,70.78,80.28,72.19,10.29,59.71
2025-03-25 09:55:00,77.836,12427.305,40.453,335.005,122.285,74.92,70.69,81.77,73.22,9.2,59.71
2025-03-25 10:00:00,73.095,12384.644,40.196,335.02,117.848,75.09,71.58,81.01,72.81,10.48,59.72
2025-03-25 10:05:00,72.202,12417.544,40.157,343.619,118.805,75.53,71.95,81.02,73.82,10.57,59.72
2025-03-25 10:10:00,73.497,12587.708,39.511,341.258,119.672,76.17,71.0,80.62,72.86,8.17,59.73
2025-03-25 10:15:00,75.317,12536.652,40.341,344.505,121.928,74.84,70.47,81.98,73.08,10.56,59.74
2025-03-25 10:20:00,77.319,12562.277,40.081,348.899,119.832,75.14,69.96,80.63,72.38,12.16,59.74
2025-03-25 10:25:00,73.496,12283.557,40.419,350.073,124.469,74.64,70.28,80.53,72.57,10.59,59.75
2025-03-25 10:30:00,75.608,12200.195,39.547,340.31,121.312,73.66,69.93,79.38,71.38,11.07,59.75
2025-03-25 10:35:00,75.4,12508.465,39.723,346.277,121.241,74.32,70.12,79.2,72.87,10.25,59.76
2025-03-25 10:40:00,79.985,12242.781,39.857,345.612,117.755,72.32,68.18,77.74,70.41,11.44,59.76
2025-03-25 10:45:00,74.079,12070.523,40.38,337.732,122.943,73.44,69.24,79.24,70.97,11.11,59.77
2025-03-25 10:50:00,74.456,12410.039,40.123,341.856,124.946,73.48,69.81,78.97,72.44,12.0,59.77
2025-03-25 10:55:00,74.157,12341.131,40.464,346.79,121.671,72.85,68.45,79.66,70.61,11.29,59.78
2025-03-25 11:00:00,75.917,12462.331,40.244,340.11,121.426,72.91,68.71,78.73,70.84,11.42,59.78
2025-03-25 11:05:00,70.193,12481.057,40.412,339.685,121.862,72.22,68.62,78.93,70.9,12.16,59.79
2025-03-25 11:10:00,78.24,11881.972,39.592,337.519,124.759,71.87,67.93,78.31,70.34,11.3,59.79
2025-03-25 11:15:00,79.24,12420.304,39.731,341.407,122.047,73.32,69.09,78.98,71.18,12.12,59.8
2025-03-25 11:20:00,68.753,12537.43,39.864,346.752,122.227,72.92,68.74,78.39,70.95,11.17,59.8
2025-03-25 11:25:00,74.639,12265.471,40.248,346.626,124.245,72.7,68.67,79.17,70.81,12.2,59.81
2025-03-25 11:30:00,75.749,12197.636,40.311,350.525,123.852,73.11,69.62,78.68,71.9,10.13,59.81
2025-03-25 11:35:00,74.972,12489.711,40.333,345.683,122.058,74.14,70.18,79.25,71.72,10.89,59.82
2025-03-25 11:40:00,74.428,12080.012,40.465,342.928,125.642,73.61,70.35,80.15,71.9,11.86,59.82
2025-03-25 11:45:00,74.533,12563.172,40.612,343.101,127.819,74.67,70.96,80.66,72.49,11.89,59.83
2025-03-25 11:50:00,76.097,12481.895,40.647,341.509,119.06,74.91,69.91,80.94,71.99,11.4,59.83
2025-03-25 11:55:00,74.91,12405.317,40.378,345.909,118.69,73.86,70.03,80.66,72.33,11.26,59.83
2025-03-25 12:00:00,77.083,12194.036,40.691,339.518,115.922,73.05,69.17,79.24,71.33,12.34,59.84
2025-03-25 12:05:00,72.057,12530.512,39.9,347.769,123.272,73.78,69.89,80.15,72.31,11.45,59.84
2025-03-25 12:10:00,76.534,12539.029,40.271,339.401,126.262,73.85,70.48,80.58,72.44,11.04,59.85
2025-03-25 12:15:00,73.707,12211.647,39.859,342.319,122.299,75.21,69.79,80.05,71.79,11.29,59.85
2025-03-25 12:20:00,72.57,12586.17,40.398,346.535,123.564,73.78,70.64,80.2,71.38,11.68,59.86
2025-03-25 12:25:00,72.981,12490.487,40.783,346.372,125.508,74.69,71.06,80.62,73.12,11.6,59.86
2025-03-25 12:30:00,73.267,12542.34,39.857,343.6,124.611,74.46,70.26,80.33,71.76,11.74,59.86
2025-03-25 12:35:00,73.247,12606.457,40.034,342.049,124.384,75.66,70.42,80.77,72.33,12.23,59.87
2025-03-25 12:40:00,76.609,12280.298,39.892,344.518,123.176,74.59,70.93,81.23,72.79,12.91,59.87
2025-03-25 12:45:00,77.771,12553.007,40.333,343.103,127.2,75.14,70.43,81.3,72.85,12.32,59.88
2025-03-25 12:50:00,78.203,12340.179,40.459,345.613,123.7,76.0,71.8,80.97,72.3,12.76,59.88
2025-03-25 12:55:00,73.788,12470.742,40.072,347.658,127.955,75.93,71.33,81.22,73.03,13.45,59.88
2025-03-25 13:00:00,72.916,12452.539,39.878,343.301,125.0,75.94,72.48,82.2,74.26,12.31,59.89
2025-03-25 13:05:00,78.994,12156.027,39.951,346.12,124.159,75.19,71.05,80.8,73.54,12.9,59.89
2025-03-25 13:10:00,71.245,12132.811,39.662,337.518,126.024,75.32,70.57,81.31,72.81,10.64,59.89
2025-03-25 13:15:00,75.364,12504.568,40.395,344.413,127.485,73.62,70.24,79.95,72.12,12.39,59.9
2025-03-25 13:20:00,74.009,12148.932,40.372,336.118,122.194,73.23,69.43,79.33,71.8,12.66,59.9
2025-03-25 13:25:00,73.774,12295.741,40.261,347.879,129.448,74.23,71.3,80.69,72.18,11.72,59.91
2025-03-25 13:30:00,76.487,12754.94,40.141,339.943,123.21,74.41,70.11,80.38,72.85,11.68,59.91
2025-03-25 13:35:00,79.416,12224.697,40.494,351.39,121.679,74.73,71.54,80.94,72.7,12.12,59.91
2025-03-25 13:40:00,75.135,12505.229,39.622,353.131,124.522,74.79,70.47,80.29,72.25,12.68,59.92
2025-03-25 13:45:00,75.721,12383.994,40.433,344.868,126.86,75.51,71.42,81.07,72.28,12.35,59.92
2025-03-25 13:50:00,72.956,12720.097,39.911,347.604,122.55,75.11,71.88,81.64,73.34,11.83,59.92
2025-03-25 13:55:00,73.646,12398.441,39.634,343.173,121.596,74.16,70.34,80.66,72.07,11.7,59.92
2025-03-25 14:00:00,74.282,12561.589,40.044,343.03,126.285,74.68,70.1,80.87,71.88,11.08,59.93
2025-03-25 14:05:00,77.527,12500.704,39.771,345.162,121.531,74.48,70.41,80.07,72.27,12.8,59.93
2025-03-25 14:10:00,73.718,12616.492,40.188,347.235,120.785,74.69,70.99,80.89,72.68,11.24,59.93
2025-03-25 14:15:00,77.289,12577.942,40.069,343.352,127.042,74.83,70.03,81.17,72.71,12.51,59.94
2025-03-25 14:20:00,71.973,12328.871,39.718,342.14,126.545,74.67,71.04,80.38,73.21,11.23,59.94
2025-03-25 14:25:00,78.44,12411.733,40.748,345.158,125.144,74.82,71.72,81.19,73.11,11.64,59.94
2025-03-25 14:30:00,74.112,12410.71,40.346,340.866,124.89,73.78,70.23,80.4,72.69,11.73,59.94
2025-03-25 14:35:00,76.696,12358.04,40.354,353.083,120.463,72.73,68.93,78.66,72.17,11.61,59.95
2025-03-25 14:40:00,73.667,12546.311,40.487,341.837,125.463,72.82,68.68,79.06,70.92,12.54,59.95
2025-03-25 14:45:00,75.21,12125.084,40.233,349.284,126.578,72.96,69.13,79.1,71.72,10.63,59.95
2025-03-25 14:50:00,77.431,12258.444,40.326,348.774,127.833,73.22,69.2,78.82,71.49,11.45,59.95
2025-03-25 14:55:00,73.977,12286.732,40.722,346.822,118.657,72.63,68.89,78.99,71.25,13.08,59.96
2025-03-25 15:00:00,76.859,12260.265,39.403,350.794,122.531,72.64,68.98,78.63,70.61,10.83,59.96
2025-03-25 15:05:00,69.72,12231.503,40.55,349.007,120.09,72.57,69.09,78.65,70.21,13.19,59.96
2025-03-25 15:10:00,75.617,12431.075,39.817,344.481,123.623,72.39,69.28,78.33,70.33,12.23,59.96
2025-03-25 15:15:00,,,,,,,,,,,
2025-03-25 15:20:00,,,,,,,,,,,
2025-03-25 15:25:00,,,,,,,,,,,
2025-03-25 15:30:00,,,,,,,,,,,
2025-03-25 15:35:00,,,,,,,,,,,
2025-03-25 15:40:00,,,,,,,,,,,
2025-03-25 15:45:00,74.495,12562.75,39.952,346.309,124.229,72.57,68.77,78.5,71.1,10.96,59.98
2025-03-25 15:50:00,72.903,12395.397,39.442,352.508,118.577,72.87,68.52,78.35,70.01,11.95,59.98
2025-03-25 15:55:00,71.567,11995.484,40.904,352.827,122.549,71.99,68.27,78.12,69.74,12.35,59.98
2025-03-25 16:00:00,74.564,12289.229,40.311,348.66,125.248,71.23,68.71,77.49,69.87,10.91,59.98
2025-03-25 16:05:00,74.423,12380.142,40.084,350.51,124.008,72.96,67.8,78.0,70.56,9.89,59.98
2025-03-25 16:10:00,77.337,12256.964,40.473,345.546,125.011,72.97,68.31,79.13,70.09,9.46,59.98
2025-03-25 16:15:00,76.199,12457.739,39.522,348.297,124.175,72.72,68.37,78.57,71.62,11.53,59.99
2025-03-25 16:20:00,77.682,12408.521,39.668,346.153,122.942,73.55,69.25,79.17,71.84,12.74,59.99
2025-03-25 16:25:00,75.885,12259.367,40.172,341.629,122.725,73.74,69.96,79.38,71.02,11.1,59.99
2025-03-25 16:30:00,77.406,12360.647,39.594,342.714,120.579,73.86,70.08,80.3,72.74,10.78,59.99
2025-03-25 16:35:00,72.419,12595.227,40.291,340.628,122.552,74.4,70.96,79.95,72.15,10.05,59.99
2025-03-25 16:40:00,77.543,12806.765,40.299,342.6,125.688,74.26,70.87,80.4,71.28,11.87,59.99
2025-03-25 16:45:00,78.591,12408.92,40.645,353.518,123.59,74.68,70.74,81.24,72.97,11.44,59.99
2025-03-25 16:50:00,80.093,12836.203,40.129,347.223,122.039,74.51,71.59,80.53,73.57,10.28,59.99
2025-03-25 16:55:00,78.177,12401.326,39.604,346.517,120.272,75.83,71.4,81.16,73.57,10.51,59.99
2025-03-25 17:00:00,78.173,12681.589,39.733,344.788,121.045,75.91,72.06,82.45,74.57,9.41,60.0
2025-03-25 17:05:00,76.619,12646.908,39.953,354.126,122.739,75.27,71.34,81.19,73.03,9.8,60.0
2025-03-25 17:10:00,72.972,12859.7,39.513,340.52,124.715,75.27,71.23,81.49,72.63,9.45,60.0
2025-03-25 17:15:00,72.892,12576.116,39.795,344.647,123.908,73.98,69.71,79.81,72.1,10.8,60.0
2025-03-25 17:20:00,74.906,12748.15,40.562,346.359,122.968,72.68,69.61,79.2,71.53,9.15,60.0
2025-03-25 17:25:00,67.506,12582.184,40.015,350.014,122.068,73.16,69.07,79.32,71.03,10.25,60.0
2025-03-25 17:30:00,73.303,12355.209,40.38,337.978,122.939,72.77,69.15,78.61,70.46,9.93,60.0
2025-03-25 17:35:00,70.933,12234.863,39.906,348.752,122.05,73.51,69.07,78.76,70.95,9.28,60.0
2025-03-25 17:40:00,72.846,12481.551,39.782,344.28,121.81,71.23,68.73,77.28,69.94,10.65,60.0
2025-03-25 17:45:00,73.647,12420.685,39.511,343.149,125.227,72.2,67.97,79.71,70.94,10.04,60.0
2025-03-25 17:50:00,73.156,12437.305,39.62,343.509,119.072,71.23,68.38,78.05,69.54,8.88,60.0
2025-03-25 17:55:00,74.588,12217.831,39.772,344.279,125.784,72.95,68.67,78.54,70.49,7.17,60.0
2025-03-25 18:00:00,72.764,11985.936,39.585,344.919,123.799,72.22,68.48,78.15,70.53,6.75,60.0
2025-03-25 18:05:00,73.366,12295.444,39.745,342.474,119.445,71.21,67.79,77.68,69.42,9.77,60.0
2025-03-25 18:10:00,69.982,12609.237,39.716,346.869,124.37,72.81,68.05,78.26,70.82,8.86,60.0
2025-03-25 18:15:00,76.438,12578.005,39.481,346.512,123.871,73.72,69.36,78.86,72.46,7.69,60.0
2025-03-25 18:20:00,73.159,12047.195,39.682,351.249,125.192,72.46,68.97,79.0,71.15,8.89,60.0
2025-03-25 18:25:00,75.286,12591.887,39.418,344.414,123.25,73.62,69.75,79.59,70.86,9.59,60.0
2025-03-25 18:30:00,73.792,12788.319,39.638,352.456,124.99,73.96,69.88,79.68,71.64,8.46,60.0
2025-03-25 18:35:00,71.669,12370.839,40.227,345.241,124.854,75.36,70.7,80.29,73.52,8.1,60.0
2025-03-25 18:40:00,74.034,12583.441,39.617,346.828,124.473,75.79,71.62,81.81,74.26,9.07,60.0
2025-03-25 18:45:00,78.317,12321.819,39.736,348.267,122.942,75.36,72.44,81.11,73.6,7.42,60.0
2025-03-25 18:50:00,75.631,12249.968,39.971,348.347,126.425,76.22,72.61,82.45,73.55,7.97,60.0
2025-03-25 18:55:00,74.566,12438.005,40.457,347.194,121.949,76.21,72.18,81.82,73.36,7.16,60.0
2025-03-25 19:00:00,80.714,12536.796,39.304,339.222,121.134,74.67,71.41,80.82,73.53,8.14,60.0
2025-03-25 19:05:00,76.627,12463.406,39.883,346.937,125.414,75.15,71.18,80.43,73.49,8.32,59.99
2025-03-25 19:10:00,75.171,12578.627,39.725,343.568,124.288,75.42,71.08,80.81,73.15,7.1,59.99
2025-03-25 19:15:00,72.103,12309.881,39.918,347.48,127.208,75.53,72.0,82.06,74.4,8.04,59.99
2025-03-25 19:20:00,76.952,12741.592,39.787,345.89,125.536,76.38,71.36,81.55,73.4,5.31,59.99
2025-03-25 19:25:00,76.834,12303.55,39.51,352.156,123.716,75.54,71.65,81.75,73.57,6.63,59.99
2025-03-25 19:30:00,75.373,12350.58,39.573,344.055,125.213,75.88,72.03,81.26,73.81,7.95,59.99
2025-03-25 19:35:00,74.916,12597.418,39.889,339.453,124.115,76.08,72.89,82.11,73.95,6.86,59.99
2025-03-25 19:40:00,73.357,12570.944,39.121,349.298,124.656,76.68,73.01,83.4,74.37,6.38,59.99
2025-03-25 19:45:00,78.833,12505.592,39.343,340.812,125.298,77.48,73.58,83.21,75.41,7.18,59.99
2025-03-25 19:50:00,78.24,12404.617,40.279,342.288,126.189,76.66,72.57,82.41,74.9,7.38,59.98
2025-03-25 19:55:00,76.577,12383.463,39.6,344.366,119.925,75.64,72.31,82.22,74.75,5.92,59.98
2025-03-25 20:00:00,77.662,12616.212,40.053,345.098,121.581,76.55,73.28,83.44,75.07,6.81,59.98
2025-03-25 20:05:00,76.25,12324.473,39.505,345.868,123.195,75.59,71.86,81.73,74.3,6.18,59.98
2025-03-25 20:10:00,76.166,12512.825,39.279,347.201,125.194,76.07,70.49,81.44,72.65,5.1,59.98
2025-03-25 20:15:00,76.782,12235.504,39.697,343.159,122.11,76.72,71.87,81.59,73.34,5.93,59.98
2025-03-25 20:20:00,77.286,12771.441,39.636,351.925,126.838,75.84,71.45,81.69,73.29,4.84,59.98
2025-03-25 20:25:00,75.187,12596.783,39.194,345.012,121.82,76.52,72.09,81.75,73.99,6.24,59.97
2025-03-25 20:30:00,76.194,12461.349,40.469,343.704,126.186,74.83,71.38,80.16,73.2,7.45,59.97
2025-03-25 20:35:00,71.048,12483.206,39.577,344.147,122.469,74.93,70.97,80.83,72.69,4.06,59.97
2025-03-25 20:40:00,69.998,12552.318,40.078,342.262,126.36,73.88,70.75,80.44,72.83,5.24,59.97
2025-03-25 20:45:00,76.754,12419.249,39.482,345.262,125.189,74.79,70.37,80.67,73.03,4.01,59.97
2025-03-25 20:50:00,73.568,12482.187,39.831,350.249,123.002,75.67,71.27,81.6,72.61,4.84,59.96
2025-03-25 20:55:00,72.017,12408.848,39.086,342.741,126.102,75.82,71.26,81.86,73.59,4.57,59.96
2025-03-25 21:00:00,77.749,12069.15,38.941,346.599,127.775,77.01,71.92,82.21,73.7,4.72,59.96
2025-03-25 21:05:00,72.205,12363.941,40.064,345.347,126.047,77.16,72.74,83.3,74.64,5.68,59.96
2025-03-25 21:10:00,74.103,12577.385,39.559,346.568,122.245,76.81,72.56,82.34,74.81,5.01,59.95
2025-03-25 21:15:00,76.577,12649.933,39.562,344.988,120.665,76.18,72.19,82.01,73.88,3.71,59.95
2025-03-25 21:20:00,75.999,12529.507,39.287,350.465,127.986,77.12,73.39,82.64,74.46,3.52,59.95
2025-03-25 21:25:00,75.937,12582.382,39.935,335.431,123.838,76.78,72.92,82.68,74.61,3.37,59.95
2025-03-25 21:30:00,77.24,12631.16,39.111,348.788,129.524,76.99,73.85,83.25,75.97,3.15,59.94
2025-03-25 21:35:00,78.567,12568.555,39.234,339.544,124.047,78.21,74.18,83.43,76.2,4.66,59.94
2025-03-25 21:40:00,75.163,12567.302,39.999,336.622,124.925,76.93,73.0,83.84,75.06,2.87,59.94
2025-03-25 21:45:00,73.231,12400.357,39.428,347.367,124.566,76.89,72.08,82.39,74.6,2.88,59.94
2025-03-25 21:50:00,76.291,12820.919,39.487,348.402,123.139,76.84,73.55,82.76,74.46,3.83,59.93
2025-03-25 21:55:00,77.692,12265.63,38.763,350.676,122.243,77.2,72.87,82.25,75.72,2.57,59.93
2025-03-25 22:00:00,76.787,12892.987,39.717,343.447,122.415,76.94,72.78,82.91,75.2,3.7,59.93
2025-03-25 22:05:00,76.854,12221.027,39.129,343.598,126.856,76.72,72.51,82.54,74.33,4.18,59.92
2025-03-25 22:10:00,83.299,12805.775,39.461,336.954,129.153,77.97,74.14,83.81,75.92,3.87,59.92
2025-03-25 22:15:00,73.423,12896.955,39.377,346.841,122.966,77.76,74.51,83.51,75.76,4.18,59.92
2025-03-25 22:20:00,70.684,12554.666,39.893,338.16,123.939,77.75,74.19,84.03,75.45,3.58,59.92
2025-03-25 22:25:00,74.861,12620.837,39.412,339.842,125.416,76.72,72.87,83.03,75.0,3.02,59.91
2025-03-25 22:30:00,76.014,12920.539,39.198,343.655,131.214,78.12,73.23,83.93,75.93,2.44,59.91
2025-03-25 22:35:00,76.241,12438.176,39.562,339.91,122.479,77.04,73.62,84.55,75.17,1.86,59.91
2025-03-25 22:40:00,78.06,12752.775,38.994,344.248,128.213,78.15,73.84,83.11,75.8,2.98,59.9
2025-03-25 22:45:00,79.32,12260.916,39.555,352.567,126.616,77.97,74.34,83.79,75.4,3.25,59.9
2025-03-25 22:50:00,76.901,12664.911,39.947,343.772,130.161,77.7,74.13,84.08,75.35,1.98,59.89
2025-03-25 22:55:00,78.272,12376.977,40.339,340.507,126.715,77.8,73.3,83.77,74.62,4.53,59.89
2025-03-25 23:00:00,79.91,12329.168,39.093,348.289,125.129,77.12,73.63,83.46,76.66,2.15,59.89
2025-03-25 23:05:00,75.44,12623.432,39.778,342.277,120.11,78.51,75.09,84.54,75.71,1.75,59.88
2025-03-25 23:10:00,75.635,12612.949,39.403,343.856,124.34,78.35,74.19,84.37,76.52,1.21,59.88
2025-03-25 23:15:00,78.906,12488.649,39.317,346.438,124.15,78.72,74.68,85.36,75.99,3.57,59.88
2025-03-25 23:20:00,81.199,12534.077,39.243,341.349,125.064,78.56,74.65,84.3,76.18,2.62,59.87
2025-03-25 23:25:00,78.305,12351.812,38.573,345.33,125.904,78.35,73.98,85.12,76.0,1.71,59.87
2025-03-25 23:30:00,79.885,12625.848,39.024,341.214,125.216,79.85,74.54,85.85,77.42,2.45,59.86
2025-03-25 23:35:00,79.756,12556.798,38.831,339.396,126.072,79.77,75.79,85.69,77.65,0.83,59.86
2025-03-25 23:40:00,78.491,12649.924,39.232,340.701,121.134,79.73,76.5,86.2,78.01,3.02,59.86
2025-03-25 23:45:00,77.828,12610.776,39.332,342.288,129.142,79.73,76.22,86.11,78.1,0.63,59.85
2025-03-25 23:50:00,78.382,13128.176,39.216,333.825,128.468,81.0,76.98,86.68,78.88,3.07,59.85
2025-03-25 23:55:00,75.455,12700.767,38.901,349.001,129.91,80.59,77.06,86.42,79.05,2.04,59.84
2025-03-26 00:00:00,78.626,12903.097,39.919,342.553,126.155,79.48,75.73,86.19,77.55,2.09,59.84
2025-03-26 00:05:00,81.446,12561.608,39.068,337.484,126.393,79.72,75.4,85.51,77.62,1.45,59.83
2025-03-26 00:10:00,76.475,12730.921,39.066,345.78,126.937,80.0,76.63,85.07,77.61,2.51,59.83
2025-03-26 00:15:00,80.792,12795.202,39.763,343.129,128.176,80.44,77.38,86.56,79.31,2.03,59.83
2025-03-26 00:20:00,76.062,12814.865,39.48,340.424,128.189,81.28,77.26,87.46,79.08,1.24,59.82
2025-03-26 00:25:00,79.847,12706.553,38.723,340.352,127.943,80.56,76.6,86.89,77.79,2.03,59.82
2025-03-26 00:30:00,77.358,12876.033,39.156,345.348,123.714,80.67,76.79,86.65,78.89,1.72,59.81
2025-03-26 00:35:00,78.167,12522.493,39.592,340.18,125.114,79.41,75.52,85.6,77.21,1.26,59.81
2025-03-26 00:40:00,77.532,12594.467,39.131,338.724,125.199,80.03,76.3,85.34,78.18,0.67,59.8
2025-03-26 00:45:00,82.08,12596.682,39.559,347.377,126.541,78.67,74.7,84.99,77.41,2.48,59.8
2025-03-26 00:50:00,76.405,12601.789,39.297,332.021,122.421,80.02,75.3,86.2,77.63,2.88,59.79
2025-03-26 00:55:00,73.837,12580.906,39.413,352.217,130.858,79.47,75.69,85.93,78.33,0.36,59.79
2025-03-26 01:00:00,77.228,12427.653,39.241,349.18,122.862,79.15,75.88,86.29,77.75,0.73,59.78
2025-03-26 01:05:00,82.506,13075.693,39.002,337.254,128.62,80.44,76.31,87.2,78.24,2.25,59.78
2025-03-26 01:10:00,80.868,12362.092,39.385,344.048,131.962,79.68,75.42,85.3,76.6,2.0,59.77
2025-03-26 01:15:00,79.111,12377.749,38.894,339.56,123.804,78.46,74.64,85.04,76.4,2.28,59.77
2025-03-26 01:20:00,81.546,12441.379,39.086,334.673,128.757,78.13,76.3,85.11,76.37,0.95,59.76
2025-03-26 01:25:00,75.458,12722.002,39.547,335.204,126.04,78.2,74.81,84.86,77.85,1.76,59.76
2025-03-26 01:30:00,81.833,12640.268,39.62,344.322,127.39,78.14,74.01,83.93,76.03,1.44,59.75
2025-03-26 01:35:00,82.431,12614.268,39.302,332.505,123.699,77.55,73.73,83.68,75.13,1.13,59.75
2025-03-26 01:40:00,74.095,12844.418,39.411,341.967,121.585,77.81,73.5,83.65,75.71,1.07,59.74
2025-03-26 01:45:00,76.881,12290.49,39.183,347.553,125.213,77.24,73.58,82.95,75.97,1.04,59.74
2025-03-26 01:50:00,73.764,12584.951,39.714,335.575,129.128,76.65,73.12,83.73,75.21,1.19,59.73
2025-03-26 01:55:00,79.777,12610.055,39.487,344.215,123.609,78.23,73.74,83.99,76.24,-0.01,59.72
2025-03-26 02:00:00,72.408,12675.377,39.006,346.154,126.698,78.33,74.64,84.56,77.03,0.95,59.72
2025-03-26 02:05:00,78.737,12561.068,39.838,344.109,124.721,78.35,74.21,83.82,75.59,0.95,59.71
2025-03-26 02:10:00,81.123,12475.066,39.264,333.882,127.387,77.56,73.8,83.79,75.54,1.62,59.71
2025-03-26 02:15:00,77.538,12345.705,39.972,348.107,126.681,78.25,74.38,84.8,76.32,2.9,59.7
2025-03-26 02:20:00,75.063,12572.989,39.561,338.24,127.007,77.69,72.81,83.0,74.97,0.75,59.7
2025-03-26 02:25:00,77.931,12496.058,39.489,337.629,122.227,77.48,73.11,82.79,75.16,0.89,59.69
2025-03-26 02:30:00,74.151,12454.564,38.629,335.868,124.181,77.41,72.74,83.17,75.23,0.26,59.68
2025-03-26 02:35:00,78.996,12361.986,39.053,340.184,126.129,77.49,73.61,84.14,75.24,0.65,59.68
2025-03-26 02:40:00,76.974,12602.734,39.702,338.757,124.846,77.67,73.66,84.09,75.71,1.38,59.67
2025-03-26 02:45:00,75.849,12087.013,39.078,337.935,123.941,78.76,74.65,84.59,75.86,2.39,59.67
2025-03-26 02:50:00,76.671,12587.77,39.606,337.872,128.275,77.77,74.23,84.64,75.72,1.31,59.66
2025-03-26 02:55:00,81.777,12434.152,38.969,344.006,124.56,79.31,74.66,83.55,76.59,2.41,59.65
2025-03-26 03:00:00,76.763,12416.651,38.874,344.529,126.393,78.62,74.7,84.78,76.21,1.48,59.65
2025-03-26 03:05:00,78.766,12482.425,38.97,347.375,126.235,78.31,74.59,84.48,76.19,1.65,59.64
2025-03-26 03:10:00,78.944,12528.41,39.246,339.877,122.299,78.89,74.32,83.85,76.48,1.33,59.64
2025-03-26 03:15:00,81.767,12317.444,39.259,338.267,125.19,79.01,74.61,84.36,76.68,0.75,59.63
2025-03-26 03:20:00,78.495,12284.032,39.185,339.455,123.874,79.17,74.79,85.55,77.67,3.91,59.62
2025-03-26 03:25:00,80.368,12583.531,39.762,336.679,123.745,78.9,76.1,85.73,77.65,2.15,59.62
2025-03-26 03:30:00,79.127,12409.183,39.689,343.105,129.963,78.67,75.57,86.02,78.18,0.96,59.61
2025-03-26 03:35:00,78.66,12649.156,39.463,340.24,124.301,79.52,76.09,86.43,77.44,2.58,59.6
2025-03-26 03:40:00,76.739,13016.096,39.519,337.4,127.231,79.5,75.85,85.5,77.89,2.32,59.6
2025-03-26 03:45:00,79.719,12797.844,38.99,333.146,123.045,80.27,76.04,86.54,78.59,0.11,59.59
2025-03-26 03:50:00,80.831,12701.585,39.514,343.687,128.962,80.75,76.52,86.09,78.69,1.03,59.58
2025-03-26 03:55:00,81.213,12570.44,39.689,335.767,126.355,81.36,76.52,87.0,78.29,2.54,59.58
2025-03-26 04:00:00,80.266,12518.353,39.156,331.524,126.312,80.74,77.62,86.48,79.52,2.64,59.57
2025-03-26 04:05:00,74.731,12791.402,39.422,338.065,124.619,80.01,76.24,85.84,78.21,2.89,59.56
2025-03-26 04:10:00,79.003,12480.466,39.091,338.573,124.992,79.16,75.31,85.41,77.7,1.44,59.56
2025-03-26 04:15:00,81.653,12852.26,38.83,342.412,125.043,80.28,76.46,86.08,78.17,2.95,59.55
2025-03-26 04:20:00,77.345,12857.231,39.364,333.124,128.717,80.19,76.66,86.49,78.36,2.19,59.54
2025-03-26 04:25:00,73.487,12809.23,39.697,334.598,129.213,81.49,77.27,87.78,79.36,3.38,59.54
2025-03-26 04:30:00,80.327,12762.663,39.528,345.043,129.475,82.18,78.2,88.07,79.91,2.37,59.53
2025-03-26 04:35:00,79.909,13103.956,39.788,338.714,127.32,82.27,77.87,88.64,79.93,3.34,59.52
2025-03-26 04:40:00,80.008,12556.073,39.709,338.459,130.26,82.81,78.54,88.74,80.58,2.75,59.52
2025-03-26 04:45:00,78.721,12769.778,39.563,338.183,124.192,83.31,79.82,89.6,81.62,2.96,59.51
2025-03-26 04:50:00,83.59,13022.339,38.84,334.774,127.215,84.4,80.01,90.58,82.49,2.75,59.5
2025-03-26 04:55:00,77.432,12650.789,40.309,339.008,126.974,84.04,80.26,89.33,81.91,3.36,59.5
2025-03-26 05:00:00,80.822,12306.784,38.425,335.879,127.05,84.65,80.75,90.56,82.51,3.15,59.49
2025-03-26 05:05:00,82.691,12673.979,39.104,335.995,124.734,85.5,81.37,91.17,82.95,3.29,59.48
2025-03-26 05:10:00,85.907,12579.922,39.616,333.409,126.489,85.12,80.94,90.67,82.43,3.97,59.47
2025-03-26 05:15:00,80.819,12681.647,39.347,333.109,130.67,84.71,81.09,91.21,82.98,2.71,59.47
2025-03-26 05:20:00,84.872,12582.304,38.844,344.769,125.752,84.75,80.53,90.77,82.73,3.78,59.46
2025-03-26 05:25:00,79.593,13031.787,39.332,345.614,125.147,84.71,80.6,90.99,82.77,3.47,59.45
2025-03-26 05:30:00,84.358,12556.837,39.237,329.445,128.297,84.23,80.0,89.88,81.69,3.85,59.44
2025-03-26 05:35:00,79.81,12595.554,39.364,333.808,124.338,82.87,79.47,89.03,81.0,4.57,59.44
2025-03-26 05:40:00,82.747,12546.92,39.285,329.127,127.269,83.44,79.66,90.36,81.04,4.57,59.43
2025-03-26 05:45:00,79.239,12689.273,39.476,338.399,126.889,84.11,80.21,90.64,82.48,3.5,59.42
2025-03-26 05:50:00,88.144,12480.95,39.07,335.958,130.985,83.51,79.55,89.82,82.37,5.36,59.42
2025-03-26 05:55:00,79.961,12592.686,39.127,333.521,125.675,82.65,78.44,88.62,80.86,3.45,59.41
2025-03-26 06:00:00,79.209,12428.154,38.935,334.137,127.655,82.15,77.47,87.9,79.93,3.89,59.4
2025-03-26 06:05:00,81.957,12921.451,39.184,341.981,120.44,82.0,78.38,88.28,80.0,5.83,59.39
2025-03-26 06:10:00,80.991,12674.787,39.956,340.426,126.024,81.68,77.81,88.31,79.39,5.21,59.38
2025-03-26 06:15:00,79.062,12504.922,39.166,332.01,131.605,81.34,78.53,87.35,80.17,4.31,59.38
2025-03-26 06:20:00,83.522,12501.681,38.975,334.129,127.565,82.07,79.53,89.01,80.74,3.17,59.37
2025-03-26 06:25:00,80.637,12702.635,39.25,336.128,127.85,82.19,78.81,88.27,80.74,5.35,59.36
2025-03-26 06:30:00,78.001,12425.087,39.854,339.325,130.377,83.68,78.78,89.52,80.98,5.13,59.35
2025-03-26 06:35:00,79.683,12801.279,39.892,334.154,125.788,83.36,78.66,89.41,81.35,4.53,59.35
2025-03-26 06:40:00,86.378,12606.189,38.917,334.627,128.919,83.89,79.79,89.38,80.55,6.83,59.34
2025-03-26 06:45:00,79.993,12501.934,39.538,338.596,123.706,82.14,78.51,88.94,79.53,5.62,59.33
2025-03-26 06:50:00,83.499,12565.095,39.514,334.034,125.411,81.81,77.02,88.48,79.72,4.37,59.32
2025-03-26 06:55:00,81.379,12720.57,39.094,334.87,124.829,81.86,77.37,86.97,79.53,4.09,59.32
2025-03-26 07:00:00,76.786,12509.248,40.13,337.811,122.201,80.97,76.96,85.85,78.96,7.65,59.31
2025-03-26 07:05:00,78.731,12672.413,39.912,336.592,124.026,81.02,76.71,87.88,78.8,5.18,59.3
2025-03-26 07:10:00,81.791,11904.92,39.66,333.051,126.298,80.75,77.55,87.48,79.26,5.82,59.29
2025-03-26 07:15:00,79.223,12470.654,40.196,331.67,123.083,80.22,75.97,85.89,76.92,6.91,59.28
2025-03-26 07:20:00,83.337,12764.837,38.99,337.773,129.772,79.22,75.81,85.72,77.69,6.88,59.28
2025-03-26 07:25:00,80.294,12343.221,39.871,337.488,120.966,79.87,75.87,85.85,76.33,7.5,59.27
2025-03-26 07:30:00,77.041,12217.665,39.392,335.234,122.815,78.25,74.67,84.51,76.2,6.2,59.26
2025-03-26 07:35:00,75.653,12303.013,39.042,338.176,125.521,77.94,74.05,83.46,75.69,5.97,59.25
2025-03-26 07:40:00,80.011,12233.856,39.754,342.943,122.796,77.81,73.63,83.58,75.17,6.52,59.24
2025-03-26 07:45:00,78.091,12319.372,39.16,342.001,122.908,78.32,74.14,84.72,76.41,7.07,59.23
2025-03-26 07:50:00,82.849,12450.217,39.039,334.142,120.571,78.27,74.17,84.05,75.89,6.78,59.23
2025-03-26 07:55:00,74.457,12331.443,39.83,330.475,125.164,78.86,74.53,84.61,76.65,6.96,59.22
2025-03-26 08:00:00,81.607,12483.46,39.745,332.959,129.582,77.47,74.91,85.05,76.9,6.89,59.21
2025-03-26 08:05:00,79.581,12431.614,39.655,333.946,124.63,78.05,74.27,84.59,76.19,8.58,59.2
2025-03-26 08:10:00,78.097,12723.57,39.892,331.202,121.317,77.92,73.44,83.4,74.9,8.01,59.19
2025-03-26 08:15:00,77.944,12633.907,39.58,338.991,121.648,77.06,73.83,83.65,75.87,8.8,59.19
2025-03-26 08:20:00,79.327,12200.099,39.336,340.936,126.287,77.09,73.76,82.43,74.63,8.75,59.18
2025-03-26 08:25:00,78.452,12214.074,39.837,337.334,123.454,76.92,72.7,83.37,75.52,8.35,59.17
2025-03-26 08:30:00,74.922,12256.655,39.93,336.917,120.879,76.82,72.71,83.46,75.73,7.49,59.16
2025-03-26 08:35:00,76.215,12250.808,39.824,337.556,127.088,78.6,73.47,83.64,76.11,6.57,59.15
2025-03-26 08:40:00,79.547,12289.47,39.706,334.452,118.639,78.09,74.41,84.59,76.15,7.94,59.14
2025-03-26 08:45:00,76.949,12652.691,40.351,341.689,125.492,77.73,73.89,83.62,75.36,7.91,59.14
2025-03-26 08:50:00,78.029,12182.381,39.437,331.827,117.823,76.9,72.74,82.91,74.38,8.16,59.13
2025-03-26 08:55:00,78.496,12588.321,39.879,336.839,120.176,77.04,72.15,82.85,74.74,8.77,59.12
2025-03-26 09:00:00,80.328,12214.41,39.69,330.707,122.409,75.47,71.39,80.6,73.62,8.94,59.11
2025-03-26 09:05:00,78.581,12348.174,39.3,336.654,119.432,74.96,72.74,82.46,74.11,8.13,59.1
2025-03-26 09:10:00,75.315,12307.932,39.609,336.342,119.655,75.8,71.42,81.18,72.97,10.81,59.09
2025-03-26 09:15:00,72.24,12288.692,39.951,336.667,121.244,73.47,70.05,80.69,72.36,9.56,59.09
2025-03-26 09:20:00,77.323,12050.347,39.438,340.795,119.997,73.04,68.91,78.55,70.19,9.48,59.08
2025-03-26 09:25:00,79.409,12120.547,39.634,327.683,117.084,72.69,67.74,77.71,70.24,8.09,59.07
2025-03-26 09:30:00,73.132,12516.766,39.993,334.687,124.893,71.89,67.44,78.37,69.87,8.39,59.06
2025-03-26 09:35:00,76.805,11903.114,39.557,344.532,121.216,73.77,68.93,78.79,70.77,10.18,59.05
2025-03-26 09:40:00,76.102,12170.047,39.622,330.292,121.591,73.35,69.24,79.45,70.84,8.78,59.04
2025-03-26 09:45:00,73.498,12131.691,39.669,330.917,119.354,73.42,68.71,79.19,71.07,8.47,59.03
2025-03-26 09:50:00,79.064,12186.35,39.914,338.049,114.54,73.71,69.7,80.19,72.43,9.87,59.03
2025-03-26 09:55:00,72.847,12370.1,39.784,332.869,123.036,74.15,69.98,79.84,72.02,11.89,59.02
2025-03-26 10:00:00,78.715,11709.783,39.723,340.463,121.41,74.52,70.28,80.3,72.6,9.97,59.01
2025-03-26 10:05:00,77.34,12322.834,39.729,333.758,119.45,75.11,71.04,80.33,73.18,11.65,59.0
2025-03-26 10:10:00,74.346,12277.401,39.442,334.811,120.342,73.91,69.96,80.04,72.23,9.12,58.99
2025-03-26 10:15:00,74.692,12190.612,40.131,327.402,119.793,72.92,69.13,79.6,71.67,11.85,58.98
2025-03-26 10:20:00,77.623,12161.455,39.491,336.758,117.881,74.0,69.41,80.37,71.03,8.44,58.97
2025-03-26 10:25:00,75.499,11923.712,39.767,337.651,117.0,72.95,68.77,78.62,70.73,10.81,58.97
2025-03-26 10:30:00,76.018,12343.606,39.614,332.753,118.45,72.18,68.28,79.69,70.4,9.18,58.96
2025-03-26 10:35:00,74.687,12043.386,39.684,341.85,119.887,72.52,67.92,79.32,70.45,9.57,58.95
2025-03-26 10:40:00,71.94,11990.263,39.966,334.368,121.247,74.14,69.15,80.08,71.76,10.79,58.94
2025-03-26 10:45:00,77.251,12409.444,40.334,331.318,121.389,73.41,70.39,79.34,71.19,11.23,58.93
2025-03-26 10:50:00,74.794,11862.274,39.451,328.211,120.305,72.95,68.94,78.86,70.57,11.92,58.92
2025-03-26 10:55:00,75.421,12003.966,39.837,331.473,118.984,73.29,69.21,79.13,71.04,8.59,58.91
2025-03-26 11:00:00,75.516,12047.94,39.24,332.983,114.331,73.35,69.37,78.89,70.69,12.25,58.9
2025-03-26 11:05:00,72.764,12077.217,40.228,336.11,116.02,72.43,68.58,78.73,70.59,9.72,58.9
2025-03-26 11:10:00,74.98,12032.944,39.535,331.078,118.639,72.25,67.22,77.77,69.77,9.97,58.89
2025-03-26 11:15:00,75.078,12191.025,39.445,331.296,115.516,72.33,68.5,78.35,69.85,10.45,58.88
2025-03-26 11:20:00,73.911,12075.502,40.116,343.077,126.282,74.09,69.28,79.8,71.28,11.11,58.87
2025-03-26 11:25:00,79.496,12465.006,39.423,331.252,125.75,73.72,69.23,79.75,71.56,11.5,58.86
2025-03-26 11:30:00,75.842,11997.966,40.049,341.676,121.379,72.97,69.44,79.88,71.23,11.41,58.85
2025-03-26 11:35:00,78.654,11708.087,39.989,328.662,123.058,72.92,68.76,78.89,70.24,10.4,58.84
2025-03-26 11:40:00,73.638,12391.352,39.241,331.695,118.817,73.4,69.7,79.72,71.97,10.82,58.83
2025-03-26 11:45:00,74.424,12096.319,40.575,334.121,121.345,73.81,70.04,79.83,71.85,11.96,58.83
2025-03-26 11:50:00,72.049,12156.277,39.287,332.171,118.185,73.36,69.28,79.77,71.85,12.11,58.82
2025-03-26 11:55:00,73.588,12253.798,39.902,336.131,119.899,72.93,68.23,79.04,70.82,12.75,58.81
2025-03-26 12:00:00,75.054,12172.145,40.35,330.646,117.667,71.96,68.16,78.53,70.4,13.32,58.8
2025-03-26 12:05:00,75.368,12256.603,39.302,333.611,119.229,72.28,68.03,78.37,70.46,10.88,58.79
2025-03-26 12:10:00,72.282,11850.6,40.016,338.845,118.559,71.28,67.33,76.82,68.98,11.75,58.78
2025-03-26 12:15:00,72.528,11986.513,39.909,332.044,120.473,70.82,67.27,76.75,68.53,10.62,58.77
2025-03-26 12:20:00,76.216,11969.933,40.584,329.946,114.938,72.62,68.12,79.45,70.19,12.01,58.77
2025-03-26 12:25:00,72.61,11910.117,40.142,335.474,115.109,71.79,67.08,78.06,68.9,13.18,58.76
2025-03-26 12:30:00,73.031,12115.952,40.041,332.535,117.794,70.75,66.64,76.93,69.76,11.55,58.75
2025-03-26 12:35:00,73.623,12084.141,40.43,332.827,119.736,71.09,67.96,77.66,68.94,13.53,58.74
2025-03-26 12:40:00,71.308,12286.379,40.567,334.531,117.521,70.83,67.22,77.38,68.72,11.49,58.73
2025-03-26 12:45:00,78.092,11921.927,39.752,337.677,114.487,71.65,67.34,77.76,68.98,12.27,58.72
2025-03-26 12:50:00,71.495,12073.552,40.312,330.679,117.259,72.13,67.4,77.85,69.41,13.18,58.71
2025-03-26 12:55:00,74.838,11701.256,39.755,335.849,116.204,70.27,67.13,76.76,69.07,14.46,58.7
2025-03-26 13:00:00,70.4,11975.339,39.709,332.284,114.545,70.49,65.77,75.65,68.2,11.61,58.7
2025-03-26 13:05:00,72.729,11979.275,39.446,326.913,117.988,70.07,66.53,75.73,68.63,12.56,58.69
2025-03-26 13:10:00,72.717,12201.914,39.658,332.411,115.821,70.12,66.68,74.92,68.41,13.18,58.68
2025-03-26 13:15:00,68.995,11879.998,39.736,332.308,113.026,68.58,64.14,74.1,66.07,12.36,58.67
2025-03-26 13:20:00,68.649,12281.023,39.642,336.049,116.371,69.02,63.9,74.2,66.06,11.9,58.66
2025-03-26 13:25:00,73.63,12052.882,40.252,331.471,113.757,68.84,64.1,75.4,66.58,12.29,58.65
2025-03-26 13:30:00,76.385,12018.985,40.198,338.294,113.999,69.13,64.77,75.48,67.36,13.61,58.64
2025-03-26 13:35:00,73.389,11978.053,39.928,334.843,114.517,69.89,66.1,75.23,67.78,9.74,58.63
2025-03-26 13:40:00,68.707,12123.926,39.602,332.399,112.107,68.84,65.42,75.49,67.08,12.11,58.63
2025-03-26 13:45:00,74.704,12273.82,39.998,328.241,114.131,69.45,66.66,75.42,67.87,12.59,58.62
2025-03-26 13:50:00,68.702,11894.314,39.685,330.414,113.673,69.58,66.02,75.21,67.61,12.27,58.61
2025-03-26 13:55:00,73.73,11895.136,40.114,336.503,118.832,68.41,65.01,74.75,66.29,11.61,58.6
2025-03-26 14:00:00,70.768,11773.799,39.405,333.264,116.614,67.79,64.23,73.93,65.64,10.98,58.59
2025-03-26 14:05:00,72.88,12159.624,39.537,331.858,109.67,67.39,62.8,73.63,65.51,12.89,58.58
2025-03-26 14:10:00,69.198,11557.132,39.989,330.63,113.468,67.04,62.49,73.47,65.07,11.63,58.57
2025-03-26 14:15:00,70.817,12024.73,39.973,334.177,114.595,67.9,63.43,73.03,66.27,11.15,58.57
2025-03-26 14:20:00,73.825,12258.441,39.813,332.086,114.53,68.52,64.43,73.88,65.64,12.43,58.56
2025-03-26 14:25:00,69.123,11806.416,39.6,332.68,118.759,67.06,63.86,74.34,65.55,12.78,58.55
2025-03-26 14:30:00,68.899,11994.938,40.045,331.136,115.526,67.43,63.14,73.64,65.61,12.79,58.54
2025-03-26 14:35:00,67.375,11928.856,40.206,332.177,115.621,67.04,63.36,72.75,65.2,12.03,58.53
2025-03-26 14:40:00,73.074,11968.05,39.248,336.395,114.746,66.59,62.59,72.45,64.91,11.08,58.52
2025-03-26 14:45:00,71.516,12085.081,40.272,332.637,115.41,67.4,62.62,72.4,64.31,10.4,58.51
2025-03-26 14:50:00,72.86,11965.073,39.534,324.893,114.582,66.97,62.34,72.72,64.45,10.88,58.51
2025-03-26 14:55:00,71.451,12037.07,40.227,339.602,115.959,66.15,62.89,73.08,64.18,10.44,58.5
2025-03-26 15:00:00,71.947,12039.236,40.27,336.39,113.996,66.04,62.36,72.5,63.37,11.89,58.49
2025-03-26 15:05:00,71.181,11789.418,39.539,331.393,112.892,65.8,61.5,71.72,64.33,12.4,58.48
2025-03-26 15:10:00,73.72,11771.609,40.027,335.889,113.672,66.35,61.71,71.99,63.51,12.05,58.47
2025-03-26 15:15:00,74.881,11621.356,39.817,333.684,116.55,66.16,62.12,71.51,64.1,10.2,58.46
2025-03-26 15:20:00,77.04,12094.031,39.546,331.799,111.757,65.77,62.78,72.34,64.17,11.0,58.46
2025-03-26 15:25:00,72.384,12008.449,39.508,327.785,114.723,65.96,61.93,71.86,63.62,11.16,58.45
2025-03-26 15:30:00,69.767,12057.117,39.937,325.411,109.016,64.85,60.97,72.17,63.39,11.98,58.44
2025-03-26 15:35:00,68.669,11619.225,40.422,335.861,115.302,66.12,63.25,72.63,64.51,12.43,58.43
2025-03-26 15:40:00,72.505,11521.519,39.771,329.043,112.761,65.13,62.36,71.46,62.93,11.7,58.42
2025-03-26 15:45:00,74.587,11896.39,39.997,334.398,111.391,64.95,61.25,71.71,63.33,10.58,58.41
2025-03-26 15:50:00,70.585,11730.842,39.771,333.249,108.156,65.27,60.6,71.41,62.77,9.56,58.41
2025-03-26 15:55:00,68.583,11887.496,40.051,330.972,115.07,64.91,60.9,70.14,62.73,10.87,58.4
2025-03-26 16:00:00,69.503,11828.428,39.944,335.047,111.354,64.95,60.93,71.75,63.33,12.36,58.39
2025-03-26 16:05:00,69.541,11761.637,40.197,330.826,112.007,65.83,61.18,71.1,63.91,11.66,58.38
2025-03-26 16:10:00,73.718,11738.883,39.799,334.79,111.774,65.16,61.31,71.63,63.3,11.82,58.37
2025-03-26 16:15:00,71.598,11763.209,39.482,334.972,110.93,65.12,61.39,71.48,63.16,9.64,58.37
2025-03-26 16:20:00,67.543,11864.014,39.442,336.267,113.764,65.29,60.7,71.16,63.06,8.61,58.36
2025-03-26 16:25:00,71.291,11781.537,39.597,328.569,116.692,65.91,60.93,71.23,63.41,11.52,58.35
2025-03-26 16:30:00,77.981,11636.966,39.733,326.539,109.641,65.34,61.14,71.92,62.76,10.54,58.34
2025-03-26 16:35:00,71.538,11987.026,39.845,330.434,112.7,65.81,61.45,71.52,63.44,11.64,58.33
2025-03-26 16:40:00,72.183,11721.399,40.043,337.798,109.291,65.72,61.46,70.79,64.31,11.35,58.32
2025-03-26 16:45:00,72.759,11592.21,39.261,327.139,112.702,65.91,61.93,72.27,64.68,10.72,58.32
2025-03-26 16:50:00,70.789,11866.298,39.618,336.537,111.589,66.42,61.95,72.09,64.67,9.75,58.31
2025-03-26 16:55:00,67.623,11923.041,39.698,332.761,112.899,65.9,62.75,72.45,64.31,11.2,58.3
2025-03-26 17:00:00,70.527,11782.145,39.72,333.522,111.01,65.31,61.02,72.37,63.84,9.69,58.29
2025-03-26 17:05:00,69.588,11710.317,40.332,326.63,113.759,67.22,63.36,72.86,64.83,11.31,58.28
2025-03-26 17:10:00,75.036,11969.661,39.451,325.27,113.042,67.33,63.25,74.1,65.39,9.57,58.28
2025-03-26 17:15:00,77.486,11588.458,39.154,337.033,112.334,67.04,63.07,73.16,64.92,11.27,58.27
2025-03-26 17:20:00,74.691,12135.954,39.983,329.948,110.309,68.58,63.82,73.43,65.38,9.89,58.26
2025-03-26 17:25:00,73.229,11735.043,40.06,324.317,110.19,68.57,64.41,74.22,66.43,10.08,58.25
2025-03-26 17:30:00,71.19,12099.96,39.496,332.774,112.739,68.85,64.25,74.17,66.1,8.85,58.25
2025-03-26 17:35:00,78.369,12040.976,39.505,328.054,116.743,69.09,66.36,76.51,68.49,9.12,58.24
2025-03-26 17:40:00,75.429,11866.27,38.943,323.159,108.969,69.52,65.81,76.37,67.73,10.97,58.23
2025-03-26 17:45:00,75.664,11747.14,39.66,330.239,115.491,68.56,64.31,74.28,66.25,9.33,58.22
2025-03-26 17:50:00,72.481,12092.213,39.945,338.348,112.688,68.77,64.55,75.64,66.78,8.53,58.22
2025-03-26 17:55:00,73.092,11751.391,39.723,332.062,114.749,68.48,65.31,75.0,66.53,9.9,58.21
2025-03-26 18:00:00,70.833,11973.09,39.542,328.408,117.495,68.23,64.84,74.51,67.23,9.9,58.2
2025-03-26 18:05:00,73.585,11851.597,39.619,328.323,114.058,69.18,64.86,75.72,67.56,8.67,58.19
2025-03-26 18:10:00,78.031,11902.497,39.375,319.312,117.37,69.51,65.76,75.38,67.85,9.49,58.18
2025-03-26 18:15:00,72.525,12098.413,39.366,326.933,111.695,68.68,64.79,74.42,67.64,8.13,58.18
2025-03-26 18:20:00,75.915,11940.493,39.635,327.839,112.698,69.8,65.33,75.03,66.88,9.64,58.17
2025-03-26 18:25:00,74.081,11804.688,39.959,330.157,114.903,69.46,64.97,75.26,66.82,8.1,58.16
2025-03-26 18:30:00,72.24,12105.482,39.331,323.293,113.529,70.04,65.36,75.0,67.22,8.3,58.16
2025-03-26 18:35:00,74.017,11981.994,39.642,320.062,114.57,69.07,65.86,75.45,67.89,7.61,58.15
2025-03-26 18:40:00,72.591,11990.581,39.993,331.37,121.201,68.02,64.45,74.53,66.76,7.87,58.14
2025-03-26 18:45:00,74.509,12092.728,39.445,329.382,114.104,69.12,64.98,75.01,67.52,8.26,58.13
2025-03-26 18:50:00,74.249,11918.375,39.507,322.843,117.266,68.55,64.46,74.16,66.31,8.37,58.13
2025-03-26 18:55:00,69.151,11799.648,39.569,326.984,109.29,67.92,64.12,73.61,65.96,8.06,58.12
2025-03-26 19:00:00,72.191,12028.862,39.537,326.337,107.74,69.41,64.77,75.03,66.6,9.08,58.11
2025-03-26 19:05:00,70.498,11895.979,39.729,333.15,109.577,69.05,64.35,74.73,66.83,8.52,58.1
2025-03-26 19:10:00,69.87,11941.548,39.266,333.964,114.028,69.52,64.63,74.6,66.86,6.76,58.1
2025-03-26 19:15:00,74.192,11782.65,39.54,329.694,114.135,69.25,66.07,75.02,66.88,6.22,58.09
2025-03-26 19:20:00,71.165,12283.751,39.836,322.51,111.712,70.11,66.58,75.99,68.59,6.01,58.08
2025-03-26 19:25:00,72.131,11950.562,39.326,329.935,111.225,70.43,65.96,76.55,68.18,7.11,58.08
2025-03-26 19:30:00,71.167,12035.356,39.35,331.247,107.147,69.76,67.12,76.15,68.68,6.73,58.07
2025-03-26 19:35:00,75.529,12314.206,38.984,327.46,113.031,70.55,66.94,76.99,69.44,7.28,58.06
2025-03-26 19:40:00,74.868,11583.538,39.326,328.645,114.327,70.32,65.22,75.67,68.27,7.1,58.06
2025-03-26 19:45:00,70.603,11936.578,38.85,327.849,114.152,69.75,66.04,75.44,68.06,5.85,58.05
2025-03-26 19:50:00,73.281,11685.661,39.422,317.892,111.26,69.11,64.9,75.13,66.89,6.47,58.04
2025-03-26 19:55:00,74.316,12001.468,39.317,327.932,113.65,69.73,64.73,75.26,66.83,6.2,58.04
2025-03-26 20:00:00,71.872,11610.395,39.61,325.162,113.202,68.65,64.15,74.8,66.33,5.78,58.03
2025-03-26 20:05:00,73.901,11660.015,39.065,326.082,114.092,67.6,64.28,74.23,66.23,6.63,58.02
2025-03-26 20:10:00,73.299,11602.786,39.388,323.536,113.328,69.39,64.66,75.16,67.35,5.48,58.02
2025-03-26 20:15:00,76.124,11818.332,39.08,331.647,111.972,69.0,65.57,75.59,67.27,4.86,58.01
2025-03-26 20:20:00,71.795,11821.042,39.473,327.243,111.873,68.86,64.96,75.81,67.19,6.49,58.0
2025-03-26 20:25:00,72.169,12361.934,39.473,326.919,111.616,68.6,65.75,75.84,67.14,5.98,58.0
2025-03-26 20:30:00,74.226,11458.753,39.692,325.253,113.323,68.78,64.67,75.03,66.93,4.7,57.99
2025-03-26 20:35:00,76.746,11755.016,38.969,327.006,109.623,68.29,64.41,74.63,66.12,3.8,57.98
2025-03-26 20:40:00,73.774,11744.277,39.086,327.072,111.693,67.95,64.99,75.12,66.04,6.17,57.98
2025-03-26 20:45:00,71.905,11936.919,39.848,326.903,110.593,67.31,63.36,73.73,65.22,6.21,57.97
2025-03-26 20:50:00,72.705,11524.318,38.885,323.512,110.744,67.33,62.61,73.08,65.28,4.75,57.96
2025-03-26 20:55:00,70.587,12045.133,39.283,324.421,115.058,68.68,63.62,74.23,65.94,5.89,57.96
2025-03-26 21:00:00,75.7,11938.572,38.951,323.336,114.373,68.02,63.9,74.33,66.32,4.28,57.95
2025-03-26 21:05:00,75.606,12049.285,39.004,322.612,106.541,68.94,63.95,74.04,66.94,4.27,57.95
2025-03-26 21:10:00,70.358,11606.269,39.309,329.354,113.53,68.29,63.55,73.86,65.78,4.48,57.94
2025-03-26 21:15:00,70.653,11745.708,39.125,325.959,114.422,68.46,63.83,73.66,66.48,5.12,57.93
2025-03-26 21:20:00,73.114,11666.628,39.339,330.719,117.866,67.17,64.44,73.59,65.61,3.42,57.93
2025-03-26 21:25:00,67.002,11717.487,39.265,334.061,114.422,66.45,62.39,72.96,63.68,3.38,57.92
2025-03-26 21:30:00,70.626,12013.441,38.932,326.188,107.574,66.75,62.71,72.73,64.36,2.93,57.92
2025-03-26 21:35:00,70.571,12087.208,39.694,320.318,110.543,65.35,61.96,71.54,64.03,4.16,57.91
2025-03-26 21:40:00,73.187,11728.856,39.131,333.416,113.124,65.43,62.21,72.14,63.97,3.81,57.9
2025-03-26 21:45:00,69.825,11473.161,39.148,336.434,107.399,64.79,60.53,70.61,62.29,4.24,57.9
2025-03-26 21:50:00,67.51,11366.201,39.206,334.985,106.216,64.45,60.33,69.84,62.26,3.72,57.89
2025-03-26 21:55:00,69.664,11825.057,39.342,324.414,108.818,63.67,59.66,70.39,61.81,4.23,57.89
2025-03-26 22:00:00,66.236,11710.03,38.904,333.031,110.176,64.65,60.44,70.49,61.63,3.88,57.88
2025-03-26 22:05:00,69.543,11440.507,38.907,327.019,111.441,64.22,60.4,69.89,61.31,4.24,57.88
2025-03-26 22:10:00,69.668,11837.054,39.049,327.143,112.528,63.67,59.25,69.55,61.36,3.41,57.87
2025-03-26 22:15:00,67.768,11663.167,39.34,335.459,111.177,64.41,59.86,69.65,61.71,4.16,57.86
2025-03-26 22:20:00,63.551,11747.884,39.438,324.511,109.759,62.89,58.83,69.47,61.11,2.25,57.86
2025-03-26 22:25:00,71.45,11701.141,39.708,335.353,110.056,63.22,58.85,69.47,61.23,1.9,57.85
2025-03-26 22:30:00,68.962,11272.006,38.809,327.476,108.986,63.61,59.51,69.41,61.47,4.13,57.85
2025-03-26 22:35:00,67.643,11618.531,39.093,329.047,108.037,62.48,58.17,67.8,60.26,4.26,57.84
2025-03-26 22:40:00,73.678,11744.554,38.952,331.716,108.564,62.3,58.01,67.65,60.1,2.31,57.84
2025-03-26 22:45:00,71.322,11577.299,38.658,327.736,109.013,62.77,59.17,68.64,60.61,2.93,57.83
2025-03-26 22:50:00,68.986,11802.921,38.653,327.883,106.227,63.04,58.9,68.88,61.67,3.05,57.83
2025-03-26 22:55:00,67.98,11475.932,38.508,332.841,109.926,64.3,59.47,69.75,60.72,1.38,57.82
2025-03-26 23:00:00,70.648,11423.055,39.336,331.498,106.019,63.43,58.99,69.69,61.48,2.65,57.82
2025-03-26 23:05:00,66.125,11440.544,39.129,322.195,111.058,63.09,57.72,68.99,60.99,3.39,57.81
2025-03-26 23:10:00,76.348,11872.059,39.116,322.574,108.699,62.39,57.46,68.01,59.52,2.29,57.81
2025-03-26 23:15:00,67.851,11562.092,39.044,336.344,108.811,61.62,57.73,67.33,59.95,2.15,57.8
2025-03-26 23:20:00,68.34,11692.264,39.606,333.516,103.421,62.78,58.49,68.31,61.1,2.41,57.8
2025-03-26 23:25:00,69.485,11541.334,39.31,319.923,106.407,63.46,58.76,69.18,61.0,3.33,57.79
2025-03-26 23:30:00,67.048,11564.836,38.725,330.84,106.556,62.83,59.4,69.19,61.71,3.16,57.79
2025-03-26 23:35:00,67.661,11469.567,39.315,330.647,109.588,62.37,58.52,68.71,60.58,3.75,57.78
2025-03-26 23:40:00,69.115,11458.392,39.148,330.118,105.515,63.96,58.53,68.92,60.85,0.92,57.78
2025-03-26 23:45:00,65.585,11804.991,39.394,327.104,113.485,62.34,58.01,68.71,59.51,2.58,57.77
2025-03-26 23:50:00,71.331,11645.864,38.828,329.326,105.56,62.41,59.08,68.59,61.15,2.81,57.77
2025-03-26 23:55:00,74.793,11833.926,38.46,321.715,110.208,60.56,57.34,67.5,59.96,2.13,57.77
2025-03-27 00:00:00,70.027,11606.939,39.053,325.677,107.685,62.74,58.2,68.73,60.7,2.02,57.76
2025-03-27 00:05:00,65.587,11475.496,39.18,321.286,109.061,63.37,57.85,68.6,61.14,0.82,57.76
2025-03-27 00:10:00,66.171,11444.618,38.915,332.75,109.847,63.03,59.55,69.3,61.33,0.77,57.75
2025-03-27 00:15:00,71.021,11569.868,38.773,323.216,107.333,63.11,59.87,69.05,61.23,1.83,57.75
2025-03-27 00:20:00,71.024,11747.133,39.096,329.901,112.28,64.39,60.01,70.23,62.46,0.74,57.74
2025-03-27 00:25:00,70.274,11848.343,39.12,325.24,110.825,64.1,60.07,69.53,62.32,3.6,57.74
2025-03-27 00:30:00,72.153,11960.341,38.82,329.442,114.795,64.53,60.06,70.53,61.72,2.2,57.74
2025-03-27 00:35:00,69.952,11527.343,38.71,326.692,110.012,63.63,60.66,70.66,63.03,0.65,57.73
2025-03-27 00:40:00,79.893,11434.194,39.345,325.978,110.907,63.77,60.1,70.47,61.51,2.62,57.73
2025-03-27 00:45:00,68.995,11547.472,38.964,328.444,108.001,64.09,60.42,70.63,62.44,2.08,57.72
2025-03-27 00:50:00,70.09,11813.019,38.309,326.232,113.48,65.08,61.17,70.79,63.7,0.73,57.72
2025-03-27 00:55:00,69.276,11498.237,38.813,324.342,110.074,65.2,62.1,71.64,63.14,2.61,57.72
2025-03-27 01:00:00,72.256,11764.708,39.01,331.538,109.441,65.38,62.03,71.47,64.29,2.02,57.71
2025-03-27 01:05:00,75.069,11693.348,38.379,328.354,110.186,64.94,60.73,71.26,63.3,1.94,57.71
2025-03-27 01:10:00,69.363,11669.347,39.22,321.84,109.074,65.43,60.87,71.43,63.71,2.54,57.71
2025-03-27 01:15:00,72.281,11874.558,38.462,328.17,112.411,64.94,60.4,70.54,62.48,3.52,57.7
2025-03-27 01:20:00,70.823,11711.025,39.244,324.237,109.842,63.43,59.92,71.4,62.46,2.45,57.7
2025-03-27 01:25:00,70.43,11732.172,39.452,325.742,102.746,64.79,61.37,70.48,63.86,1.36,57.69
2025-03-27 01:30:00,65.469,11650.896,38.509,324.002,109.939,65.94,61.33,71.91,63.28,1.59,57.69
2025-03-27 01:35:00,69.613,11797.813,39.015,326.403,107.856,66.22,61.4,72.01,64.07,1.96,57.69
2025-03-27 01:40:00,70.672,11612.79,39.224,318.013,110.645,65.62,62.93,72.01,63.93,1.34,57.68
2025-03-27 01:45:00,74.862,11747.635,38.646,323.46,109.894,65.54,61.46,71.51,64.21,0.28,57.68
2025-03-27 01:50:00,69.307,11504.106,39.285,329.98,106.198,65.95,61.57,71.88,62.94,1.27,57.68
2025-03-27 01:55:00,70.474,11545.2,38.828,331.117,108.82,67.17,62.96,73.35,64.66,2.35,57.68
2025-03-27 02:00:00,70.616,11890.776,38.904,324.539,109.935,66.68,62.37,72.27,64.73,2.41,57.67
2025-03-27 02:05:00,69.538,11610.338,38.818,317.675,112.526,66.5,62.48,73.27,64.46,1.26,57.67
2025-03-27 02:10:00,69.827,11477.581,38.576,324.119,110.38,67.53,63.33,72.5,64.72,1.24,57.67
2025-03-27 02:15:00,71.113,12016.718,39.067,323.506,108.607,66.78,63.14,73.3,64.61,1.56,57.66
2025-03-27 02:20:00,70.918,12017.918,38.588,322.128,107.105,67.45,63.1,72.78,65.91,0.29,57.66
2025-03-27 02:25:00,70.585,11660.115,38.785,325.35,108.674,66.46,62.95,72.67,64.37,2.36,57.66
2025-03-27 02:30:00,72.662,11797.689,38.799,324.059,106.608,68.39,64.27,73.36,66.39,1.56,57.66
2025-03-27 02:35:00,74.092,11650.78,38.379,324.808,110.002,67.72,63.96,73.99,65.78,1.67,57.65
2025-03-27 02:40:00,74.156,11899.738,39.13,326.118,115.243,68.64,64.91,75.57,67.13,2.9,57.65
2025-03-27 02:45:00,74.725,11764.8,39.091,326.071,108.635,69.0,64.34,74.61,66.46,0.56,57.65
2025-03-27 02:50:00,73.978,11929.026,39.369,330.871,113.809,68.73,64.18,74.3,65.96,1.87,57.65
2025-03-27 02:55:00,70.545,11880.139,38.762,325.271,109.631,67.19,64.09,73.72,65.81,1.24,57.64
2025-03-27 03:00:00,67.855,11877.5,38.686,327.155,108.755,66.02,63.14,72.83,64.87,0.81,57.64
2025-03-27 03:05:00,70.374,11714.991,39.208,330.248,110.042,66.83,62.61,72.75,64.49,0.89,57.64
2025-03-27 03:10:00,69.943,11802.935,39.409,325.859,109.293,68.67,64.42,74.05,65.52,1.61,57.64
2025-03-27 03:15:00,75.469,11748.297,38.774,336.846,112.319,66.73,63.47,72.82,64.88,3.17,57.63
2025-03-27 03:20:00,74.345,11488.937,38.676,327.121,111.419,67.2,62.8,72.68,64.76,1.9,57.63
2025-03-27 03:25:00,69.427,11761.501,38.76,322.199,110.764,68.05,63.42,73.56,66.06,1.77,57.63
2025-03-27 03:30:00,78.986,11617.487,38.654,318.227,112.563,68.61,64.21,74.81,66.97,1.84,57.63
2025-03-27 03:35:00,72.857,11783.901,38.573,321.004,105.963,69.1,64.47,74.06,66.69,2.77,57.63
2025-03-27 03:40:00,71.493,11794.171,39.23,328.989,110.308,68.31,65.13,75.03,66.85,2.56,57.62
2025-03-27 03:45:00,74.501,11766.939,38.718,324.902,106.801,67.79,63.59,73.5,66.18,3.06,57.62
2025-03-27 03:50:00,75.806,11493.516,38.507,318.712,108.986,68.31,63.74,74.07,66.91,2.24,57.62
2025-03-27 03:55:00,75.769,11606.761,39.414,322.359,115.067,68.28,63.88,74.06,65.83,2.6,57.62
2025-03-27 04:00:00,71.437,11819.223,39.597,327.953,110.794,67.87,63.8,74.14,66.04,1.82,57.62
2025-03-27 04:05:00,66.946,11837.737,38.787,326.582,107.954,68.1,64.67,73.42,66.63,3.11,57.62
2025-03-27 04:10:00,70.015,11652.615,39.353,320.684,110.179,68.11,64.26,74.95,65.89,2.61,57.62
2025-03-27 04:15:00,71.407,12096.826,38.987,320.282,116.577,68.23,64.43,73.96,66.63,2.76,57.61
2025-03-27 04:20:00,69.583,11668.744,39.074,326.071,108.437,68.25,65.16,74.5,66.51,3.87,57.61
2025-03-27 04:25:00,69.743,11787.113,39.622,326.7,106.485,68.9,64.42,74.49,66.75,2.22,57.61
2025-03-27 04:30:00,74.252,11533.4,38.242,330.757,106.59,67.63,64.99,73.15,66.4,3.48,57.61
2025-03-27 04:35:00,74.806,11716.987,38.995,319.447,108.198,68.45,63.53,73.24,66.44,4.18,57.61
2025-03-27 04:40:00,71.65,11929.974,39.191,324.482,110.449,67.91,63.91,73.56,65.81,3.61,57.61
2025-03-27 04:45:00,75.323,11706.484,39.371,332.492,108.094,67.71,64.61,73.54,66.25,4.09,57.61
2025-03-27 04:50:00,75.416,11841.514,38.961,331.596,115.323,68.29,63.17,74.55,65.93,4.11,57.61
2025-03-27 04:55:00,72.589,11919.433,39.023,318.139,108.441,67.67,63.22,72.9,64.83,3.33,57.61
2025-03-27 05:00:00,78.179,11521.995,39.436,318.365,111.697,68.15,64.09,73.84,66.27,2.16,57.6
2025-03-27 05:05:00,66.488,11869.932,38.988,333.804,110.819,66.93,63.7,74.13,65.29,2.19,57.6
2025-03-27 05:10:00,73.943,11837.068,38.398,320.719,110.251,67.83,63.15,73.62,65.02,4.21,57.6
2025-03-27 05:15:00,77.683,11853.995,39.36,327.693,110.888,66.32,62.63,72.61,64.37,3.54,57.6
2025-03-27 05:20:00,73.919,11553.667,39.337,322.233,109.661,66.85,63.32,73.89,65.0,3.01,57.6
2025-03-27 05:25:00,72.609,12147.187,38.832,319.495,111.108,68.5,64.2,74.27,66.03,1.94,57.6
2025-03-27 05:30:00,76.757,11437.415,39.942,322.966,112.522,68.21,65.06,75.08,66.85,3.85,57.6
2025-03-27 05:35:00,73.929,12010.976,38.495,331.082,110.746,68.17,64.38,74.68,67.06,4.37,57.6
2025-03-27 05:40:00,76.299,11851.744,39.03,314.313,112.279,68.88,64.74,74.27,66.68,4.34,57.6
2025-03-27 05:45:00,72.106,12093.454,39.28,319.576,109.662,67.39,64.21,74.59,65.43,4.81,57.6
2025-03-27 05:50:00,73.801,11717.662,39.128,331.028,109.548,68.96,64.67,75.1,66.15,5.05,57.6
2025-03-27 05:55:00,74.121,11749.906,38.828,326.786,111.11,68.09,64.47,74.1,66.14,3.86,57.6
2025-03-27 06:00:00,68.886,11820.341,39.708,317.485,114.012,67.03,63.01,72.86,65.61,5.63,57.6
2025-03-27 06:05:00,71.303,11598.293,38.766,331.108,107.301,66.48,62.45,72.6,63.98,3.02,57.6
2025-03-27 06:10:00,72.252,11699.511,38.493,322.595,107.501,65.97,61.61,71.78,64.78,5.99,57.6
2025-03-27 06:15:00,67.67,11609.361,39.053,327.094,111.204,64.6,61.44,71.71,62.54,5.04,57.6
2025-03-27 06:20:00,67.43,11619.269,39.365,329.178,107.969,63.69,60.3,70.03,62.07,5.18,57.6
2025-03-27 06:25:00,67.867,11562.062,39.222,330.997,110.59,63.86,60.04,69.75,60.37,6.89,57.6
2025-03-27 06:30:00,69.821,11989.953,39.042,316.165,111.884,64.69,60.49,70.7,61.56,5.27,57.6
2025-03-27 06:35:00,73.945,11791.165,39.22,323.009,106.672,65.58,61.62,71.22,62.96,4.78,57.6
2025-03-27 06:40:00,70.754,11731.482,39.533,325.095,107.067,64.21,60.88,71.31,63.3,5.63,57.6
2025-03-27 06:45:00,73.685,11658.661,40.075,322.733,107.049,66.36,61.27,71.61,63.63,4.74,57.6
2025-03-27 06:50:00,69.417,11696.491,39.419,319.543,104.796,65.34,60.86,71.28,63.53,6.89,57.6
2025-03-27 06:55:00,74.66,11521.412,39.529,327.853,102.777,65.37,60.93,70.94,62.9,6.72,57.6
2025-03-27 07:00:00,71.004,11678.673,39.92,328.112,107.799,64.82,60.99,70.71,63.15,8.06,57.6
2025-03-27 07:05:00,70.153,11713.875,39.631,322.084,108.414,64.75,60.97,70.97,63.46,6.33,57.61
2025-03-27 07:10:00,68.62,11574.449,39.187,323.753,106.759,65.13,60.66,70.49,62.36,5.34,57.61
2025-03-27 07:15:00,69.467,11423.178,39.382,322.838,105.633,64.3,60.31,71.0,62.15,6.18,57.61
2025-03-27 07:20:00,65.739,11683.511,38.589,333.241,109.676,65.4,61.67,71.19,63.47,5.3,57.61
2025-03-27 07:25:00,69.67,11663.192,39.018,323.328,112.583,66.24,61.93,71.53,64.2,8.32,57.61
2025-03-27 07:30:00,76.408,11579.956,38.698,325.5,109.731,64.96,61.29,71.79,63.86,7.41,57.61
2025-03-27 07:35:00,68.357,11316.516,39.482,326.733,110.518,64.88,59.35,70.82,63.17,6.62,57.61
2025-03-27 07:40:00,70.838,11770.637,39.371,330.792,109.877,65.42,61.27,71.33,62.45,5.68,57.61
2025-03-27 07:45:00,61.722,11778.465,39.238,330.292,108.484,64.87,60.53,70.89,63.39,7.8,57.61
2025-03-27 07:50:00,68.586,11842.674,39.787,318.903,109.233,65.61,60.33,70.77,63.9,6.8,57.62
2025-03-27 07:55:00,73.477,11868.012,39.309,325.219,106.794,65.42,61.61,71.73,63.8,6.94,57.62
2025-03-27 08:00:00,68.851,11824.886,39.776,328.448,107.334,64.85,61.69,70.36,63.4,8.11,57.62
2025-03-27 08:05:00,70.755,11573.382,40.173,329.325,113.327,64.8,61.44,70.73,62.88,8.13,57.62
2025-03-27 08:10:00,67.511,11531.526,39.517,325.584,109.988,66.71,62.51,72.57,64.6,7.41,57.62
2025-03-27 08:15:00,72.988,11636.098,40.109,318.095,109.789,66.64,63.35,72.7,64.62,8.46,57.62
2025-03-27 08:20:00,75.444,11729.566,39.176,323.857,111.345,65.82,62.24,71.79,64.42,7.11,57.62
2025-03-27 08:25:00,70.14,11378.952,39.973,319.132,105.072,66.57,62.2,72.71,63.64,9.41,57.63
2025-03-27 08:30:00,74.437,11717.336,39.708,326.772,110.67,66.45,61.88,72.35,63.39,9.02,57.63
2025-03-27 08:35:00,71.611,11400.337,39.63,327.63,109.666,66.4,62.07,71.91,63.76,8.58,57.63
2025-03-27 08:40:00,68.493,11837.527,39.45,322.879,107.421,66.77,62.01,71.78,64.7,8.94,57.63
2025-03-27 08:45:00,70.511,11466.897,38.607,332.219,110.912,65.98,62.09,71.91,63.78,7.52,57.63
2025-03-27 08:50:00,67.078,11689.573,40.007,329.331,111.606,64.68,60.37,70.65,63.21,8.86,57.64
2025-03-27 08:55:00,76.511,11560.312,39.976,324.694,111.722,63.97,60.59,69.85,61.66,8.56,57.64
2025-03-27 09:00:00,72.188,11742.756,39.736,326.771,107.205,64.64,59.36,69.78,61.44,9.38,57.64
2025-03-27 09:05:00,71.555,11716.914,39.947,321.377,105.887,63.49,59.67,69.36,61.59,8.98,57.64
2025-03-27 09:10:00,65.777,11835.862,39.28,323.411,107.831,62.99,59.29,69.08,61.24,10.1,57.65
2025-03-27 09:15:00,73.785,11809.18,39.389,329.728,103.891,62.94,58.91,68.98,61.25,9.02,57.65
2025-03-27 09:20:00,69.865,11771.493,39.512,323.089,104.714,62.57,59.18,69.95,61.5,8.52,57.65
2025-03-27 09:25:00,72.898,11696.131,39.732,318.828,103.34,62.63,58.79,68.39,59.52,8.19,57.65
2025-03-27 09:30:00,68.279,11441.81,38.879,326.875,107.577,62.22,58.1,68.1,59.6,9.8,57.66
2025-03-27 09:35:00,68.242,11815.021,39.411,337.048,108.62,61.54,57.72,67.26,59.2,9.87,57.66
2025-03-27 09:40:00,68.261,11695.656,39.608,326.264,105.815,60.14,56.96,67.25,59.2,10.16,57.66
2025-03-27 09:45:00,70.975,11612.59,38.41,325.519,103.625,60.43,56.04,66.19,58.0,10.31,57.66
2025-03-27 09:50:00,66.518,11265.125,38.881,328.143,108.572,61.25,57.04,66.46,58.99,10.26,57.67
2025-03-27 09:55:00,72.671,11756.896,39.431,325.487,109.691,61.18,55.96,66.44,58.44,11.08,57.67
2025-03-27 10:00:00,71.699,11376.225,39.668,325.559,106.559,60.64,56.59,66.9,58.65,11.25,57.67
2025-03-27 10:05:00,64.188,11698.69,39.608,329.208,107.316,60.89,56.44,66.69,58.73,9.59,57.68
2025-03-27 10:10:00,70.407,11765.377,39.37,325.72,106.643,59.87,57.5,66.73,58.56,10.36,57.68
2025-03-27 10:15:00,70.966,11348.638,39.295,329.402,106.349,60.46,56.52,66.54,58.2,9.47,57.68
2025-03-27 10:20:00,66.35,11489.303,39.547,331.884,106.968,60.35,55.59,66.47,58.19,9.99,57.68
2025-03-27 10:25:00,69.622,11452.329,39.988,327.415,104.561,59.55,55.78,65.95,57.47,11.18,57.69
2025-03-27 10:30:00,66.554,11288.691,39.174,325.931,100.112,60.06,55.49,65.75,58.0,10.21,57.69
2025-03-27 10:35:00,65.781,11266.978,39.726,334.746,107.733,60.37,56.39,65.94,57.95,10.37,57.69
2025-03-27 10:40:00,69.801,11478.164,39.873,327.941,105.898,60.24,56.06,66.52,58.19,10.85,57.7
2025-03-27 10:45:00,67.311,11552.897,39.616,338.906,106.598,59.45,55.75,65.14,57.04,10.86,57.7
2025-03-27 10:50:00,65.463,11030.448,40.1,325.923,101.696,58.86,54.6,64.51,56.8,12.62,57.71
2025-03-27 10:55:00,63.517,11259.809,39.556,330.764,105.041,58.82,54.87,65.56,57.23,10.89,57.71
2025-03-27 11:00:00,68.34,11555.329,39.746,321.382,104.187,58.73,54.69,64.62,56.89,10.27,57.71
2025-03-27 11:05:00,68.496,11327.562,39.253,327.24,107.695,58.82,54.38,64.23,56.58,10.83,57.72
2025-03-27 11:10:00,64.875,11755.643,39.858,330.52,110.503,58.65,54.18,64.81,56.73,11.74,57.72
2025-03-27 11:15:00,64.608,11367.218,39.591,334.956,103.935,58.3,54.77,64.63,56.82,11.2,57.72
2025-03-27 11:20:00,63.492,11316.228,39.726,328.841,110.973,58.05,53.52,63.95,55.24,10.67,57.73
2025-03-27 11:25:00,68.43,11335.442,39.262,331.897,105.957,59.27,54.52,64.77,56.16,10.92,57.73
2025-03-27 11:30:00,64.177,11275.247,39.853,329.807,104.966,58.89,55.09,65.1,56.52,13.29,57.74
2025-03-27 11:35:00,64.66,11510.659,40.06,330.319,103.031,57.28,53.63,63.54,55.14,10.44,57.74
2025-03-27 11:40:00,64.216,11456.978,39.511,330.772,103.761,57.3,52.54,62.86,54.57,10.24,57.74
2025-03-27 11:45:00,65.122,11323.147,39.602,334.399,104.104,56.01,52.69,62.86,54.29,12.21,57.75
2025-03-27 11:50:00,63.187,11422.925,39.39,331.731,99.465,56.31,53.4,62.04,54.07,10.06,57.75
2025-03-27 11:55:00,64.949,11365.349,39.349,321.494,103.359,56.21,52.23,62.45,54.8,11.25,57.76
2025-03-27 12:00:00,65.978,11388.68,39.821,334.18,98.564,56.23,52.2,61.91,53.99,12.55,57.76
2025-03-27 12:05:00,62.707,11050.353,39.806,335.026,102.71,55.82,52.56,61.83,54.61,12.27,57.77
2025-03-27 12:10:00,64.508,11037.377,40.338,331.398,105.12,55.75,52.07,62.06,53.86,12.43,57.77
2025-03-27 12:15:00,64.035,11868.196,39.617,332.25,107.343,56.15,52.09,61.78,54.59,10.85,57.77
2025-03-27 12:20:00,67.445,11402.628,40.18,332.31,102.772,55.62,52.25,61.52,53.8,11.74,57.78
2025-03-27 12:25:00,64.657,11179.167,40.187,331.096,104.066,56.95,53.23,62.71,54.59,13.83,57.78
2025-03-27 12:30:00,66.07,11604.951,40.09,335.17,103.428,57.68,53.4,63.16,56.3,11.91,57.79
2025-03-27 12:35:00,65.636,11511.696,39.24,336.674,109.063,59.32,54.22,64.97,56.21,12.01,57.79
2025-03-27 12:40:00,64.891,11724.335,40.142,331.377,102.075,58.88,54.56,64.97,57.41,12.75,57.8
2025-03-27 12:45:00,67.791,11530.621,39.639,331.221,104.319,58.69,54.7,65.49,56.54,13.04,57.8
2025-03-27 12:50:00,64.105,11379.085,39.79,328.721,107.742,57.79,54.74,64.96,56.47,11.93,57.81
2025-03-27 12:55:00,64.541,11466.752,39.968,329.132,106.558,59.36,54.8,65.51,56.78,12.16,57.81
2025-03-27 13:00:00,67.952,11771.827,39.351,331.154,105.584,59.97,55.53,65.22,57.37,12.88,57.82
2025-03-27 13:05:00,65.678,11372.179,39.552,333.184,110.748,58.44,54.05,64.9,56.84,12.63,57.82
2025-03-27 13:10:00,71.535,11316.832,39.562,325.726,103.341,58.98,55.4,64.72,57.24,13.65,57.83
2025-03-27 13:15:00,73.435,11652.267,39.774,327.636,109.849,58.62,55.25,65.65,57.15,13.3,57.83
2025-03-27 13:20:00,70.375,11339.611,40.213,329.903,103.582,59.83,55.29,66.44,57.76,13.59,57.84
2025-03-27 13:25:00,68.335,11790.068,40.171,327.11,107.972,61.45,57.64,67.05,59.23,12.34,57.84
2025-03-27 13:30:00,68.411,11550.657,39.859,326.592,109.671,62.3,58.28,67.68,58.78,13.66,57.85
2025-03-27 13:35:00,69.939,11749.584,39.665,326.43,107.267,62.28,57.66,67.07,59.15,12.0,57.85
2025-03-27 13:40:00,66.587,11683.924,39.533,330.244,104.036,61.71,56.69,67.23,59.07,12.27,57.86
2025-03-27 13:45:00,65.795,11345.607,39.571,327.102,107.045,60.33,56.19,66.39,58.82,12.89,57.86
2025-03-27 13:50:00,70.645,11563.395,39.103,334.431,106.966,59.37,55.62,65.2,57.63,10.79,57.87
2025-03-27 13:55:00,68.619,11633.273,39.723,326.993,107.804,59.04,55.69,65.79,57.23,12.33,57.88
2025-03-27 14:00:00,64.184,11526.622,40.349,327.543,110.9,61.18,56.87,66.42,57.97,13.45,57.88
2025-03-27 14:05:00,66.181,11365.101,39.506,331.463,106.73,58.98,55.26,65.39,57.22,12.35,57.89
2025-03-27 14:10:00,65.412,11716.561,39.41,335.111,105.061,57.98,54.35,64.3,56.19,12.28,57.89
2025-03-27 14:15:00,69.151,11519.845,39.369,328.667,105.662,58.38,54.99,65.1,56.32,13.76,57.9
2025-03-27 14:20:00,68.49,11496.843,39.682,331.887,102.307,58.42,53.99,64.61,56.15,12.24,57.9
2025-03-27 14:25:00,67.978,11455.033,40.319,338.415,105.126,57.34,54.21,63.04,55.01,13.31,57.91
2025-03-27 14:30:00,65.056,11608.067,40.049,336.468,100.502,58.36,54.58,63.59,55.71,12.38,57.92
2025-03-27 14:35:00,63.425,11223.068,39.949,330.677,103.699,58.67,54.71,63.37,55.92,13.08,57.92
2025-03-27 14:40:00,65.025,11588.492,39.412,332.105,104.349,57.04,53.08,63.41,55.04,12.06,57.93
2025-03-27 14:45:00,66.647,11437.011,39.813,338.202,107.359,57.6,54.11,64.78,55.63,11.57,57.93
2025-03-27 14:50:00,67.571,11543.727,39.812,334.07,104.232,57.81,54.21,63.83,55.76,10.78,57.94
2025-03-27 14:55:00,63.305,11380.198,40.325,334.918,106.407,57.4,53.1,62.91,55.33,11.78,57.95
2025-03-27 15:00:00,63.344,11582.727,39.572,333.985,100.577,55.45,51.82,61.38,53.89,11.51,57.95
2025-03-27 15:05:00,61.723,11224.096,39.798,328.828,103.8,56.82,52.72,62.87,54.39,11.41,57.96
2025-03-27 15:10:00,65.31,11216.002,40.205,330.303,105.551,57.86,53.69,63.14,55.4,13.85,57.96
2025-03-27 15:15:00,65.393,11016.613,40.169,343.602,105.743,56.78,52.94,62.53,53.94,11.77,57.97
2025-03-27 15:20:00,64.374,10991.834,39.734,336.926,100.867,55.41,51.63,61.19,53.62,12.12,57.98
2025-03-27 15:25:00,62.927,11402.703,39.981,339.867,104.275,55.96,51.84,62.19,53.7,11.63,57.98
2025-03-27 15:30:00,62.235,11588.103,39.806,337.148,104.45,56.64,52.16,62.21,54.94,10.53,57.99
2025-03-27 15:35:00,65.382,11458.443,39.432,333.677,104.763,55.64,51.38,62.68,54.71,11.91,58.0
2025-03-27 15:40:00,60.229,11283.094,39.724,334.302,101.338,55.11,51.57,61.41,53.15,10.38,58.0
2025-03-27 15:45:00,64.598,11522.74,38.967,335.596,100.056,55.46,51.46,61.17,52.93,11.68,58.01
2025-03-27 15:50:00,65.466,11403.523,39.439,333.777,103.367,54.38,50.68,60.83,53.13,11.37,58.02
2025-03-27 15:55:00,63.202,11463.895,39.53,328.122,103.469,54.78,50.72,60.86,52.27,10.91,58.02
2025-03-27 16:00:00,61.328,11022.61,39.142,336.718,102.755,54.4,50.92,61.12,52.6,11.82,58.03
2025-03-27 16:05:00,63.12,11399.352,39.557,332.175,102.238,54.5,50.46,61.56,53.06,12.61,58.04
2025-03-27 16:10:00,66.92,11146.061,40.152,336.329,108.652,55.94,50.95,61.06,53.6,10.9,58.04
2025-03-27 16:15:00,64.82,11029.235,39.578,332.967,100.836,55.19,51.54,61.73,53.82,10.57,58.05
2025-03-27 16:20:00,64.871,11462.777,39.736,336.839,102.518,54.6,50.76,60.6,52.95,10.54,58.06
2025-03-27 16:25:00,62.127,11490.251,39.86,334.987,105.195,54.95,50.95,61.04,53.09,11.27,58.06
2025-03-27 16:30:00,62.011,11581.389,39.307,334.547,106.253,55.02,51.68,61.79,53.67,11.6,58.07
2025-03-27 16:35:00,61.703,11227.263,39.593,334.248,102.605,54.73,49.13,59.68,52.17,9.54,58.08
2025-03-27 16:40:00,62.0,11264.798,39.265,334.592,102.787,53.97,49.93,59.98,51.74,10.43,58.08
2025-03-27 16:45:00,61.087,11106.447,39.353,345.623,106.619,53.57,50.13,60.3,51.94,9.92,58.09
2025-03-27 16:50:00,64.064,11478.84,39.023,335.439,107.608,54.75,51.63,61.56,52.68,10.74,58.1
2025-03-27 16:55:00,61.655,11451.625,38.922,335.023,100.495,54.28,50.36,59.21,51.8,9.88,58.1
2025-03-27 17:00:00,63.355,11234.499,39.518,337.164,106.149,54.91,50.59,60.92,52.87,9.91,58.11
2025-03-27 17:05:00,63.841,11413.037,39.718,331.297,104.714,55.17,50.97,60.79,52.32,10.07,58.12
2025-03-27 17:10:00,67.363,11193.336,40.041,328.615,103.168,54.8,50.53,60.87,52.83,9.32,58.13
2025-03-27 17:15:00,60.64,11091.278,40.317,331.413,104.171,55.18,51.73,61.2,52.52,12.12,58.13
2025-03-27 17:20:00,64.694,11298.044,39.904,343.561,104.531,56.15,52.07,61.32,53.77,10.52,58.14
2025-03-27 17:25:00,66.479,11461.04,39.722,333.801,104.589,56.27,51.94,62.05,54.63,11.43,58.15
2025-03-27 17:30:00,60.199,11503.302,39.539,337.749,107.589,55.94,51.53,62.21,53.88,9.27,58.16
2025-03-27 17:35:00,67.831,11562.408,39.273,333.302,103.889,55.5,52.56,62.22,53.35,10.49,58.16
2025-03-27 17:40:00,65.368,11294.561,40.186,340.753,104.8,56.86,52.71,62.5,54.31,8.86,58.17
2025-03-27 17:45:00,63.408,11615.024,39.415,339.763,106.029,55.54,51.49,61.77,53.96,9.22,58.18
2025-03-27 17:50:00,60.136,11519.351,38.845,336.664,104.732,54.69,51.64,60.68,52.86,8.03,58.18
2025-03-27 17:55:00,63.944,11482.046,39.02,334.687,105.25,55.51,51.91,61.59,53.88,10.55,58.19
2025-03-27 18:00:00,65.743,11214.629,39.954,330.329,108.933,56.72,52.32,62.27,54.9,9.03,58.2
2025-03-27 18:05:00,64.562,10865.182,39.331,339.411,107.561,56.51,52.51,62.56,54.18,9.21,58.21
2025-03-27 18:10:00,63.282,11417.811,40.011,338.278,107.263,57.41,52.52,63.21,55.69,7.93,58.22
2025-03-27 18:15:00,67.039,11409.721,39.628,338.708,106.925,56.11,53.04,62.52,54.09,9.05,58.22
2025-03-27 18:20:00,68.356,11790.258,39.475,331.073,105.212,56.18,53.4,63.25,54.48,9.98,58.23
2025-03-27 18:25:00,62.315,11315.214,39.097,337.811,108.944,57.22,53.19,62.89,55.23,7.99,58.24
2025-03-27 18:30:00,62.903,11596.173,39.971,330.254,105.928,57.02,52.52,62.27,55.37,7.58,58.25
2025-03-27 18:35:00,63.883,11329.148,40.227,332.838,107.233,56.5,52.89,62.98,54.22,8.62,58.25
2025-03-27 18:40:00,62.571,11548.691,39.376,333.439,103.23,55.89,51.88,61.49,53.36,9.11,58.26
2025-03-27 18:45:00,62.572,11364.564,39.727,341.973,98.773,53.72,49.95,59.6,51.49,8.42,58.27
2025-03-27 18:50:00,59.176,11552.978,38.918,338.495,101.422,55.35,51.59,60.57,53.11,6.71,58.28
2025-03-27 18:55:00,62.694,11331.923,39.375,338.968,102.477,55.28,50.76,60.95,53.53,8.85,58.28
2025-03-27 19:00:00,60.73,11456.729,39.629,338.136,108.848,55.86,49.96,61.62,53.81,8.46,58.29
2025-03-27 19:05:00,64.666,11299.669,39.696,337.61,104.506,55.94,51.71,61.96,54.35,8.11,58.3
2025-03-27 19:10:00,64.787,11459.489,39.987,335.037,103.143,56.3,52.69,61.98,54.0,9.21,58.31
2025-03-27 19:15:00,61.903,11316.359,39.431,337.898,104.297,55.16,51.9,61.57,54.61,7.8,58.32
2025-03-27 19:20:00,64.168,11775.616,39.474,340.562,99.459,56.06,51.64,61.93,53.78,7.34,58.32
2025-03-27 19:25:00,64.543,11607.991,39.516,349.18,102.473,54.15,50.61,60.27,51.91,7.95,58.33
2025-03-27 19:30:00,61.19,11353.905,39.275,340.462,103.438,54.43,50.67,61.2,52.89,7.14,58.34
2025-03-27 19:35:00,62.557,11493.591,39.302,334.528,100.99,55.01,51.81,60.98,53.05,7.68,58.35
2025-03-27 19:40:00,60.964,11205.836,39.763,337.517,103.068,54.73,49.83,60.47,52.38,7.23,58.36
2025-03-27 19:45:00,68.205,11503.898,39.241,334.604,104.202,55.2,51.28,60.31,52.81,5.41,58.37
2025-03-27 19:50:00,63.526,11443.288,39.41,344.238,104.986,55.93,51.64,61.94,53.73,7.32,58.37
2025-03-27 19:55:00,65.928,11668.309,39.155,337.128,104.786,55.71,52.23,61.38,53.51,5.18,58.38
2025-03-27 20:00:00,63.535,11624.776,39.588,343.339,108.488,55.51,51.58,61.35,53.57,6.41,58.39
2025-03-27 20:05:00,61.626,11489.241,38.71,340.928,106.37,54.88,51.37,60.98,52.96,6.81,58.4
2025-03-27 20:10:00,63.229,11730.821,39.57,337.038,104.49,55.4,51.64,62.08,53.36,5.78,58.41
2025-03-27 20:15:00,63.998,11441.757,39.231,336.996,104.236,55.88,52.98,62.54,54.05,7.21,58.41
2025-03-27 20:20:00,65.8,11482.035,39.717,334.324,106.526,56.67,53.46,62.62,55.0,6.57,58.42
2025-03-27 20:25:00,62.179,11391.197,39.618,344.507,105.87,57.38,53.58,63.71,55.7,4.83,58.43
2025-03-27 20:30:00,65.967,11631.645,39.596,337.483,105.714,58.41,54.11,64.46,56.44,6.05,58.44
2025-03-27 20:35:00,68.766,11724.444,39.197,330.922,109.852,59.61,55.31,66.57,57.87,5.51,58.45
2025-03-27 20:40:00,67.317,11854.764,39.336,337.808,108.945,59.44,55.56,65.58,57.2,4.41,58.46
2025-03-27 20:45:00,67.424,11852.94,39.869,337.802,108.235,59.79,55.98,66.04,58.11,6.13,58.46
2025-03-27 20:50:00,63.305,12006.846,39.604,338.374,105.224,60.82,55.85,66.6,58.09,3.77,58.47
2025-03-27 20:55:00,69.377,11744.499,39.237,331.242,107.316,59.96,56.12,66.03,58.77,6.19,58.48
2025-03-27 21:00:00,66.895,11710.257,39.595,338.892,107.244,60.97,56.62,66.89,59.41,5.12,58.49
2025-03-27 21:05:00,66.937,11399.328,39.098,339.786,111.86,61.27,57.15,68.1,59.06,5.78,58.5
2025-03-27 21:10:00,66.408,11578.349,39.572,341.678,111.84,60.85,57.41,66.87,59.71,5.35,58.51
2025-03-27 21:15:00,65.76,11630.058,39.885,341.462,109.244,61.18,57.12,67.27,58.97,5.09,58.51
2025-03-27 21:20:00,68.171,11357.327,39.509,334.405,110.078,61.04,57.96,67.55,59.22,4.65,58.52
2025-03-27 21:25:00,67.27,11792.673,39.479,340.17,109.952,62.89,58.68,68.49,60.54,3.85,58.53
2025-03-27 21:30:00,68.345,11726.184,39.52,339.551,112.157,63.86,59.19,68.19,60.68,3.59,58.54
2025-03-27 21:35:00,72.663,11888.705,39.067,339.709,109.547,63.29,59.32,69.49,60.68,2.67,58.55
2025-03-27 21:40:00,72.692,11693.509,39.549,337.03,109.374,63.32,59.59,69.31,61.49,5.2,58.56
2025-03-27 21:45:00,68.052,11690.292,39.255,341.577,113.673,63.09,59.47,68.89,60.3,2.47,58.57
2025-03-27 21:50:00,67.581,11636.1,38.279,339.714,109.259,61.99,58.26,67.92,60.34,1.99,58.57
2025-03-27 21:55:00,68.636,11994.443,39.365,335.957,111.095,63.21,58.11,68.33,60.73,3.06,58.58
2025-03-27 22:00:00,70.691,11700.776,38.82,341.375,112.485,62.6,58.49,68.59,60.88,3.76,58.59
2025-03-27 22:05:00,66.847,11655.085,39.294,333.494,110.338,63.43,60.17,69.55,61.83,3.11,58.6
2025-03-27 22:10:00,71.553,12071.08,39.468,342.481,113.975,63.63,59.94,69.39,61.17,4.93,58.61
2025-03-27 22:15:00,67.681,11787.163,39.079,338.8,110.94,63.25,59.68,69.68,61.22,3.53,58.62
2025-03-27 22:20:00,66.198,11898.138,39.483,330.567,114.985,63.42,59.23,69.36,61.45,3.91,58.63
2025-03-27 22:25:00,68.557,11601.99,39.191,334.009,110.43,62.77,59.42,68.66,61.3,4.08,58.63
2025-03-27 22:30:00,72.045,11781.893,39.371,330.69,115.101,63.58,59.53,69.76,60.66,3.32,58.64
2025-03-27 22:35:00,64.945,11578.29,39.525,331.358,108.566,63.93,59.55,69.26,61.89,3.12,58.65
2025-03-27 22:40:00,70.211,11613.375,39.615,339.001,115.701,63.79,60.76,70.25,61.79,2.99,58.66
2025-03-27 22:45:00,64.562,11989.164,39.069,341.643,109.155,64.77,60.53,70.65,63.09,2.71,58.67
2025-03-27 22:50:00,70.328,12016.698,38.864,337.229,115.988,65.35,61.64,71.25,63.61,2.64,58.68
2025-03-27 22:55:00,69.931,12135.234,39.434,340.609,113.341,66.01,62.1,72.29,63.39,2.55,58.69
2025-03-27 23:00:00,69.602,11984.176,38.866,332.26,114.276,65.59,61.62,71.03,64.31,3.21,58.7
2025-03-27 23:05:00,69.509,11835.096,39.118,331.221,109.525,65.19,61.29,70.93,63.12,1.54,58.7
2025-03-27 23:10:00,69.817,11873.375,39.747,341.942,112.334,64.07,59.67,70.34,62.73,4.53,58.71
2025-03-27 23:15:00,65.278,11786.211,40.066,339.602,111.52,63.4,60.1,69.44,61.8,3.24,58.72
2025-03-27 23:20:00,70.258,12017.013,38.902,334.834,112.599,63.93,59.58,69.62,61.62,3.64,58.73
2025-03-27 23:25:00,71.535,12169.233,39.165,347.29,111.211,64.09,59.81,70.45,62.45,3.49,58.74
2025-03-27 23:30:00,65.73,11965.712,39.241,347.054,114.587,63.74,60.48,70.52,62.34,1.71,58.75
2025-03-27 23:35:00,72.812,11533.205,39.141,338.403,116.018,64.5,60.3,70.43,62.42,1.72,58.76
2025-03-27 23:40:00,72.942,11952.302,39.65,329.353,114.652,63.91,60.24,70.25,62.64,2.02,58.77
2025-03-27 23:45:00,71.487,12024.378,39.266,341.386,112.675,65.72,60.73,71.85,62.9,1.04,58.77
2025-03-27 23:50:00,66.944,11687.32,39.029,343.393,111.371,64.58,61.26,70.86,62.79,2.65,58.78
2025-03-27 23:55:00,70.17,11861.661,39.701,341.333,112.603,65.5,62.17,71.36,64.43,2.23,58.79
2025-03-28 00:00:00,69.126,11834.455,39.379,336.224,116.088,65.96,62.25,71.94,63.5,2.35,58.8
2025-03-28 00:05:00,70.917,12247.555,39.332,336.619,111.958,66.0,62.15,70.64,64.88,2.91,58.81
2025-03-28 00:10:00,72.12,11945.823,39.156,335.81,114.451,67.94,64.07,74.1,66.16,2.26,58.82
2025-03-28 00:15:00,72.342,11977.251,39.324,343.764,114.648,67.92,64.23,74.56,65.66,2.42,58.83
2025-03-28 00:20:00,71.025,12273.803,39.852,337.632,114.131,67.89,63.67,73.66,65.26,2.03,58.83
2025-03-28 00:25:00,67.211,11961.972,38.644,336.735,113.828,67.85,63.34,73.7,65.7,0.97,58.84
2025-03-28 00:30:00,67.559,11562.535,39.098,332.313,116.447,66.25,63.41,72.41,63.78,2.09,58.85
2025-03-28 00:35:00,68.469,11849.306,39.831,341.369,111.487,65.88,61.03,71.46,63.3,2.39,58.86
2025-03-28 00:40:00,68.159,12009.539,39.098,338.298,111.527,65.84,62.06,72.09,64.23,-0.17,58.87
2025-03-28 00:45:00,71.845,11973.421,39.217,337.7,114.095,66.5,62.26,71.83,64.77,1.03,58.88
2025-03-28 00:50:00,67.381,11566.339,39.319,332.506,115.355,66.79,63.73,72.8,65.55,3.06,58.89
2025-03-28 00:55:00,67.772,11572.658,39.373,341.13,118.087,66.76,62.39,73.29,64.42,0.62,58.9
2025-03-28 01:00:00,73.545,11998.509,39.31,342.232,116.685,65.9,62.64,72.63,64.84,1.15,58.9
2025-03-28 01:05:00,68.238,11540.959,39.117,342.666,111.145,65.42,61.77,71.99,64.07,1.21,58.91
2025-03-28 01:10:00,69.946,11993.897,39.395,332.972,112.139,66.46,61.52,71.34,63.74,1.65,58.92
2025-03-28 01:15:00,71.72,12384.832,38.985,332.945,112.154,66.6,62.34,72.03,64.55,2.25,58.93
2025-03-28 01:20:00,69.833,12010.036,38.508,333.603,114.288,66.95,63.67,72.88,65.59,2.26,58.94
2025-03-28 01:25:00,68.643,11719.213,39.274,341.853,115.969,66.96,62.24,72.47,65.26,1.8,58.95
2025-03-28 01:30:00,67.33,12088.739,39.275,342.67,113.83,67.57,63.51,72.48,65.18,2.05,58.96
2025-03-28 01:35:00,68.71,12000.355,39.23,340.643,112.32,67.5,62.66,72.79,64.41,1.77,58.97
2025-03-28 01:40:00,66.845,12092.088,38.755,329.708,116.906,66.42,63.13,73.1,65.08,0.46,58.97
2025-03-28 01:45:00,68.031,12209.67,39.149,335.819,115.207,65.77,63.0,72.04,63.89,1.1,58.98
2025-03-28 01:50:00,65.519,12077.851,38.969,347.955,117.512,65.58,62.15,71.52,63.3,2.3,58.99
2025-03-28 01:55:00,73.024,12274.629,38.443,346.494,114.81,65.45,61.21,71.69,63.15,0.7,59.0
2025-03-28 02:00:00,70.801,12062.095,38.921,349.961,117.071,64.98,59.81,70.28,62.64,2.4,59.01
2025-03-28 02:05:00,72.647,11979.495,39.136,340.089,112.298,64.67,60.77,70.62,63.11,1.32,59.02
2025-03-28 02:10:00,70.236,11866.104,39.817,345.201,114.198,66.25,60.85,71.77,63.91,2.76,59.03
2025-03-28 02:15:00,68.28,11780.683,39.36,343.448,112.433,66.49,62.74,71.83,63.93,2.09,59.03
2025-03-28 02:20:00,70.752,11906.042,39.517,339.208,115.852,65.54,61.78,71.29,62.85,0.93,59.04
2025-03-28 02:25:00,72.325,11992.22,38.428,340.863,112.691,65.07,60.94,70.76,63.13,1.98,59.05
2025-03-28 02:30:00,70.333,12006.437,39.082,340.942,115.1,64.81,60.88,70.31,62.71,1.23,59.06
2025-03-28 02:35:00,64.942,11642.062,39.067,343.731,113.727,65.08,60.13,70.48,62.23,1.74,59.07
2025-03-28 02:40:00,64.65,12142.709,39.097,350.289,111.238,63.58,60.4,69.67,62.27,1.99,59.08
2025-03-28 02:45:00,68.608,12213.677,39.446,343.542,115.891,63.98,59.73,69.8,61.55,2.15,59.09
2025-03-28 02:50:00,67.095,12043.484,39.85,345.157,113.722,63.12,60.42,69.96,62.09,1.65,59.09
2025-03-28 02:55:00,65.159,11801.421,38.725,349.467,112.535,62.88,59.11,68.69,61.16,1.3,59.1
2025-03-28 03:00:00,70.51,11940.988,39.624,349.364,114.795,63.54,59.45,69.77,61.81,2.86,59.11
2025-03-28 03:05:00,68.836,11996.353,39.118,335.607,110.85,63.52,60.53,70.29,62.55,2.73,59.12
2025-03-28 03:10:00,65.322,11924.081,39.429,339.82,112.471,63.01,59.45,69.95,61.86,2.27,59.13
2025-03-28 03:15:00,67.991,11907.337,39.778,340.783,112.08,63.61,60.38,70.37,62.58,2.46,59.14
2025-03-28 03:20:00,67.496,12149.483,39.283,338.878,117.496,63.89,59.73,70.72,61.87,1.34,59.14
2025-03-28 03:25:00,66.01,11622.434,39.138,345.159,110.126,62.8,58.87,68.57,61.31,-0.32,59.15
2025-03-28 03:30:00,70.643,12083.111,39.006,345.47,114.183,63.54,60.4,69.77,61.46,1.52,59.16
2025-03-28 03:35:00,64.306,12138.341,39.374,345.449,113.614,64.06,58.97,69.03,61.28,1.06,59.17
2025-03-28 03:40:00,65.673,11758.671,39.826,344.53,112.178,62.88,58.3,68.93,59.87,3.64,59.18
2025-03-28 03:45:00,68.76,11934.783,39.69,345.291,112.381,61.71,57.85,68.23,59.38,3.47,59.19
2025-03-28 03:50:00,67.076,11980.645,38.934,342.576,109.832,62.2,57.43,67.84,59.76,2.13,59.19
2025-03-28 03:55:00,68.926,11913.755,39.6,344.295,109.262,61.57,58.6,68.17,59.54,3.08,59.2
2025-03-28 04:00:00,65.265,11729.486,39.269,345.091,111.229,61.63,58.31,67.94,60.63,3.92,59.21
2025-03-28 04:05:00,69.028,11965.562,38.833,347.874,110.163,63.19,58.62,68.53,60.63,2.0,59.22
2025-03-28 04:10:00,67.267,11788.977,39.923,339.527,115.978,63.07,58.98,68.91,60.59,2.57,59.23
2025-03-28 04:15:00,70.692,11876.905,39.219,343.593,112.741,63.17,59.55,69.56,60.56,3.6,59.23
2025-03-28 04:20:00,68.176,11982.64,39.429,347.872,111.381,63.56,58.98,69.41,61.0,3.87,59.24
2025-03-28 04:25:00,67.115,11862.428,39.129,351.026,114.464,64.09,59.3,69.85,62.07,2.84,59.25
2025-03-28 04:30:00,67.587,12432.01,39.523,341.642,117.319,64.3,59.61,70.25,61.95,2.96,59.26
2025-03-28 04:35:00,70.116,11895.802,38.638,350.513,113.398,63.79,59.93,69.75,61.65,3.17,59.27
2025-03-28 04:40:00,67.405,11764.551,39.515,343.269,113.293,64.46,60.96,70.29,62.31,3.16,59.28
2025-03-28 04:45:00,69.025,11802.695,39.172,342.399,107.218,62.87,59.11,68.51,60.57,3.47,59.28
2025-03-28 04:50:00,65.632,11990.733,39.617,349.282,114.605,62.08,57.99,68.74,60.41,3.58,59.29
2025-03-28 04:55:00,64.822,12141.582,39.895,337.965,112.924,62.06,58.41,67.52,60.23,4.17,59.3
2025-03-28 05:00:00,61.182,11714.554,39.457,344.759,110.529,61.15,57.64,67.41,59.84,4.93,59.31
2025-03-28 05:05:00,65.6,11521.275,39.726,346.57,115.694,60.8,56.62,67.43,58.6,3.72,59.32
2025-03-28 05:10:00,66.31,11692.182,39.483,341.553,112.28,62.09,57.56,66.89,59.58,3.96,59.32
2025-03-28 05:15:00,63.39,11803.319,39.294,348.945,109.432,60.88,56.27,65.99,58.6,3.82,59.33
2025-03-28 05:20:00,64.884,11875.05,39.196,351.981,111.886,60.51,56.57,67.57,58.32,5.5,59.34
2025-03-28 05:25:00,58.717,11871.842,39.174,347.367,111.25,59.9,55.19,65.56,57.89,5.39,59.35
2025-03-28 05:30:00,66.728,11324.931,40.167,345.263,112.849,59.23,54.73,64.84,57.26,6.03,59.35
2025-03-28 05:35:00,65.751,12056.962,39.556,347.671,109.322,60.52,56.22,65.89,58.14,3.78,59.36
2025-03-28 05:40:00,64.907,11717.445,39.183,344.57,110.265,60.3,55.4,65.08,57.23,2.64,59.37
2025-03-28 05:45:00,64.687,11717.996,38.821,351.542,107.499,60.0,55.96,66.16,58.2,3.87,59.38
2025-03-28 05:50:00,65.155,11762.33,39.247,346.407,112.83,59.85,56.36,65.77,57.97,5.36,59.38
2025-03-28 05:55:00,66.996,11831.568,40.183,345.852,112.386,59.9,55.51,66.23,58.64,4.22,59.39
2025-03-28 06:00:00,67.57,11657.923,39.337,342.815,113.518,61.08,56.08,66.43,59.53,3.52,59.4
2025-03-28 06:05:00,66.217,12041.761,39.175,349.712,112.541,61.07,57.0,66.51,58.69,5.29,59.41
2025-03-28 06:10:00,66.735,11993.462,38.969,351.107,114.83,61.45,57.45,67.11,58.58,4.37,59.42
2025-03-28 06:15:00,65.19,11925.002,39.477,346.23,113.423,59.94,56.39,66.72,58.52,6.44,59.42
2025-03-28 06:20:00,66.673,11878.564,39.266,348.129,111.407,61.21,56.36,67.28,58.44,4.6,59.43
2025-03-28 06:25:00,68.426,11826.671,39.372,353.038,114.487,59.55,55.77,66.31,58.45,4.08,59.44
2025-03-28 06:30:00,68.294,11715.698,39.17,348.73,113.735,60.43,55.48,65.88,57.88,5.43,59.44
2025-03-28 06:35:00,65.618,12092.74,39.546,353.496,108.426,59.92,55.76,66.46,57.25,5.76,59.45
2025-03-28 06:40:00,63.672,11711.843,40.019,348.045,110.611,59.14,56.31,65.09,57.73,5.39,59.46
2025-03-28 06:45:00,64.655,11730.374,39.089,349.246,111.931,59.91,55.23,65.89,57.19,6.08,59.47
2025-03-28 06:50:00,68.68,12014.982,39.273,348.628,113.743,60.73,56.86,67.22,58.34,5.33,59.47
2025-03-28 06:55:00,68.203,11953.56,39.697,345.623,109.221,60.84,56.43,66.83,59.25,4.96,59.48
2025-03-28 07:00:00,66.854,11782.778,40.071,345.883,113.224,60.19,56.23,65.93,58.15,8.13,59.49
2025-03-28 07:05:00,63.257,11832.481,39.074,348.432,112.889,60.07,55.97,66.13,58.13,5.28,59.5
2025-03-28 07:10:00,67.497,12057.053,40.133,344.437,112.734,60.24,56.51,66.94,58.26,5.9,59.5
2025-03-28 07:15:00,64.305,12023.44,39.741,347.332,114.348,60.7,56.27,65.95,58.38,7.04,59.51
2025-03-28 07:20:00,63.391,11719.899,39.985,345.235,113.936,61.12,56.95,66.92,58.83,5.8,59.52
2025-03-28 07:25:00,66.446,12182.634,39.304,341.978,112.813,61.15,57.0,67.61,58.89,7.62,59.52
2025-03-28 07:30:00,64.925,12061.373,40.127,342.111,117.343,61.51,58.17,67.09,59.68,9.07,59.53
2025-03-28 07:35:00,66.845,11577.415,40.162,344.747,117.989,61.61,58.45,66.99,59.93,7.32,59.54
2025-03-28 07:40:00,67.394,11848.642,38.975,347.764,112.566,62.59,59.0,69.19,60.57,6.45,59.54
2025-03-28 07:45:00,68.955,12086.796,39.354,354.156,113.843,62.8,59.02,68.13,60.3,7.33,59.55
2025-03-28 07:50:00,69.732,11917.111,39.777,346.681,116.417,62.8,58.63,68.22,61.0,7.14,59.56
2025-03-28 07:55:00,67.559,11515.938,39.935,348.695,114.021,63.0,59.73,69.45,61.26,7.71,59.56
2025-03-28 08:00:00,67.864,11728.172,39.967,357.019,114.458,62.44,58.4,69.8,60.99,7.67,59.57
2025-03-28 08:05:00,65.57,12020.753,39.518,348.507,113.512,62.69,58.89,68.74,60.43,6.43,59.58
2025-03-28 08:10:00,67.351,11983.753,40.154,345.685,116.274,62.83,58.14,68.59,60.05,7.11,59.58
2025-03-28 08:15:00,64.436,11922.702,39.084,348.394,112.867,61.97,57.6,68.51,59.35,8.23,59.59
2025-03-28 08:20:00,68.26,12052.404,39.526,356.308,114.014,61.49,58.1,67.54,59.36,8.06,59.6
2025-03-28 08:25:00,71.698,12162.167,38.995,343.239,114.362,62.79,58.31,68.22,60.76,8.11,59.6
2025-03-28 08:30:00,69.913,11792.081,40.226,353.099,116.908,63.08,58.46,68.74,61.19,7.56,59.61
2025-03-28 08:35:00,66.868,11616.123,39.956,340.469,114.661,62.62,58.85,68.98,61.61,7.6,59.62
2025-03-28 08:40:00,65.488,11815.352,39.792,349.65,113.824,63.03,58.09,68.56,60.72,8.39,59.62
2025-03-28 08:45:00,68.011,11697.384,40.27,345.417,113.677,62.56,57.99,68.23,61.17,8.3,59.63
2025-03-28 08:50:00,61.969,12184.692,40.229,350.616,117.139,61.65,57.99,68.01,59.86,8.27,59.64
2025-03-28 08:55:00,64.745,11993.843,39.577,354.196,115.041,62.0,57.0,67.17,59.79,8.88,59.64
2025-03-28 09:00:00,69.642,11693.307,39.643,355.153,114.834,61.35,57.89,67.9,59.87,7.65,59.65
2025-03-28 09:05:00,60.988,11831.842,39.499,352.169,115.201,60.93,57.84,66.76,59.62,8.57,59.65
2025-03-28 09:10:00,66.106,11923.779,39.904,349.227,116.591,61.89,58.01,68.12,59.78,9.9,59.66
2025-03-28 09:15:00,65.737,12130.337,40.325,354.204,111.951,61.02,57.11,68.01,59.46,9.08,59.67
2025-03-28 09:20:00,66.044,11928.733,40.022,343.151,113.358,60.14,56.29,66.72,58.93,9.03,59.67
2025-03-28 09:25:00,65.683,12112.728,40.184,348.767,111.439,61.38,56.29,66.31,58.04,9.52,59.68
2025-03-28 09:30:00,64.509,12240.684,39.735,343.855,114.973,61.1,56.46,66.82,58.31,10.84,59.68
2025-03-28 09:35:00,69.87,11983.844,40.179,349.854,111.705,60.32,55.99,66.72,58.83,10.15,59.69
2025-03-28 09:40:00,64.386,11655.339,40.106,348.861,117.954,60.82,56.16,66.44,58.76,10.44,59.7
2025-03-28 09:45:00,63.768,11877.548,40.045,351.159,111.604,59.41,55.08,65.93,58.55,9.61,59.7
2025-03-28 09:50:00,67.281,11889.776,40.433,357.209,116.121,59.64,55.2,65.35,57.52,10.73,59.71
2025-03-28 09:55:00,67.087,11596.508,40.161,353.483,112.504,60.33,55.9,66.51,58.81,10.5,59.71
2025-03-28 10:00:00,66.841,11806.995,39.615,348.541,115.274,59.41,55.61,65.25,58.15,9.69,59.72
2025-03-28 10:05:00,64.205,11900.858,40.629,352.161,114.637,59.07,55.31,65.26,57.47,11.42,59.72
2025-03-28 10:10:00,63.926,11981.981,39.808,346.446,116.744,59.47,55.73,65.89,57.57,9.86,59.73
2025-03-28 10:15:00,66.83,11890.318,39.919,349.196,116.808,61.1,56.19,66.68,57.91,10.92,59.74
2025-03-28 10:20:00,64.795,11947.902,40.511,359.018,112.527,60.3,57.37,66.51,58.78,10.14,59.74
2025-03-28 10:25:00,62.79,12047.713,39.313,351.849,114.961,60.01,55.45,65.52,57.41,10.65,59.75
2025-03-28 10:30:00,62.357,11858.504,40.277,353.321,115.368,57.71,54.54,63.66,56.04,11.04,59.75
2025-03-28 10:35:00,67.662,11503.497,38.976,343.677,112.147,58.74,54.65,64.42,56.19,9.47,59.76
2025-03-28 10:40:00,68.03,11980.565,40.051,348.271,113.838,59.65,55.96,65.29,57.35,10.79,59.76
2025-03-28 10:45:00,60.812,11585.121,39.699,355.433,112.166,58.93,55.9,64.89,56.71,9.38,59.77
2025-03-28 10:50:00,64.475,11872.943,40.588,351.913,114.243,58.79,55.14,65.08,56.8,10.84,59.77
2025-03-28 10:55:00,67.487,11854.254,39.704,353.225,113.661,60.19,55.8,66.21,57.99,11.26,59.78
2025-03-28 11:00:00,62.151,11545.514,40.78,345.439,115.573,60.79,57.27,66.88,58.42,10.29,59.78
2025-03-28 11:05:00,67.932,11536.933,40.158,354.813,113.42,61.42,57.54,67.06,59.22,11.11,59.79
2025-03-28 11:10:00,65.252,11816.272,40.27,351.648,108.947,59.68,56.03,66.28,58.14,11.36,59.79
2025-03-28 11:15:00,62.855,11971.692,39.487,357.924,115.419,59.01,54.63,64.29,57.48,10.9,59.8
2025-03-28 11:20:00,62.959,11420.114,39.638,357.469,113.7,58.61,54.53,64.45,56.66,11.22,59.8
2025-03-28 11:25:00,65.229,11829.364,40.261,357.371,112.579,57.44,54.43,63.75,56.39,11.14,59.81
2025-03-28 11:30:00,61.926,12148.365,39.814,350.537,110.43,56.76,53.3,63.07,54.6,11.62,59.81
2025-03-28 11:35:00,62.896,12066.507,39.357,350.509,114.217,57.92,54.25,63.79,56.09,10.27,59.82
2025-03-28 11:40:00,65.228,11707.325,40.351,355.616,112.959,58.94,55.05,64.83,56.87,11.81,59.82
2025-03-28 11:45:00,62.129,11996.642,39.925,354.848,111.282,58.62,54.84,64.39,56.18,13.55,59.83
2025-03-28 11:50:00,72.649,11548.579,40.84,351.595,112.669,58.9,55.36,63.6,56.96,11.03,59.83
2025-03-28 11:55:00,61.862,11828.16,40.59,352.801,107.697,59.24,55.19,65.2,57.31,12.28,59.83
2025-03-28 12:00:00,66.854,11884.536,39.988,350.465,116.308,60.88,56.74,66.5,58.59,11.26,59.84
2025-03-28 12:05:00,64.594,11842.493,40.022,349.702,110.046,60.65,55.87,67.08,59.15,11.28,59.84
2025-03-28 12:10:00,65.588,11844.292,40.819,348.534,115.17,60.67,55.77,66.47,58.38,11.8,59.85
2025-03-28 12:15:00,63.112,11941.749,40.525,351.63,114.589,59.22,55.9,66.28,57.29,11.28,59.85
2025-03-28 12:20:00,65.743,11773.597,40.499,354.467,112.668,60.17,57.13,66.89,58.53,11.69,59.86
2025-03-28 12:25:00,66.978,11756.773,39.898,349.397,115.045,60.48,57.27,66.39,58.92,12.39,59.86
2025-03-28 12:30:00,63.357,11930.161,40.232,353.789,116.209,60.49,57.23,65.92,58.6,11.4,59.86
2025-03-28 12:35:00,65.787,11709.916,40.073,353.27,113.9,61.37,56.96,67.18,59.17,11.52,59.87
2025-03-28 12:40:00,65.874,12157.305,39.132,349.558,118.8,61.84,57.18,67.53,59.56,12.29,59.87
2025-03-28 12:45:00,65.06,11768.281,40.464,358.039,115.707,60.95,56.61,66.3,58.77,10.87,59.88
2025-03-28 12:50:00,62.903,12170.818,40.161,353.377,111.213,61.06,56.38,67.22,58.48,12.36,59.88
2025-03-28 12:55:00,63.542,11818.251,39.925,350.478,110.673,60.77,57.02,67.08,59.29,11.78,59.88
2025-03-28 13:00:00,63.592,12124.239,40.136,345.67,117.385,61.59,56.87,66.6,58.66,11.56,59.89
2025-03-28 13:05:00,64.088,11654.904,40.437,352.557,114.974,61.07,56.15,66.8,59.04,11.99,59.89
2025-03-28 13:10:00,61.82,12030.01,40.46,357.507,114.999,61.21,57.02,66.83,59.73,13.38,59.89
2025-03-28 13:15:00,66.88,11857.907,39.508,354.951,116.54,61.46,56.92,68.24,59.44,12.22,59.9
2025-03-28 13:20:00,68.544,11868.85,40.336,351.715,114.853,61.57,56.41,67.54,59.43,12.09,59.9
2025-03-28 13:25:00,67.019,12024.42,40.05,353.3,112.091,61.24,57.21,67.58,58.66,12.7,59.91
2025-03-28 13:30:00,62.966,12146.113,39.408,354.184,115.538,61.28,56.84,67.01,59.54,11.69,59.91
2025-03-28 13:35:00,64.547,12293.087,40.119,353.038,116.522,62.19,57.73,67.74,59.75,11.91,59.91
2025-03-28 13:40:00,63.825,11976.469,40.354,358.84,114.208,62.36,59.03,68.32,59.95,12.04,59.92
2025-03-28 13:45:00,64.155,11893.655,40.095,348.668,118.136,62.17,56.91,67.32,59.64,13.25,59.92
2025-03-28 13:50:00,68.177,11594.48,40.479,354.409,107.985,61.79,58.32,67.81,59.83,11.96,59.92
2025-03-28 13:55:00,67.861,12068.354,40.206,351.509,117.387,61.23,57.78,67.0,58.85,13.53,59.92
2025-03-28 14:00:00,62.867,12176.419,40.301,355.444,111.905,61.7,57.93,67.12,59.62,12.79,59.93
2025-03-28 14:05:00,67.594,11716.951,40.243,348.068,113.576,62.04,57.89,67.68,59.36,10.34,59.93
2025-03-28 14:10:00,69.112,12122.917,40.181,354.143,115.37,60.81,57.72,67.55,59.94,11.47,59.93
2025-03-28 14:15:00,68.389,12043.614,40.374,352.113,112.135,62.0,57.73,68.29,59.57,11.87,59.94
2025-03-28 14:20:00,61.345,11766.388,40.773,349.405,112.339,61.35,56.86,67.84,59.72,13.69,59.94
2025-03-28 14:25:00,71.785,11730.769,39.853,350.376,113.85,62.03,57.32,66.35,59.92,12.7,59.94
2025-03-28 14:30:00,66.463,11820.234,39.794,352.68,114.493,61.19,57.43,67.83,59.96,12.42,59.94
2025-03-28 14:35:00,64.096,11957.235,40.201,357.924,114.064,61.1,57.52,66.92,59.1,12.12,59.95
2025-03-28 14:40:00,64.718,11767.268,39.219,356.771,113.604,62.22,57.6,67.23,59.47,12.48,59.95
2025-03-28 14:45:00,64.566,11723.898,40.427,352.511,118.269,62.24,56.7,67.52,59.84,12.8,59.95
2025-03-28 14:50:00,69.631,11839.428,40.211,346.531,120.573,61.87,57.08,67.04,59.09,11.28,59.95
2025-03-28 14:55:00,65.028,12017.023,40.368,351.835,116.755,61.58,57.32,67.02,59.01,12.51,59.96
2025-03-28 15:00:00,69.976,12235.175,40.1,354.873,112.583,61.36,58.09,67.89,59.56,12.2,59.96
2025-03-28 15:05:00,64.575,11890.368,40.282,350.33,114.917,62.09,57.83,68.22,60.11,12.69,59.96
2025-03-28 15:10:00,66.133,11534.119,40.36,353.731,114.234,62.76,57.99,67.59,60.22,13.29,59.96
2025-03-28 15:15:00,67.209,11741.656,40.32,354.963,118.247,62.0,58.4,68.46,60.11,13.55,59.97
2025-03-28 15:20:00,66.408,11790.505,39.709,345.419,116.854,62.11,58.78,68.92,61.04,13.29,59.97
2025-03-28 15:25:00,67.302,12176.257,40.025,351.849,118.86,63.53,59.14,68.82,61.38,11.84,59.97
2025-03-28 15:30:00,68.957,11959.596,40.148,350.132,114.365,62.04,58.14,67.74,60.32,12.99,59.97
2025-03-28 15:35:00,68.325,11787.769,40.776,346.481,115.574,61.48,57.76,67.78,59.83,11.66,59.97
2025-03-28 15:40:00,63.488,11843.101,39.731,355.924,113.871,61.51,57.26,67.02,59.72,11.77,59.98
2025-03-28 15:45:00,66.953,11779.186,39.938,354.876,112.478,62.43,57.73,67.36,59.81,12.61,59.98
2025-03-28 15:50:00,68.212,12079.688,39.804,348.413,115.726,62.16,57.88,68.0,60.24,12.83,59.98
2025-03-28 15:55:00,68.069,11747.589,40.603,355.041,114.048,60.67,57.54,67.44,59.92,11.23,59.98
2025-03-28 16:00:00,63.728,11751.243,39.678,346.053,117.456,61.9,57.67,66.96,58.76,10.47,59.98
2025-03-28 16:05:00,64.402,11903.798,39.551,357.062,117.872,62.24,57.84,67.59,59.02,11.75,59.98
2025-03-28 16:10:00,67.962,11853.394,39.795,355.396,115.552,60.65,56.94,67.06,59.62,10.59,59.98
2025-03-28 16:15:00,63.331,11920.87,39.798,346.361,114.565,61.17,57.43,67.17,59.71,11.07,59.99
2025-03-28 16:20:00,61.869,12342.648,40.056,357.112,117.272,62.08,58.07,67.86,59.71,10.87,59.99
2025-03-28 16:25:00,64.872,12070.873,40.543,357.936,115.4,61.94,57.62,68.28,59.99,10.85,59.99
2025-03-28 16:30:00,66.697,11904.792,39.96,353.24,114.845,61.52,57.27,67.89,60.03,10.67,59.99
2025-03-28 16:35:00,61.458,11678.245,39.863,352.424,116.876,62.21,57.71,67.54,59.96,10.86,59.99
2025-03-28 16:40:00,65.885,11831.468,39.596,345.905,114.032,62.24,57.44,68.12,60.03,11.38,59.99
2025-03-28 16:45:00,64.55,12185.552,39.478,358.262,115.337,60.5,57.36,66.44,59.71,10.69,59.99
2025-03-28 16:50:00,68.016,11923.698,39.627,359.635,114.769,61.22,57.7,66.78,59.47,11.51,59.99
2025-03-28 16:55:00,68.434,11795.447,40.056,352.501,114.674,60.74,57.09,67.46,59.21,10.24,59.99
2025-03-28 17:00:00,69.355,12155.795,40.412,340.705,114.018,60.9,57.12,67.42,58.81,10.57,60.0
2025-03-28 17:05:00,67.569,12204.568,39.894,347.827,114.24,62.67,58.7,68.51,61.28,11.27,60.0
2025-03-28 17:10:00,67.254,12118.549,39.73,353.627,116.786,63.92,60.12,69.94,61.38,11.13,60.0
2025-03-28 17:15:00,71.066,12210.563,40.307,355.667,115.74,63.97,60.41,70.14,62.65,9.41,60.0
2025-03-28 17:20:00,66.821,12215.014,39.914,348.807,118.716,64.91,60.05,69.86,61.5,9.71,60.0
2025-03-28 17:25:00,70.537,12380.529,40.599,348.316,120.13,65.78,62.34,71.64,64.11,9.88,60.0
2025-03-28 17:30:00,67.2,12137.425,39.776,349.063,118.576,66.75,62.93,72.51,64.37,9.91,60.0
2025-03-28 17:35:00,69.117,11872.66,39.271,356.151,120.075,66.68,61.88,72.36,64.26,9.2,60.0
2025-03-28 17:40:00,67.905,12122.272,40.279,350.627,118.808,65.95,61.49,72.85,64.38,10.66,60.0
2025-03-28 17:45:00,71.611,12114.888,39.549,354.402,115.851,66.33,62.35,72.43,64.05,9.54,60.0
2025-03-28 17:50:00,71.707,11987.649,39.881,356.19,122.793,65.45,61.27,71.74,63.82,8.13,60.0
2025-03-28 17:55:00,69.632,12095.17,39.72,348.311,119.297,66.06,60.71,71.7,63.74,9.76,60.0
2025-03-28 18:00:00,71.907,12378.703,39.638,352.35,120.94,66.21,61.66,71.74,63.84,9.59,60.0
2025-03-28 18:05:00,68.842,12272.935,39.758,351.162,119.435,66.0,62.17,72.13,64.85,9.21,60.0
2025-03-28 18:10:00,64.926,11970.291,39.492,350.738,119.227,65.99,62.03,71.98,63.71,8.92,60.0
2025-03-28 18:15:00,68.595,12417.346,39.903,353.913,122.427,66.5,62.43,72.94,63.44,8.52,60.0
2025-03-28 18:20:00,72.071,12555.402,40.091,352.417,115.9,66.34,62.6,73.61,64.95,9.74,60.0
2025-03-28 18:25:00,72.095,12161.37,39.676,348.636,116.309,66.74,62.36,72.55,64.35,9.26,60.0
2025-03-28 18:30:00,66.329,12456.166,40.439,350.228,115.932,65.03,61.11,71.1,62.95,8.61,60.0
2025-03-28 18:35:00,69.171,12162.679,39.942,356.306,119.655,64.89,60.75,71.08,62.71,8.47,60.0
2025-03-28 18:40:00,66.553,12088.879,39.565,345.521,115.952,63.96,61.26,71.31,63.09,9.68,60.0
2025-03-28 18:45:00,68.304,12202.743,39.68,354.053,118.666,63.79,60.08,70.57,61.97,9.64,60.0
2025-03-28 18:50:00,69.09,11805.424,39.635,350.516,116.978,63.04,59.68,69.3,61.36,9.19,60.0
2025-03-28 18:55:00,67.755,12018.867,39.76,356.346,113.688,62.69,59.6,68.78,61.22,7.73,60.0
2025-03-28 19:00:00,68.929,12035.022,39.871,350.961,114.767,63.57,59.9,69.87,62.41,8.53,60.0
2025-03-28 19:05:00,64.295,11976.849,39.621,354.822,117.06,64.52,60.35,70.19,62.13,6.74,59.99
2025-03-28 19:10:00,66.348,12115.824,39.664,343.387,118.1,66.01,61.34,70.93,64.12,7.79,59.99
2025-03-28 19:15:00,67.303,11819.483,39.664,350.757,119.58,65.23,61.74,70.82,62.63,8.33,59.99
2025-03-28 19:20:00,69.136,12237.643,39.881,349.781,117.754,65.19,61.66,71.13,63.66,8.09,59.99
2025-03-28 19:25:00,75.076,12260.122,40.918,354.646,120.476,66.76,62.0,72.36,64.51,7.01,59.99
2025-03-28 19:30:00,69.109,12353.438,39.828,359.17,119.472,66.77,62.77,73.49,64.8,6.14,59.99
2025-03-28 19:35:00,67.919,12395.824,40.119,351.116,118.327,67.36,64.28,74.37,66.31,6.8,59.99
2025-03-28 19:40:00,72.493,12149.196,39.916,344.757,124.977,67.51,63.17,73.62,65.1,6.54,59.99
2025-03-28 19:45:00,70.064,12300.37,39.465,348.761,117.102,67.26,62.87,72.7,64.67,6.47,59.99
2025-03-28 19:50:00,72.072,12183.901,39.788,351.702,119.87,66.83,62.81,72.48,65.19,8.2,59.98
2025-03-28 19:55:00,69.701,12497.239,39.948,352.654,114.038,66.6,63.01,72.97,65.09,5.31,59.98
2025-03-28 20:00:00,72.001,12270.689,40.015,348.097,119.397,68.31,64.79,73.71,65.12,7.84,59.98
2025-03-28 20:05:00,73.532,11992.612,39.615,342.472,118.19,67.81,64.45,73.7,65.47,6.39,59.98
2025-03-28 20:10:00,66.054,12455.738,39.379,351.193,115.08,68.03,63.83,73.9,66.5,5.29,59.98
2025-03-28 20:15:00,73.062,12226.886,39.841,355.379,124.618,67.94,64.38,73.92,66.23,6.99,59.98
2025-03-28 20:20:00,72.974,12181.511,40.573,350.644,118.402,68.36,64.31,74.18,66.9,5.99,59.98
2025-03-28 20:25:00,71.661,12005.098,38.977,345.86,115.085,68.43,65.18,75.07,66.82,6.2,59.97
2025-03-28 20:30:00,73.965,12214.896,40.107,352.928,123.118,68.97,64.55,74.64,66.97,5.72,59.97
2025-03-28 20:35:00,73.366,12424.696,39.74,347.664,121.031,69.02,64.16,74.11,66.45,7.51,59.97
2025-03-28 20:40:00,74.598,12364.895,39.873,347.628,125.606,68.74,64.64,74.68,66.62,7.3,59.97
2025-03-28 20:45:00,66.811,11907.865,39.96,359.776,119.556,67.59,63.72,73.6,65.39,5.01,59.97
2025-03-28 20:50:00,71.428,12164.708,40.067,346.986,120.174,67.78,63.73,73.35,65.13,5.35,59.96
2025-03-28 20:55:00,70.9,12232.385,40.272,347.806,116.847,66.31,62.65,73.03,65.04,5.09,59.96
2025-03-28 21:00:00,68.098,11913.414,40.271,346.143,119.747,67.02,62.26,72.48,63.98,7.96,59.96
2025-03-28 21:05:00,72.208,12032.144,39.575,355.564,120.698,68.37,64.48,74.42,65.86,3.82,59.96
2025-03-28 21:10:00,71.982,12568.085,40.038,346.211,118.35,68.74,64.39,74.83,66.03,5.1,59.95
2025-03-28 21:15:00,70.375,12396.807,39.816,348.849,116.225,67.9,63.85,74.07,66.03,4.8,59.95
2025-03-28 21:20:00,67.292,12064.844,40.061,350.555,119.419,69.09,64.29,74.49,67.03,5.05,59.95
2025-03-28 21:25:00,71.3,12229.054,39.738,346.943,120.765,68.39,64.28,74.34,66.4,3.96,59.95
2025-03-28 21:30:00,71.295,12394.938,39.3,347.355,116.16,68.59,65.46,74.95,66.68,3.42,59.94
2025-03-28 21:35:00,69.973,12068.372,39.967,351.334,122.065,68.31,65.0,74.58,66.71,4.19,59.94
2025-03-28 21:40:00,75.061,12230.873,38.998,347.635,113.707,70.42,65.13,75.9,67.23,4.2,59.94
2025-03-28 21:45:00,72.638,12250.683,39.771,349.764,117.202,68.95,65.97,75.36,67.28,3.97,59.94
2025-03-28 21:50:00,75.51,12439.634,39.346,349.781,118.367,70.19,65.95,76.35,67.85,3.18,59.93
2025-03-28 21:55:00,70.486,12198.977,40.008,343.519,122.064,70.55,66.15,76.39,68.43,3.35,59.93
2025-03-28 22:00:00,70.248,12173.848,39.626,339.619,120.726,69.51,65.82,76.22,67.57,5.26,59.93
2025-03-28 22:05:00,69.71,12153.039,40.14,351.04,121.712,69.9,65.78,76.75,68.28,4.18,59.92
2025-03-28 22:10:00,72.243,11948.415,39.303,349.092,121.67,69.44,65.46,75.09,67.36,4.34,59.92
2025-03-28 22:15:00,71.747,12319.604,38.988,350.034,117.408,69.97,65.64,76.04,67.69,3.5,59.92
2025-03-28 22:20:00,73.799,12186.119,39.86,348.554,120.753,71.53,66.25,76.46,68.73,2.42,59.92
2025-03-28 22:25:00,71.639,12427.079,39.17,336.944,121.862,70.4,67.16,77.23,69.34,4.28,59.91
2025-03-28 22:30:00,73.607,12434.235,39.181,345.036,121.019,71.27,66.31,77.67,68.27,4.5,59.91
2025-03-28 22:35:00,71.176,12605.332,39.873,344.695,123.322,70.67,68.0,77.51,70.07,2.33,59.91
2025-03-28 22:40:00,72.127,12213.178,39.346,347.788,125.987,71.82,67.79,77.16,69.39,2.36,59.9
2025-03-28 22:45:00,74.048,12422.139,39.883,344.525,126.918,72.61,68.41,78.5,70.82,2.88,59.9
2025-03-28 22:50:00,73.497,12671.056,39.421,350.73,122.965,73.51,70.06,79.25,71.24,4.06,59.89
2025-03-28 22:55:00,81.024,12594.321,39.533,344.618,120.359,74.88,70.47,80.36,72.38,3.47,59.89
2025-03-28 23:00:00,72.882,12385.859,39.704,345.558,121.589,74.24,70.33,80.51,72.47,3.94,59.89
2025-03-28 23:05:00,73.633,12205.249,39.456,343.233,120.448,74.45,69.82,80.36,72.95,2.25,59.88
2025-03-28 23:10:00,77.094,12155.115,40.39,352.07,124.933,74.81,71.6,80.33,72.63,2.51,59.88
2025-03-28 23:15:00,75.979,12624.175,39.788,341.359,120.701,76.59,71.77,81.87,73.81,3.39,59.88
2025-03-28 23:20:00,75.329,12321.62,39.486,342.195,122.251,76.34,71.9,82.64,74.42,3.61,59.87
2025-03-28 23:25:00,81.404,12430.019,38.736,344.083,127.596,77.36,72.86,82.44,74.6,1.85,59.87
2025-03-28 23:30:00,74.884,12404.692,39.079,341.991,125.964,78.09,73.21,83.18,76.24,3.78,59.86
2025-03-28 23:35:00,75.289,12532.671,38.943,342.958,123.704,76.87,73.12,83.04,75.19,2.53,59.86
2025-03-28 23:40:00,76.106,12658.816,39.533,341.387,125.619,76.57,71.94,82.55,74.65,2.86,59.86
2025-03-28 23:45:00,78.435,12450.833,39.512,342.292,123.177,78.29,73.73,83.35,75.76,2.8,59.85
2025-03-28 23:50:00,77.793,12490.134,39.94,343.796,119.515,78.06,73.25,83.86,76.28,2.67,59.85
2025-03-28 23:55:00,81.043,12497.547,39.26,345.73,123.876,77.39,74.17,83.76,75.49,2.4,59.84
2025-03-29 00:00:00,78.269,12485.41,39.635,341.293,123.91,76.69,72.7,82.96,74.73,2.91,59.84
2025-03-29 00:05:00,78.53,12756.692,39.862,342.059,128.458,76.69,72.56,82.41,73.56,2.45,59.83
2025-03-29 00:10:00,75.931,12488.534,39.512,346.69,123.794,76.62,73.24,82.54,75.06,0.92,59.83
2025-03-29 00:15:00,76.994,12332.985,38.917,346.128,125.585,75.75,72.48,82.78,74.96,1.73,59.83
2025-03-29 00:20:00,74.693,12632.322,39.682,345.328,121.237,75.72,72.5,82.11,74.2,1.38,59.82
2025-03-29 00:25:00,76.012,12337.57,39.655,348.785,121.077,76.1,71.99,82.21,73.34,2.13,59.82
2025-03-29 00:30:00,73.919,12561.813,39.423,342.451,122.784,76.52,72.75,81.28,73.52,2.11,59.81
2025-03-29 00:35:00,74.934,12261.276,39.075,347.748,127.684,76.72,72.52,82.5,74.53,1.77,59.81
2025-03-29 00:40:00,77.381,12478.736,39.995,342.556,121.474,75.33,71.42,81.91,74.09,2.4,59.8
2025-03-29 00:45:00,74.492,12092.868,39.487,345.297,122.678,76.02,71.68,81.84,73.36,1.62,59.8
2025-03-29 00:50:00,76.73,12336.361,39.162,339.712,121.534,75.83,71.29,82.61,74.63,0.87,59.79
2025-03-29 00:55:00,76.958,12698.934,39.075,343.298,124.242,75.49,71.84,81.79,74.1,1.47,59.79
2025-03-29 01:00:00,77.269,12674.748,39.256,342.606,126.827,75.78,71.87,80.83,73.59,1.65,59.78
2025-03-29 01:05:00,79.271,12515.741,39.346,343.863,121.869,75.33,71.22,82.02,73.59,1.46,59.78
2025-03-29 01:10:00,77.145,12559.354,38.919,338.045,124.325,75.75,71.6,80.97,73.26,1.92,59.77
2025-03-29 01:15:00,76.057,12473.812,38.866,338.286,124.997,75.27,71.82,81.79,73.88,1.44,59.77
2025-03-29 01:20:00,74.855,12274.593,39.326,347.486,124.935,76.74,73.2,82.79,75.03,1.6,59.76
2025-03-29 01:25:00,79.003,12343.968,38.805,341.67,123.406,76.66,73.11,82.59,75.53,0.74,59.76
2025-03-29 01:30:00,74.208,12295.348,38.785,339.46,126.844,76.73,72.48,81.48,74.1,1.52,59.75
2025-03-29 01:35:00,76.913,12584.456,39.465,339.91,121.579,75.98,72.19,82.45,73.62,2.21,59.75
2025-03-29 01:40:00,75.052,12664.015,39.42,342.251,127.328,77.53,72.78,82.33,75.03,0.63,59.74
2025-03-29 01:45:00,77.11,12377.927,39.65,339.919,125.305,78.75,74.27,83.88,75.88,2.78,59.74
2025-03-29 01:50:00,77.001,12728.108,39.075,340.577,125.411,77.88,73.69,84.58,76.12,1.59,59.73
2025-03-29 01:55:00,75.533,12445.716,39.401,338.256,124.652,77.42,73.69,82.46,74.98,1.64,59.72
2025-03-29 02:00:00,78.385,12533.443,39.415,343.881,132.161,77.51,74.03,84.74,76.1,1.48,59.72
2025-03-29 02:05:00,75.653,12734.968,38.747,341.879,121.677,77.08,73.06,83.31,74.86,-0.27,59.71
2025-03-29 02:10:00,79.817,12390.085,39.269,346.96,123.7,77.59,73.1,83.96,76.51,2.1,59.71
2025-03-29 02:15:00,77.097,12403.529,38.661,345.671,121.731,78.76,74.73,84.66,76.46,1.47,59.7
2025-03-29 02:20:00,78.799,12660.97,38.803,332.729,121.617,78.3,74.05,84.55,77.01,0.81,59.7
2025-03-29 02:25:00,77.624,12198.825,38.872,338.108,125.11,77.43,74.34,84.94,76.04,1.5,59.69
2025-03-29 02:30:00,78.135,12882.451,39.237,344.837,124.233,77.45,74.22,84.61,76.98,-0.29,59.68
2025-03-29 02:35:00,78.888,12544.409,39.139,342.011,127.622,78.45,74.59,83.78,76.62,2.95,59.68
2025-03-29 02:40:00,77.634,12653.338,39.048,341.161,124.512,79.14,75.23,85.0,77.22,2.78,59.67
2025-03-29 02:45:00,77.928,12274.509,39.483,341.916,122.937,78.89,75.35,85.29,76.73,2.88,59.67
2025-03-29 02:50:00,77.965,12536.801,39.248,339.84,124.446,78.38,74.22,83.45,76.17,1.2,59.66
2025-03-29 02:55:00,78.014,12446.229,39.435,341.525,123.393,78.96,74.17,84.59,75.9,2.47,59.65
2025-03-29 03:00:00,70.28,12287.843,38.787,337.179,125.888,77.16,73.0,83.45,74.93,2.82,59.65
2025-03-29 03:05:00,75.082,12609.429,38.997,336.08,125.528,78.41,73.95,84.01,76.12,2.21,59.64
2025-03-29 03:10:00,79.825,12566.938,39.173,346.348,126.931,76.88,73.2,83.09,75.14,1.95,59.64
2025-03-29 03:15:00,78.225,12489.282,39.561,344.91,125.123,77.3,73.36,83.36,75.18,2.86,59.63
2025-03-29 03:20:00,81.031,12587.622,39.251,346.948,122.633,77.04,73.38,83.3,74.39,2.42,59.62
2025-03-29 03:25:00,78.811,12684.48,38.799,339.997,125.176,78.75,74.82,84.49,76.51,2.3,59.62
2025-03-29 03:30:00,72.577,12504.241,39.496,339.607,125.823,79.32,74.72,84.81,76.76,2.32,59.61
2025-03-29 03:35:00,78.869,12650.586,40.1,344.629,122.203,78.53,74.37,84.9,76.12,2.68,59.6
2025-03-29 03:40:00,80.554,12793.718,39.205,342.789,126.298,78.89,74.26,85.67,76.8,0.91,59.6
2025-03-29 03:45:00,79.061,12900.857,39.387,342.195,122.667,80.42,75.93,85.43,77.2,3.32,59.59
2025-03-29 03:50:00,83.2,12583.133,39.106,347.38,124.976,77.96,74.4,84.31,77.49,2.89,59.58
2025-03-29 03:55:00,77.993,12280.925,38.941,342.481,121.325,79.28,73.61,84.35,76.9,3.83,59.58
2025-03-29 04:00:00,76.082,12471.498,39.611,338.811,123.527,78.98,75.15,84.66,77.58,2.35,59.57
2025-03-29 04:05:00,77.248,12460.194,38.823,337.354,116.504,79.89,75.09,85.16,76.67,1.77,59.56
2025-03-29 04:10:00,76.889,12430.854,39.127,337.136,124.974,79.54,74.62,85.16,76.97,2.63,59.56
2025-03-29 04:15:00,78.929,12560.417,39.391,340.673,123.918,80.11,76.11,86.11,77.98,3.12,59.55
2025-03-29 04:20:00,76.674,12389.109,39.122,341.054,127.652,80.46,76.22,86.31,78.43,2.44,59.54
2025-03-29 04:25:00,75.953,12918.636,39.079,342.825,123.276,80.86,76.47,86.16,78.02,2.83,59.54
2025-03-29 04:30:00,75.991,12710.883,39.206,345.576,124.853,80.27,77.17,86.37,77.88,3.42,59.53
2025-03-29 04:35:00,78.273,12629.415,38.84,335.013,127.953,81.19,76.5,87.33,78.39,3.34,59.52
2025-03-29 04:40:00,82.043,12876.799,39.595,334.584,124.034,81.13,76.51,87.63,79.17,4.1,59.52
2025-03-29 04:45:00,80.734,12637.019,39.562,339.935,128.85,81.0,76.73,86.27,79.78,4.31,59.51
2025-03-29 04:50:00,81.009,12613.303,39.169,339.611,124.671,81.05,77.48,86.8,78.88,3.51,59.5
2025-03-29 04:55:00,80.725,12556.507,39.666,342.806,124.193,80.77,75.64,86.72,78.53,2.89,59.5
2025-03-29 05:00:00,82.223,12485.058,39.829,339.048,127.795,79.88,77.07,86.87,78.62,3.86,59.49
2025-03-29 05:05:00,80.674,12321.876,39.526,328.314,126.48,81.35,77.18,87.13,79.32,2.93,59.48
2025-03-29 05:10:00,77.103,12470.596,39.458,329.36,123.4,80.86,77.06,86.38,79.53,3.62,59.47
2025-03-29 05:15:00,77.872,12812.693,39.567,338.446,124.807,80.96,76.53,86.86,78.68,2.93,59.47
2025-03-29 05:20:00,82.242,12483.882,39.646,341.476,122.948,81.5,76.91,86.97,79.75,4.06,59.46
2025-03-29 05:25:00,79.389,12502.606,39.201,341.347,125.88,81.39,76.86,87.94,79.28,4.34,59.45
2025-03-29 05:30:00,77.18,12425.224,39.12,340.244,124.288,80.83,76.49,86.98,78.78,3.92,59.44
2025-03-29 05:35:00,81.207,12584.846,39.449,335.873,126.994,81.04,76.18,87.08,78.41,6.07,59.44
2025-03-29 05:40:00,79.1,12745.041,39.495,331.876,122.613,80.95,76.37,86.75,78.85,3.49,59.43
2025-03-29 05:45:00,83.154,12393.418,39.83,338.93,128.72,81.31,77.73,88.06,79.27,5.07,59.42
2025-03-29 05:50:00,84.489,12284.152,39.4,336.276,131.071,81.51,76.75,87.5,79.69,3.25,59.42
2025-03-29 05:55:00,81.303,12284.879,39.717,340.545,130.913,79.7,75.59,85.77,77.78,4.84,59.41
2025-03-29 06:00:00,75.145,12481.767,39.587,337.953,122.78,78.96,74.93,85.31,76.66,4.33,59.4
2025-03-29 06:05:00,81.528,12357.805,39.949,334.361,126.536,78.51,74.08,84.2,76.47,4.96,59.39
2025-03-29 06:10:00,81.227,12558.99,39.135,332.358,126.432,78.63,74.04,83.56,76.47,4.92,59.38
2025-03-29 06:15:00,78.12,12679.067,39.221,342.188,123.191,78.34,74.79,84.01,75.51,4.7,59.38
2025-03-29 06:20:00,80.57,12214.934,38.482,336.881,128.277,78.15,74.98,84.64,76.27,3.89,59.37
2025-03-29 06:25:00,82.415,12577.266,39.786,340.349,118.493,77.8,73.66,84.02,75.72,5.61,59.36
2025-03-29 06:30:00,79.235,12254.335,39.646,334.938,123.306,77.77,74.41,82.77,75.2,6.34,59.35
2025-03-29 06:35:00,82.344,12456.305,40.081,334.327,123.845,76.4,72.75,82.64,73.79,5.28,59.35
2025-03-29 06:40:00,75.48,12358.17,40.041,337.025,121.992,76.02,72.2,82.78,74.4,5.74,59.34
2025-03-29 06:45:00,77.292,12354.683,40.188,341.022,119.503,76.04,72.01,82.08,74.69,3.48,59.33
2025-03-29 06:50:00,75.723,12055.893,39.556,339.437,123.835,75.98,71.91,82.63,74.66,5.39,59.32
2025-03-29 06:55:00,77.443,12158.601,38.974,342.693,121.711,76.18,72.41,82.48,73.82,5.67,59.32
2025-03-29 07:00:00,74.872,12474.565,39.054,332.915,116.551,76.52,72.74,82.24,73.95,5.08,59.31
2025-03-29 07:05:00,75.95,12393.432,39.476,334.97,117.737,76.34,73.12,82.77,74.07,6.56,59.3
2025-03-29 07:10:00,78.415,12452.126,39.324,338.989,123.625,76.85,72.77,83.06,74.7,6.15,59.29
2025-03-29 07:15:00,78.538,12153.269,39.228,331.136,123.26,76.0,71.94,82.14,74.55,7.36,59.28
2025-03-29 07:20:00,79.185,12582.545,39.115,340.877,123.678,77.29,72.96,83.0,74.46,6.42,59.28
2025-03-29 07:25:00,80.939,12667.247,39.155,333.536,124.143,77.16,73.06,83.94,75.67,7.22,59.27
2025-03-29 07:30:00,78.13,12531.856,39.084,338.63,122.027,78.08,73.39,84.46,75.13,7.08,59.26
2025-03-29 07:35:00,76.625,12746.216,39.345,336.985,123.166,77.31,73.74,83.16,75.86,6.67,59.25
2025-03-29 07:40:00,78.858,12746.421,39.963,333.711,123.916,76.38,72.69,83.06,74.52,6.66,59.24
2025-03-29 07:45:00,73.97,11927.527,39.927,328.06,121.186,76.97,72.44,82.26,74.44,7.3,59.23
2025-03-29 07:50:00,78.501,12568.039,40.182,337.143,128.9,76.57,73.18,82.78,74.85,6.76,59.23
2025-03-29 07:55:00,76.289,12674.477,39.41,335.675,122.097,77.57,72.91,82.44,74.3,7.75,59.22
2025-03-29 08:00:00,77.246,12461.169,39.284,335.152,120.959,76.67,72.72,82.6,74.59,8.52,59.21
2025-03-29 08:05:00,75.648,12405.229,39.766,336.431,121.519,76.03,72.37,82.61,73.63,7.04,59.2
2025-03-29 08:10:00,76.555,12268.539,39.812,332.567,122.554,76.67,71.98,82.73,75.06,7.69,59.19
2025-03-29 08:15:00,81.655,12268.112,39.68,330.443,121.812,76.52,73.09,82.89,74.13,7.69,59.19
2025-03-29 08:20:00,73.341,12115.219,39.619,338.102,123.721,75.29,71.94,82.06,73.27,7.55,59.18
2025-03-29 08:25:00,72.845,12197.313,39.906,334.802,119.18,76.09,72.96,81.9,73.61,8.84,59.17
2025-03-29 08:30:00,76.47,12188.298,39.908,341.305,120.506,75.58,73.07,83.17,74.37,9.07,59.16
2025-03-29 08:35:00,84.114,12340.867,39.827,327.698,127.18,78.55,74.38,83.89,75.82,8.06,59.15
2025-03-29 08:40:00,77.445,12164.103,39.877,338.655,122.699,79.63,75.52,84.78,77.6,8.71,59.14
2025-03-29 08:45:00,77.888,12524.282,39.082,334.244,123.849,79.61,75.16,85.0,77.23,9.27,59.14
2025-03-29 08:50:00,77.189,12331.437,40.534,334.55,126.851,78.62,74.74,84.99,76.7,9.02,59.13
2025-03-29 08:55:00,80.66,12297.462,39.972,332.258,126.928,78.88,74.86,84.67,76.5,9.78,59.12
2025-03-29 09:00:00,74.515,12449.881,40.49,324.564,121.918,78.26,74.38,83.68,75.95,8.26,59.11
2025-03-29 09:05:00,78.956,12479.387,39.891,337.762,119.955,76.84,74.29,83.0,75.97,8.45,59.1
2025-03-29 09:10:00,75.457,12677.112,39.562,339.346,121.053,77.14,73.97,82.52,75.75,10.21,59.09
2025-03-29 09:15:00,78.377,12418.404,39.934,335.585,118.394,76.75,73.13,83.47,75.69,10.55,59.09
2025-03-29 09:20:00,80.112,12639.221,39.934,337.853,118.798,76.71,73.3,83.34,75.17,9.54,59.08
2025-03-29 09:25:00,79.033,12605.154,39.702,339.34,119.416,77.23,73.18,83.25,74.94,9.32,59.07
2025-03-29 09:30:00,82.801,12359.52,39.017,334.922,124.731,76.37,72.09,82.06,74.82,9.54,59.06
2025-03-29 09:35:00,79.235,12511.119,39.936,338.475,119.397,76.79,72.47,83.08,74.72,10.43,59.05
2025-03-29 09:40:00,79.527,12673.503,39.553,330.076,122.08,76.58,72.61,82.57,74.07,9.72,59.04
2025-03-29 09:45:00,78.34,12528.646,39.941,341.211,121.818,76.53,73.19,82.88,74.87,11.68,59.03
2025-03-29 09:50:00,73.14,12172.699,40.087,336.72,121.549,77.18,73.4,82.84,75.03,9.25,59.03
2025-03-29 09:55:00,78.59,12255.682,39.424,333.956,121.15,76.66,72.72,82.2,75.08,9.98,59.02
2025-03-29 10:00:00,77.443,12341.877,40.078,335.362,123.031,77.66,74.53,83.81,75.28,10.87,59.01
2025-03-29 10:05:00,78.701,12271.402,39.785,339.693,124.697,76.38,72.41,82.23,74.25,11.74,59.0
2025-03-29 10:10:00,79.757,12431.834,39.87,324.67,118.047,76.6,72.39,82.95,74.29,9.42,58.99
2025-03-29 10:15:00,77.493,12152.247,38.982,328.928,118.919,75.23,71.13,81.78,73.88,9.83,58.98
2025-03-29 10:20:00,82.309,12235.912,39.784,341.112,115.521,75.21,71.81,80.38,73.17,12.04,58.97
2025-03-29 10:25:00,77.229,12486.09,39.354,341.455,119.98,76.02,71.56,81.75,72.69,8.44,58.97
2025-03-29 10:30:00,75.42,12302.028,39.891,332.879,120.284,75.05,71.59,81.17,74.01,10.1,58.96
2025-03-29 10:35:00,83.301,12447.036,40.238,332.501,121.032,76.0,71.81,81.37,74.07,11.59,58.95
2025-03-29 10:40:00,75.289,12144.87,39.257,332.81,119.772,75.03,70.83,80.96,73.84,10.96,58.94
2025-03-29 10:45:00,79.024,12275.699,40.064,328.398,125.929,75.93,72.59,82.2,74.66,11.64,58.93
2025-03-29 10:50:00,76.34,12464.676,39.449,331.231,123.692,76.19,71.52,82.17,73.26,10.99,58.92
2025-03-29 10:55:00,77.86,12350.065,39.869,341.104,117.816,75.61,71.88,82.5,73.79,12.38,58.91
2025-03-29 11:00:00,74.356,11760.048,39.748,327.893,121.9,75.69,71.5,81.25,73.89,11.97,58.9
2025-03-29 11:05:00,73.341,12294.749,39.566,332.798,125.29,75.03,71.99,81.64,73.71,9.98,58.9
2025-03-29 11:10:00,77.46,12339.912,39.56,337.228,120.005,76.99,72.41,81.81,74.62,10.37,58.89
2025-03-29 11:15:00,77.688,12279.997,40.764,336.274,123.461,74.97,72.15,82.28,74.47,11.72,58.88
2025-03-29 11:20:00,78.489,12426.024,40.319,336.423,122.922,76.25,72.05,82.15,73.03,10.71,58.87
2025-03-29 11:25:00,78.782,12270.346,39.496,333.674,120.973,78.12,73.28,83.33,75.73,13.3,58.86
2025-03-29 11:30:00,80.191,12519.232,39.598,334.054,115.302,77.79,73.35,83.33,75.6,12.61,58.85
2025-03-29 11:35:00,76.787,12154.199,40.338,331.605,120.679,77.17,72.67,82.89,75.57,12.09,58.84
2025-03-29 11:40:00,79.653,12644.995,39.739,336.677,125.983,75.38,71.91,81.27,74.1,12.25,58.83
2025-03-29 11:45:00,76.734,12241.884,39.521,329.881,123.378,75.81,71.85,82.1,73.44,10.26,58.83
2025-03-29 11:50:00,77.967,12401.037,39.825,332.323,117.456,75.0,71.3,81.35,72.93,10.16,58.82
2025-03-29 11:55:00,79.175,12019.307,39.947,328.714,119.274,77.05,71.79,82.58,73.93,12.41,58.81
2025-03-29 12:00:00,78.963,12259.371,39.36,327.914,120.895,76.63,72.69,82.66,74.14,13.29,58.8
2025-03-29 12:05:00,80.62,12293.086,39.946,335.131,123.215,76.38,71.44,82.07,72.98,13.89,58.79
2025-03-29 12:10:00,77.076,12099.525,40.413,335.401,119.925,76.02,71.88,81.66,74.17,11.22,58.78
2025-03-29 12:15:00,79.784,12445.263,39.862,334.339,119.759,76.87,72.47,83.02,74.49,12.22,58.77
2025-03-29 12:20:00,80.235,12387.07,39.643,343.911,120.762,75.93,72.41,82.53,74.33,12.79,58.77
2025-03-29 12:25:00,78.453,12075.732,40.165,329.109,119.293,76.96,72.73,83.31,75.09,11.36,58.76
2025-03-29 12:30:00,80.514,12065.516,39.732,325.99,118.909,77.8,73.95,84.08,76.17,12.04,58.75
2025-03-29 12:35:00,74.76,12185.97,39.593,330.717,122.397,77.45,73.13,84.09,76.01,13.2,58.74
2025-03-29 12:40:00,80.069,12355.02,39.502,328.153,120.37,77.95,73.69,83.49,75.91,10.63,58.73
2025-03-29 12:45:00,83.201,12381.835,40.238,329.764,122.674,77.55,73.26,83.85,75.91,12.85,58.72
2025-03-29 12:50:00,82.555,12491.875,39.959,329.385,119.55,78.11,74.86,84.15,76.44,12.81,58.71
2025-03-29 12:55:00,74.775,12161.8,39.761,332.302,118.992,77.81,73.13,83.02,75.14,13.04,58.7
2025-03-29 13:00:00,78.473,12285.19,39.919,329.422,115.441,77.37,72.99,84.18,75.25,11.92,58.7
2025-03-29 13:05:00,77.521,12477.465,39.738,325.989,118.776,78.02,73.29,84.01,76.08,11.03,58.69
2025-03-29 13:10:00,75.619,12514.111,39.106,330.57,124.352,78.31,74.35,84.83,76.06,12.5,58.68
2025-03-29 13:15:00,82.091,12286.086,39.967,328.34,118.207,77.52,73.48,83.48,75.68,12.71,58.67
2025-03-29 13:20:00,81.1,12013.42,40.124,328.344,121.165,78.53,75.11,84.75,76.76,11.51,58.66
2025-03-29 13:25:00,80.99,12185.919,40.343,331.65,120.935,78.82,74.5,84.49,76.97,12.59,58.65
2025-03-29 13:30:00,82.304,12137.259,40.112,325.483,123.299,78.98,74.62,85.27,76.63,13.51,58.64
2025-03-29 13:35:00,80.743,12230.169,39.809,327.269,125.483,78.78,75.23,84.17,76.82,12.13,58.63
2025-03-29 13:40:00,83.575,12136.529,39.801,328.263,121.746,78.66,73.99,86.04,76.56,12.9,58.63
2025-03-29 13:45:00,77.853,12394.577,39.695,326.25,118.112,78.4,75.06,84.61,76.99,12.89,58.62
2025-03-29 13:50:00,84.236,12574.414,39.858,331.437,121.532,79.68,76.17,86.41,77.86,12.52,58.61
2025-03-29 13:55:00,80.454,12215.88,40.026,326.95,116.369,79.08,75.1,85.33,77.05,12.21,58.6
2025-03-29 14:00:00,79.019,12070.14,39.543,326.369,122.047,79.13,75.59,85.16,77.65,13.44,58.59
2025-03-29 14:05:00,79.711,12363.913,40.399,323.767,127.667,79.29,75.06,85.47,77.08,12.62,58.58
2025-03-29 14:10:00,80.94,12123.808,39.43,322.453,120.05,80.0,75.36,85.79,77.77,11.87,58.57
2025-03-29 14:15:00,82.251,12482.921,39.76,325.932,125.449,79.96,75.12,85.65,77.87,12.01,58.57
2025-03-29 14:20:00,79.335,12298.757,39.757,327.247,120.608,79.5,75.35,85.89,77.56,12.78,58.56
2025-03-29 14:25:00,79.837,12298.285,39.589,322.371,123.305,80.11,75.69,86.1,78.0,11.29,58.55
2025-03-29 14:30:00,79.944,11976.523,39.903,327.724,120.388,80.58,75.86,85.7,77.32,13.6,58.54
2025-03-29 14:35:00,78.988,12259.46,39.729,327.062,120.182,79.95,75.68,86.08,77.48,13.24,58.53
2025-03-29 14:40:00,82.586,12259.489,40.365,319.358,118.124,79.32,75.08,85.76,77.1,11.86,58.52
2025-03-29 14:45:00,78.495,12266.379,39.694,327.768,121.474,79.29,75.09,84.74,76.62,13.0,58.51
2025-03-29 14:50:00,79.244,12048.373,40.221,333.116,120.039,78.01,74.32,84.8,75.76,14.23,58.51
2025-03-29 14:55:00,80.781,12139.373,39.726,324.47,120.222,78.32,73.95,84.43,76.32,12.39,58.5
2025-03-29 15:00:00,78.398,12402.679,39.907,328.318,120.025,78.16,74.15,84.08,76.38,11.39,58.49
2025-03-29 15:05:00,75.056,12190.904,39.479,328.792,122.084,78.58,74.61,85.06,76.33,12.67,58.48
2025-03-29 15:10:00,81.082,12416.311,40.206,323.565,120.264,79.7,75.52,85.17,77.73,11.89,58.47
2025-03-29 15:15:00,78.08,12076.085,40.195,319.31,119.471,78.86,75.13,84.53,77.38,10.65,58.46
2025-03-29 15:20:00,79.24,12180.871,39.605,329.21,122.923,78.79,74.95,84.75,76.03,9.83,58.46
2025-03-29 15:25:00,76.618,12217.029,39.888,325.486,122.747,78.9,75.25,84.08,76.66,12.05,58.45
2025-03-29 15:30:00,79.341,12337.785,39.687,325.79,117.742,77.37,73.0,83.55,76.73,12.3,58.44
2025-03-29 15:35:00,78.801,12324.768,40.062,327.136,122.454,77.95,72.85,84.04,75.58,12.0,58.43
2025-03-29 15:40:00,79.488,11846.442,39.385,323.854,123.034,77.55,72.83,83.25,74.93,11.03,58.42
2025-03-29 15:45:00,83.715,12079.258,39.916,329.787,120.653,75.59,71.19,81.02,73.74,12.33,58.41
2025-03-29 15:50:00,75.893,12229.578,40.041,328.233,120.947,76.21,72.33,82.65,74.33,12.25,58.41
2025-03-29 15:55:00,76.744,12122.376,39.659,326.314,119.822,75.49,71.94,81.75,73.18,11.36,58.4
2025-03-29 16:00:00,76.69,12529.618,39.503,326.364,116.851,74.51,70.31,80.21,72.53,11.74,58.39
2025-03-29 16:05:00,77.542,12315.108,39.641,331.535,115.435,73.53,70.38,78.99,72.58,11.71,58.38
2025-03-29 16:10:00,76.434,12304.042,39.825,330.794,119.803,74.33,70.95,81.18,72.09,11.33,58.37
2025-03-29 16:15:00,83.383,11955.991,39.729,321.842,118.914,74.04,70.01,80.51,71.68,11.24,58.37
2025-03-29 16:20:00,73.142,12207.032,39.331,326.314,116.551,73.24,69.81,78.83,70.54,10.69,58.36
2025-03-29 16:25:00,78.047,12096.95,39.242,325.39,116.071,74.11,69.9,80.07,72.77,12.98,58.35
2025-03-29 16:30:00,73.168,12143.842,39.641,331.605,118.948,73.68,69.74,79.6,71.17,11.34,58.34
2025-03-29 16:35:00,72.425,12110.655,39.345,330.965,117.117,73.47,69.47,79.14,71.2,11.86,58.33
2025-03-29 16:40:00,75.42,11814.749,39.328,319.926,119.443,72.61,68.68,78.23,70.93,10.5,58.32
2025-03-29 16:45:00,77.508,12440.456,40.508,333.464,111.539,72.91,68.46,79.05,70.26,12.12,58.32
2025-03-29 16:50:00,74.788,12244.113,39.526,326.938,116.933,72.23,68.39,78.5,70.18,10.92,58.31
2025-03-29 16:55:00,82.523,11770.74,39.913,327.798,114.76,72.7,68.3,77.53,70.0,13.14,58.3
2025-03-29 17:00:00,74.111,11790.562,39.375,336.455,115.041,70.57,67.08,76.75,69.54,11.04,58.29
2025-03-29 17:05:00,75.057,11906.853,39.438,321.504,111.039,71.17,67.74,76.89,69.24,11.23,58.28
2025-03-29 17:10:00,74.421,11979.117,39.918,330.991,115.62,70.99,66.51,76.07,68.92,11.65,58.28
2025-03-29 17:15:00,75.34,12138.582,39.832,328.988,113.265,69.79,66.36,75.53,67.5,10.65,58.27
2025-03-29 17:20:00,74.645,11876.528,39.5,333.937,116.489,69.8,65.16,75.17,67.69,10.63,58.26
2025-03-29 17:25:00,71.109,12181.296,39.545,330.042,116.054,68.92,65.49,75.88,67.22,9.26,58.25
2025-03-29 17:30:00,74.538,11910.003,40.026,334.236,117.095,70.69,65.88,76.42,67.84,9.71,58.25
2025-03-29 17:35:00,70.612,11985.659,40.043,328.025,112.879,69.32,65.78,75.29,67.87,11.58,58.24
2025-03-29 17:40:00,73.695,12075.04,39.418,329.299,113.445,69.71,66.1,76.09,68.64,10.36,58.23
2025-03-29 17:45:00,76.031,12418.675,39.347,329.218,113.097,71.71,67.37,77.02,69.07,10.98,58.22
2025-03-29 17:50:00,75.42,12029.239,39.796,325.065,116.989,71.38,67.0,77.57,69.74,9.95,58.22
2025-03-29 17:55:00,76.966,12062.148,39.289,326.564,116.334,71.13,66.56,75.81,67.65,11.54,58.21
2025-03-29 18:00:00,71.065,12117.683,39.725,331.131,116.288,70.56,67.08,76.7,69.12,10.34,58.2
2025-03-29 18:05:00,74.757,12024.364,39.897,331.957,117.422,71.5,67.35,77.47,68.57,8.99,58.19
2025-03-29 18:10:00,77.288,11975.527,39.671,320.558,115.657,71.23,66.88,77.37,69.13,7.71,58.18
2025-03-29 18:15:00,75.106,12271.095,40.021,333.991,116.484,71.43,67.66,76.84,69.2,8.71,58.18
2025-03-29 18:20:00,74.789,11922.067,39.47,326.671,116.447,71.47,65.56,76.71,68.29,9.86,58.17
2025-03-29 18:25:00,79.2,11875.716,39.048,330.308,116.445,71.81,66.68,77.25,69.05,5.99,58.16
2025-03-29 18:30:00,76.002,11820.03,39.551,321.036,115.687,70.86,67.61,76.89,69.3,8.3,58.16
2025-03-29 18:35:00,76.043,11945.003,39.75,326.012,116.236,71.23,66.32,77.39,68.69,9.88,58.15
2025-03-29 18:40:00,73.689,12495.53,39.234,330.143,119.359,72.32,68.28,78.89,70.68,8.58,58.14
2025-03-29 18:45:00,73.828,12085.648,39.544,322.823,119.813,73.87,69.66,80.02,71.61,7.99,58.13
2025-03-29 18:50:00,78.208,11705.3,39.334,327.062,115.02,73.21,70.09,79.46,71.1,9.55,58.13
2025-03-29 18:55:00,77.593,12246.057,39.907,320.448,115.806,71.62,67.92,77.91,70.6,8.79,58.12
2025-03-29 19:00:00,75.794,11984.061,39.174,327.949,111.369,71.07,67.74,78.44,69.83,8.21,58.11
2025-03-29 19:05:00,70.584,12088.568,40.003,325.204,114.646,70.94,66.62,76.13,68.21,7.96,58.1
2025-03-29 19:10:00,75.237,12051.824,39.793,332.482,117.478,70.65,66.87,78.1,69.24,7.38,58.1
2025-03-29 19:15:00,73.353,11993.502,39.025,332.029,113.958,71.94,68.42,78.34,70.75,7.23,58.09
2025-03-29 19:20:00,73.273,12310.485,39.158,326.42,114.07,72.68,68.86,78.61,70.57,7.72,58.08
2025-03-29 19:25:00,73.266,12204.875,39.379,328.913,116.746,73.22,69.4,78.47,70.77,9.14,58.08
2025-03-29 19:30:00,76.355,12175.747,39.21,319.928,116.356,73.55,69.08,79.24,71.49,7.2,58.07
2025-03-29 19:35:00,76.206,12053.503,39.236,325.258,111.254,73.06,68.94,79.26,70.86,8.49,58.06
2025-03-29 19:40:00,80.452,11865.393,40.109,324.519,117.506,73.14,69.33,79.7,72.0,6.06,58.06
2025-03-29 19:45:00,73.411,12120.187,39.525,328.33,117.004,74.16,69.9,79.65,71.48,6.76,58.05
2025-03-29 19:50:00,73.007,12088.003,39.204,327.987,117.856,72.97,69.59,79.68,70.95,6.83,58.04
2025-03-29 19:55:00,79.296,12147.268,39.356,321.296,116.464,73.27,69.37,79.05,70.9,7.92,58.04
2025-03-29 20:00:00,75.348,12302.311,39.63,333.367,113.009,72.24,68.1,78.58,70.63,7.02,58.03
2025-03-29 20:05:00,75.423,12266.985,39.336,322.753,113.302,74.16,68.85,79.84,71.53,6.84,58.02
2025-03-29 20:10:00,80.289,12048.117,39.474,327.899,114.613,74.01,70.18,79.7,72.58,6.83,58.02
2025-03-29 20:15:00,75.45,12017.626,39.314,323.873,113.791,73.16,69.18,78.64,70.77,5.25,58.01
2025-03-29 20:20:00,74.244,12047.398,39.606,326.432,115.059,73.18,68.59,79.14,71.36,6.88,58.0
2025-03-29 20:25:00,74.538,11948.852,39.696,322.602,114.439,73.28,69.2,79.39,71.72,4.68,58.0
2025-03-29 20:30:00,77.777,11994.257,39.644,326.697,117.905,73.03,69.05,79.36,70.16,6.0,57.99
2025-03-29 20:35:00,73.044,12200.561,39.503,326.832,116.049,73.71,68.52,79.04,71.11,6.96,57.98
2025-03-29 20:40:00,84.183,11763.568,38.768,322.768,114.769,72.72,68.8,79.55,70.96,6.82,57.98
2025-03-29 20:45:00,76.304,11995.551,39.705,320.194,114.157,73.54,69.72,79.48,71.35,6.18,57.97
2025-03-29 20:50:00,77.523,12105.213,39.433,320.592,115.844,73.47,69.45,79.38,70.82,6.24,57.96
2025-03-29 20:55:00,77.513,11903.567,39.736,323.994,114.685,73.51,69.07,79.49,71.18,5.69,57.96
2025-03-29 21:00:00,76.858,11939.097,39.334,318.533,115.913,73.74,68.98,79.21,71.81,5.52,57.95
2025-03-29 21:05:00,78.216,12005.49,39.54,327.028,116.267,73.23,69.63,78.97,71.39,5.25,57.95
2025-03-29 21:10:00,72.521,11800.872,38.651,327.295,115.572,73.54,69.19,79.47,71.15,3.78,57.94
2025-03-29 21:15:00,74.236,12156.448,39.76,320.631,111.919,72.63,69.16,79.52,71.63,5.4,57.93
2025-03-29 21:20:00,77.218,12118.466,38.878,325.926,111.448,73.41,70.51,79.24,71.66,2.77,57.93
2025-03-29 21:25:00,77.438,11941.883,39.25,327.772,121.138,73.75,70.47,80.03,71.84,3.83,57.92
2025-03-29 21:30:00,81.836,12272.605,39.483,325.901,116.129,73.03,69.3,79.94,71.81,5.48,57.92
2025-03-29 21:35:00,78.062,12073.902,38.812,316.709,114.045,73.6,69.21,79.51,71.99,4.64,57.91
2025-03-29 21:40:00,72.084,11904.63,39.234,321.922,117.988,73.56,68.76,79.42,71.42,4.25,57.9
2025-03-29 21:45:00,76.034,11748.072,39.461,322.176,115.064,72.13,68.41,78.62,70.35,3.07,57.9
2025-03-29 21:50:00,67.546,11768.367,38.772,323.512,115.561,71.12,67.39,76.98,68.82,2.89,57.89
2025-03-29 21:55:00,75.36,11609.475,38.703,318.428,116.021,72.26,67.88,77.37,70.17,4.26,57.89
2025-03-29 22:00:00,78.398,11974.523,39.698,326.912,112.497,71.62,68.04,78.24,69.75,3.48,57.88
2025-03-29 22:05:00,70.852,11601.229,39.476,321.135,116.2,71.89,67.31,78.03,70.08,3.25,57.88
2025-03-29 22:10:00,74.816,11871.179,38.723,322.69,112.064,72.12,68.13,78.74,70.54,3.36,57.87
2025-03-29 22:15:00,70.918,11917.967,38.941,317.165,114.329,71.69,68.04,77.79,69.99,4.3,57.86
2025-03-29 22:20:00,72.367,12275.572,39.118,325.72,114.873,71.65,66.98,77.42,69.71,4.03,57.86
2025-03-29 22:25:00,75.721,11994.613,38.708,321.139,114.722,71.18,67.05,77.73,69.1,3.75,57.85
2025-03-29 22:30:00,73.623,12023.462,39.585,314.641,111.975,71.66,67.84,78.86,70.58,2.48,57.85
2025-03-29 22:35:00,75.348,11929.183,39.191,319.097,115.933,72.98,68.79,79.42,70.9,5.11,57.84
2025-03-29 22:40:00,77.67,11815.934,38.842,322.567,120.481,73.72,70.01,79.64,71.74,2.85,57.84
2025-03-29 22:45:00,79.367,12280.943,39.518,327.175,115.001,74.16,69.64,80.05,72.65,1.83,57.83
2025-03-29 22:50:00,79.742,11730.39,38.901,323.495,114.759,74.41,70.48,80.37,72.85,2.95,57.83
2025-03-29 22:55:00,79.624,11820.582,39.17,325.492,118.726,73.34,70.53,80.4,71.8,1.54,57.82
2025-03-29 23:00:00,74.897,12302.078,39.115,323.239,117.354,73.0,69.28,79.32,71.22,3.01,57.82
2025-03-29 23:05:00,76.69,12173.098,38.689,324.922,114.832,73.6,70.34,78.86,71.31,1.62,57.81
2025-03-29 23:10:00,76.741,12067.198,38.836,322.924,114.88,74.1,70.02,79.49,71.71,2.67,57.81
2025-03-29 23:15:00,74.88,11828.265,38.698,323.827,113.969,73.43,70.43,79.58,72.01,1.27,57.8
2025-03-29 23:20:00,75.171,12077.102,39.321,316.504,118.269,74.62,70.35,80.23,72.8,2.9,57.8
2025-03-29 23:25:00,74.951,12078.914,39.095,325.099,112.199,74.84,70.3,81.08,73.24,2.12,57.79
2025-03-29 23:30:00,75.013,11764.564,39.038,324.103,114.832,74.13,70.32,79.62,71.45,3.41,57.79
2025-03-29 23:35:00,72.928,11953.135,39.437,319.041,113.268,73.88,70.44,80.13,71.75,2.71,57.78
2025-03-29 23:40:00,79.74,12241.896,38.534,321.425,114.591,73.64,70.13,79.98,72.02,3.21,57.78
2025-03-29 23:45:00,74.497,12014.524,39.086,324.008,114.084,74.86,71.15,80.2,72.8,1.99,57.77
2025-03-29 23:50:00,76.396,12105.437,38.864,324.683,113.147,75.16,71.44,80.37,72.92,2.72,57.77
2025-03-29 23:55:00,76.785,11850.621,38.676,317.154,117.455,75.6,71.41,81.12,73.52,2.49,57.77
2025-03-30 00:00:00,80.442,12089.548,38.835,323.268,110.18,74.86,70.46,80.27,72.44,1.96,57.76
2025-03-30 00:05:00,76.735,11932.916,39.178,327.938,113.379,74.96,70.95,79.87,73.4,1.77,57.76
2025-03-30 00:10:00,76.156,11763.802,39.445,321.504,115.108,74.18,70.1,80.61,71.93,1.86,57.75
2025-03-30 00:15:00,77.619,12223.023,39.312,326.805,110.51,74.23,69.87,79.41,71.37,2.08,57.75
2025-03-30 00:20:00,75.503,12006.118,38.991,313.999,119.338,75.08,70.37,80.8,72.54,2.01,57.74
2025-03-30 00:25:00,77.636,12127.232,38.885,327.285,115.264,74.55,70.06,80.33,72.53,2.4,57.74
2025-03-30 00:30:00,77.562,11944.282,38.643,326.623,116.927,74.29,70.45,80.56,71.81,1.13,57.74
2025-03-30 00:35:00,77.701,11963.237,39.411,313.538,114.852,74.81,71.14,81.17,72.86,1.26,57.73
2025-03-30 00:40:00,77.246,12251.113,38.545,322.256,116.608,76.06,71.23,81.05,72.93,1.52,57.73
2025-03-30 00:45:00,80.13,12141.612,39.132,325.255,114.743,75.14,70.91,81.26,73.08,1.44,57.72
2025-03-30 00:50:00,77.266,12236.782,39.633,314.302,112.736,74.61,71.65,81.03,72.55,1.94,57.72
2025-03-30 00:55:00,73.349,12163.823,39.195,312.931,112.03,75.18,70.84,80.83,73.33,1.49,57.72
2025-03-30 01:00:00,80.35,12259.047,39.228,321.534,117.86,74.18,71.17,80.26,72.6,1.58,57.71
2025-03-30 01:05:00,78.691,11776.546,38.84,323.122,115.378,74.31,70.31,79.73,71.97,1.09,57.71
2025-03-30 01:10:00,79.649,12353.498,39.277,328.817,109.402,74.8,71.14,81.42,72.73,3.32,57.71
2025-03-30 01:15:00,78.756,11937.01,39.612,319.636,110.302,75.15,71.19,81.27,72.51,3.09,57.7
2025-03-30 01:20:00,74.686,12190.822,39.264,325.733,115.436,75.65,71.88,81.71,73.34,1.23,57.7
2025-03-30 01:25:00,80.079,12106.644,38.719,317.489,117.197,74.93,70.72,80.74,72.98,2.34,57.69
2025-03-30 01:30:00,80.318,12282.579,38.703,317.645,112.91,75.19,70.74,80.67,72.83,0.68,57.69
2025-03-30 01:35:00,77.094,12036.694,39.064,318.47,116.402,75.47,71.63,82.12,73.48,1.56,57.69
2025-03-30 01:40:00,74.564,12355.904,38.625,316.044,114.43,75.93,72.5,81.59,74.7,0.63,57.68
2025-03-30 01:45:00,82.33,12346.28,39.921,317.525,120.042,77.23,73.77,84.35,75.2,1.55,57.68
2025-03-30 01:50:00,79.536,12106.322,39.122,314.854,117.29,78.47,74.55,84.39,76.15,1.24,57.68
2025-03-30 01:55:00,79.903,12094.405,39.282,317.88,118.114,78.49,74.35,84.44,76.47,2.03,57.68
2025-03-30 02:00:00,82.988,12110.079,38.427,320.351,116.51,78.26,74.28,84.83,76.4,1.88,57.67
2025-03-30 02:05:00,82.629,12026.583,38.706,318.969,123.028,78.84,74.46,84.87,77.24,1.9,57.67
2025-03-30 02:10:00,84.364,11961.052,38.113,320.228,117.511,78.92,74.35,84.56,76.81,2.37,57.67
2025-03-30 02:15:00,,,,,,,,,,,
2025-03-30 02:20:00,,,,,,,,,,,
2025-03-30 02:25:00,,,,,,,,,,,
2025-03-30 02:30:00,,,,,,,,,,,
2025-03-30 02:35:00,,,,,,,,,,,
2025-03-30 02:40:00,,,,,,,,,,,
2025-03-30 02:45:00,,,,,,,,,,,
2025-03-30 02:50:00,,,,,,,,,,,
2025-03-30 02:55:00,86.764,12151.249,39.195,317.645,119.944,78.45,75.27,85.26,76.58,2.19,57.64
2025-03-30 03:00:00,85.918,11796.936,39.834,322.349,114.599,78.73,74.47,84.88,76.74,3.82,57.64
2025-03-30 03:05:00,81.306,12177.043,38.941,322.866,115.564,78.81,74.68,84.33,76.5,2.6,57.64
2025-03-30 03:10:00,80.514,12125.042,39.099,314.885,118.143,79.08,75.25,85.18,77.48,2.57,57.64
2025-03-30 03:15:00,77.833,12090.192,38.528,318.381,114.052,79.48,76.03,84.67,76.98,1.89,57.63
2025-03-30 03:20:00,79.608,12133.588,38.237,317.474,114.824,77.72,74.28,83.8,75.14,2.5,57.63
2025-03-30 03:25:00,82.229,12103.55,39.007,325.363,118.8,77.91,74.42,82.48,75.9,1.52,57.63
2025-03-30 03:30:00,78.722,12277.754,39.145,319.481,114.25,77.42,74.27,83.85,75.38,2.77,57.63
2025-03-30 03:35:00,74.458,12011.75,38.644,322.289,116.218,78.74,74.18,84.74,76.56,1.83,57.63
2025-03-30 03:40:00,77.548,12168.252,38.759,313.86,117.329,78.61,74.57,83.84,76.08,2.79,57.62
2025-03-30 03:45:00,81.849,12580.162,39.537,324.219,114.596,78.86,74.91,85.71,76.47,3.51,57.62
2025-03-30 03:50:00,78.064,12132.508,39.211,316.753,115.905,78.58,75.27,84.95,76.62,2.62,57.62
2025-03-30 03:55:00,85.166,12221.709,39.513,322.638,117.037,78.85,75.19,84.63,76.73,2.21,57.62
2025-03-30 04:00:00,79.738,12125.759,38.543,315.496,117.4,77.13,72.75,83.94,75.69,4.1,57.62
2025-03-30 04:05:00,79.256,11794.82,39.039,308.745,116.002,78.77,74.49,84.45,76.07,2.88,57.62
2025-03-30 04:10:00,81.72,12190.786,38.628,320.053,117.74,78.63,74.39,84.66,76.61,2.77,57.62
2025-03-30 04:15:00,80.298,12107.824,38.662,316.442,120.267,78.89,75.31,86.2,77.66,1.63,57.61
2025-03-30 04:20:00,73.79,12453.236,38.913,321.011,120.61,79.1,75.17,84.75,75.99,3.09,57.61
2025-03-30 04:25:00,77.049,11899.818,39.13,312.288,114.87,79.06,74.87,85.42,76.82,2.36,57.61
2025-03-30 04:30:00,80.381,12013.991,38.617,316.022,115.219,79.04,74.83,84.38,76.2,3.94,57.61
2025-03-30 04:35:00,85.856,11498.317,39.36,321.893,114.831,80.52,75.57,86.0,77.76,3.37,57.61
2025-03-30 04:40:00,81.752,12290.138,38.945,313.447,119.491,80.33,76.65,86.76,78.05,3.75,57.61
2025-03-30 04:45:00,77.312,12307.027,39.381,313.473,119.647,79.92,76.44,85.65,77.6,2.9,57.61
2025-03-30 04:50:00,83.75,12158.137,39.24,318.906,116.396,80.67,76.48,86.59,78.38,3.16,57.61
2025-03-30 04:55:00,82.101,11979.766,39.111,309.215,121.585,81.05,77.36,86.99,78.9,4.03,57.61
2025-03-30 05:00:00,80.925,12445.993,39.342,319.776,117.026,80.61,76.23,86.43,78.93,3.67,57.6
2025-03-30 05:05:00,81.437,12229.532,38.82,318.867,117.622,81.01,77.18,87.21,78.98,4.11,57.6
2025-03-30 05:10:00,83.784,12185.227,39.514,324.959,116.132,79.29,75.53,86.34,78.07,4.11,57.6
2025-03-30 05:15:00,79.201,11934.552,39.209,315.664,114.976,79.29,75.63,85.73,77.0,4.03,57.6
2025-03-30 05:20:00,82.882,11968.63,39.143,325.704,120.907,79.82,75.5,84.89,77.74,4.82,57.6
2025-03-30 05:25:00,83.455,12335.955,39.287,322.359,117.312,80.52,77.54,87.69,78.27,6.38,57.6
2025-03-30 05:30:00,86.041,12095.095,39.447,316.38,121.153,81.55,77.03,86.05,78.95,4.8,57.6
2025-03-30 05:35:00,79.842,12326.265,38.664,321.699,117.457,80.79,76.68,86.58,78.73,4.72,57.6
2025-03-30 05:40:00,82.338,12212.929,39.776,317.999,120.297,79.55,75.32,85.11,77.64,5.87,57.6
2025-03-30 05:45:00,81.953,12231.388,38.795,321.143,117.519,79.55,75.02,85.44,76.98,2.48,57.6
2025-03-30 05:50:00,77.921,12322.729,39.394,318.705,119.579,79.84,75.66,85.37,77.63,5.42,57.6
2025-03-30 05:55:00,80.501,12321.969,38.84,309.62,114.206,78.42,74.29,84.47,76.48,4.47,57.6
2025-03-30 06:00:00,80.125,11823.135,39.35,320.194,114.961,79.21,74.81,85.1,76.23,4.89,57.6
2025-03-30 06:05:00,80.799,12069.469,38.757,317.472,117.296,80.17,75.45,85.32,77.77,4.82,57.6
2025-03-30 06:10:00,78.931,11813.812,38.671,324.704,120.255,78.94,75.67,85.07,77.61,4.15,57.6
2025-03-30 06:15:00,81.643,12130.333,39.977,325.615,111.998,78.21,74.37,84.18,76.15,5.73,57.6
2025-03-30 06:20:00,82.103,12306.999,38.819,308.147,112.765,78.76,74.01,84.3,76.48,5.53,57.6
2025-03-30 06:25:00,81.78,12075.351,39.246,313.236,121.343,78.03,74.26,84.61,76.48,4.16,57.6
2025-03-30 06:30:00,79.088,11854.657,38.621,316.914,115.953,77.97,73.72,84.23,75.7,5.5,57.6
2025-03-30 06:35:00,82.647,12356.092,39.39,324.581,116.967,78.41,74.18,83.69,76.45,6.07,57.6
2025-03-30 06:40:00,82.925,12058.773,39.64,324.256,115.838,79.24,74.5,84.56,76.89,5.95,57.6
2025-03-30 06:45:00,78.587,12437.307,38.727,315.164,116.657,78.15,74.57,84.43,76.49,6.29,57.6
2025-03-30 06:50:00,78.285,11863.325,39.669,319.094,116.544,77.41,74.23,84.02,75.37,6.01,57.6
2025-03-30 06:55:00,78.016,11791.04,39.013,320.215,115.445,77.57,73.77,83.27,75.54,5.71,57.6
2025-03-30 07:00:00,78.394,12077.931,38.615,313.696,119.91,77.07,73.11,82.65,75.62,6.1,57.6
2025-03-30 07:05:00,80.563,12072.9,39.458,319.771,117.125,76.44,72.46,81.6,74.44,6.06,57.61
2025-03-30 07:10:00,78.757,12207.838,39.149,320.974,116.862,77.14,73.07,82.55,74.32,7.64,57.61
2025-03-30 07:15:00,79.76,12043.573,39.208,324.711,116.809,76.86,73.07,83.07,75.22,8.2,57.61
2025-03-30 07:20:00,73.834,11976.197,39.39,322.824,113.228,76.28,72.1,82.75,73.77,7.51,57.61
2025-03-30 07:25:00,78.728,12085.805,39.015,320.918,114.27,76.44,72.6,83.32,75.24,5.95,57.61
2025-03-30 07:30:00,77.059,12223.833,39.885,322.518,110.675,77.91,73.59,84.05,75.59,6.39,57.61
2025-03-30 07:35:00,79.651,12154.02,39.338,320.838,118.606,77.48,74.21,84.03,75.2,7.36,57.61
2025-03-30 07:40:00,82.968,12146.862,39.438,313.451,120.403,78.68,74.85,84.16,76.5,8.22,57.61
2025-03-30 07:45:00,78.546,12250.428,39.832,321.464,118.254,77.63,73.85,83.5,75.37,6.93,57.61
2025-03-30 07:50:00,79.699,11804.209,39.551,321.29,117.976,77.87,73.4,83.88,75.54,7.43,57.62
2025-03-30 07:55:00,81.254,12055.398,39.59,318.108,117.552,77.33,74.29,84.42,76.57,7.92,57.62
2025-03-30 08:00:00,77.358,12027.89,39.091,323.831,111.66,77.36,73.51,83.87,75.43,7.33,57.62
2025-03-30 08:05:00,82.19,12103.502,39.549,313.296,114.294,77.97,73.44,83.59,75.79,6.41,57.62
2025-03-30 08:10:00,79.861,12248.23,38.979,326.567,113.971,77.76,74.43,83.79,75.93,8.15,57.62
2025-03-30 08:15:00,79.397,11841.151,38.92,321.988,118.251,78.14,73.84,84.11,75.85,6.27,57.62
2025-03-30 08:20:00,81.154,12158.291,39.336,321.981,117.712,79.25,74.32,84.49,77.04,7.47,57.62
2025-03-30 08:25:00,79.244,11995.736,39.609,322.816,116.132,79.44,76.28,86.24,78.02,8.32,57.63
2025-03-30 08:30:00,78.572,11863.517,40.175,319.681,116.744,79.38,75.42,85.64,77.93,7.88,57.63
2025-03-30 08:35:00,82.641,12016.745,39.968,317.802,114.535,79.45,75.88,85.7,78.08,9.87,57.63
2025-03-30 08:40:00,80.082,11948.315,38.982,317.936,116.273,79.5,74.95,84.98,76.82,9.05,57.63
2025-03-30 08:45:00,79.221,11820.922,39.034,317.979,114.869,78.68,75.36,85.24,77.4,8.37,57.63
2025-03-30 08:50:00,83.728,12452.266,39.746,321.141,118.969,79.13,75.19,84.49,77.5,10.74,57.64
2025-03-30 08:55:00,81.617,12138.581,39.832,317.921,116.366,80.07,75.83,85.75,77.33,9.58,57.64
2025-03-30 09:00:00,81.216,12341.547,39.559,319.004,117.206,79.8,75.43,85.34,77.67,9.12,57.64
2025-03-30 09:05:00,82.274,12340.409,40.19,317.505,121.268,79.97,76.03,86.07,78.47,9.23,57.64
2025-03-30 09:10:00,81.987,12189.994,39.204,317.665,119.117,80.1,75.53,85.8,77.94,9.26,57.65
2025-03-30 09:15:00,85.1,12398.383,39.934,321.565,118.515,78.12,74.58,84.22,76.23,9.73,57.65
2025-03-30 09:20:00,79.811,11782.355,39.31,321.921,116.159,77.87,73.14,83.99,75.72,9.8,57.65
2025-03-30 09:25:00,77.178,12012.573,39.16,315.787,114.11,76.64,73.38,85.11,75.62,8.74,57.65
2025-03-30 09:30:00,80.815,12022.162,39.296,316.104,117.796,76.1,72.09,82.46,74.98,10.25,57.66
2025-03-30 09:35:00,82.74,11710.105,40.0,317.092,114.071,75.74,72.7,81.58,74.66,10.7,57.66
2025-03-30 09:40:00,83.003,12160.326,39.803,328.527,121.726,76.61,73.43,82.97,75.45,9.18,57.66
2025-03-30 09:45:00,82.421,11975.915,39.936,310.438,116.192,78.46,73.73,83.95,76.9,8.67,57.66
2025-03-30 09:50:00,81.424,12153.925,38.839,324.554,119.621,78.27,74.09,84.34,75.65,8.22,57.67
2025-03-30 09:55:00,77.674,11970.964,39.129,320.717,117.771,79.12,73.53,83.86,76.31,10.69,57.67
2025-03-30 10:00:00,79.911,12370.688,39.687,320.648,115.079,78.58,74.05,84.39,75.81,9.29,57.67
2025-03-30 10:05:00,78.932,12386.66,40.233,326.486,119.393,78.47,74.08,84.2,76.4,11.91,57.68
2025-03-30 10:10:00,81.355,12095.282,39.886,315.778,119.761,78.32,75.32,84.57,76.5,11.22,57.68
2025-03-30 10:15:00,77.844,12084.634,39.192,320.333,115.167,78.57,74.79,84.77,75.61,11.88,57.68
2025-03-30 10:20:00,78.897,11819.256,39.66,319.488,112.432,78.6,75.4,84.77,76.76,11.42,57.68
2025-03-30 10:25:00,84.623,12151.607,39.592,317.883,116.619,78.64,75.08,84.96,77.19,11.13,57.69
2025-03-30 10:30:00,83.558,11999.215,39.61,318.895,121.027,80.03,75.68,85.17,76.98,10.53,57.69
2025-03-30 10:35:00,79.636,12023.839,39.548,314.384,117.186,79.86,75.61,86.19,77.52,10.73,57.69
2025-03-30 10:40:00,78.537,12057.923,39.88,315.839,115.879,79.79,75.76,84.96,77.73,11.46,57.7
2025-03-30 10:45:00,81.55,12279.197,39.404,309.989,118.353,79.78,75.41,86.46,78.2,9.49,57.7
2025-03-30 10:50:00,83.867,12138.083,39.97,318.186,118.279,78.63,75.23,84.06,76.02,11.67,57.71
2025-03-30 10:55:00,80.05,11990.6,39.376,314.571,117.348,78.0,73.78,84.15,76.08,11.65,57.71
2025-03-30 11:00:00,78.385,12615.214,39.912,328.596,113.017,78.32,74.29,83.95,76.63,10.41,57.71
2025-03-30 11:05:00,84.373,12153.485,39.563,316.415,119.888,76.83,74.02,83.12,76.33,13.09,57.72
2025-03-30 11:10:00,77.931,12153.571,39.459,316.431,114.521,78.07,73.08,83.39,75.19,11.19,57.72
2025-03-30 11:15:00,78.37,12359.935,39.973,324.642,114.072,77.89,73.56,82.88,75.35,11.39,57.72
2025-03-30 11:20:00,82.898,12107.841,39.912,323.505,118.456,76.94,72.78,83.02,74.55,12.47,57.73
2025-03-30 11:25:00,81.223,12454.121,39.446,320.328,113.306,77.19,73.9,83.69,74.69,11.53,57.73
2025-03-30 11:30:00,75.485,12087.443,39.811,320.438,116.121,76.06,72.79,82.84,74.9,11.25,57.74
2025-03-30 11:35:00,80.635,11861.917,39.308,318.419,114.073,77.43,72.88,82.52,75.05,13.1,57.74
2025-03-30 11:40:00,80.287,12093.302,39.731,315.525,119.546,76.59,72.64,83.29,74.75,11.19,57.74
2025-03-30 11:45:00,73.881,12402.126,39.473,327.558,113.738,76.28,73.21,82.17,74.17,12.19,57.75
2025-03-30 11:50:00,81.29,11928.797,39.755,319.154,116.717,77.57,73.78,83.85,75.48,11.58,57.75
2025-03-30 11:55:00,81.605,12134.385,39.509,322.214,118.686,77.12,73.68,83.31,75.66,12.01,57.76
2025-03-30 12:00:00,76.323,12142.149,39.653,320.321,111.264,76.8,73.89,83.28,76.06,12.31,57.76
2025-03-30 12:05:00,83.345,11992.767,39.829,317.722,121.361,77.26,73.26,83.08,76.01,12.93,57.77
2025-03-30 12:10:00,81.723,11874.367,39.791,314.337,116.195,78.25,74.36,83.89,75.98,13.7,57.77
2025-03-30 12:15:00,79.17,12347.214,39.621,317.624,115.806,78.74,75.13,84.3,76.27,10.9,57.77
2025-03-30 12:20:00,78.608,12020.904,39.302,323.796,120.15,78.8,74.48,84.4,76.74,12.1,57.78
2025-03-30 12:25:00,81.026,12197.501,39.754,327.994,119.943,78.66,75.13,84.88,77.26,12.09,57.78
2025-03-30 12:30:00,77.293,12349.846,39.315,320.367,115.835,78.74,74.87,84.74,76.4,11.39,57.79
2025-03-30 12:35:00,80.151,12185.866,39.652,320.808,114.721,77.91,74.26,84.16,76.4,12.7,57.79
2025-03-30 12:40:00,81.314,12150.184,39.485,321.83,118.356,78.31,73.93,84.15,76.39,14.05,57.8
2025-03-30 12:45:00,81.892,11833.27,39.551,320.663,115.972,77.35,73.88,83.95,75.77,12.39,57.8
2025-03-30 12:50:00,79.169,12061.819,40.463,316.261,116.811,77.75,72.98,83.45,75.81,13.84,57.81
2025-03-30 12:55:00,75.142,11765.153,39.934,322.206,117.067,76.96,72.84,82.98,74.37,13.18,57.81
2025-03-30 13:00:00,77.936,12032.932,39.333,314.058,116.432,75.93,72.39,82.38,74.22,12.4,57.82
2025-03-30 13:05:00,79.494,12019.118,39.785,328.807,114.752,75.44,71.89,81.09,73.33,12.76,57.82
2025-03-30 13:10:00,76.707,12124.348,39.924,324.589,114.701,75.09,69.85,81.06,73.18,12.25,57.83
2025-03-30 13:15:00,75.218,11739.343,39.796,323.003,118.558,75.49,70.36,80.55,72.61,11.98,57.83
2025-03-30 13:20:00,76.297,11673.927,39.148,324.833,114.584,75.87,70.91,82.14,73.3,11.57,57.84
2025-03-30 13:25:00,77.071,12148.944,40.246,325.063,117.966,75.86,71.73,81.38,73.2,12.29,57.84
2025-03-30 13:30:00,77.699,11630.685,39.649,319.384,114.341,75.07,71.55,82.23,74.16,12.06,57.85
2025-03-30 13:35:00,80.138,12136.91,39.271,319.052,115.778,76.46,71.11,81.79,73.9,12.07,57.85
2025-03-30 13:40:00,79.672,12130.71,39.694,317.211,114.466,74.55,71.02,81.82,73.42,13.16,57.86
2025-03-30 13:45:00,77.536,12123.368,39.59,323.045,115.017,75.94,72.11,82.44,73.32,12.07,57.86
2025-03-30 13:50:00,78.244,12135.539,39.562,316.979,112.03,75.94,71.41,80.97,73.61,13.75,57.87
2025-03-30 13:55:00,81.817,11853.696,39.621,326.494,115.837,75.03,70.47,80.49,71.98,12.8,57.88
2025-03-30 14:00:00,78.572,12068.878,39.955,318.124,117.791,74.84,71.02,80.31,71.93,12.99,57.88
2025-03-30 14:05:00,83.715,12099.494,40.34,318.896,114.936,75.96,72.38,81.9,73.99,13.55,57.89
2025-03-30 14:10:00,75.651,12308.194,40.032,320.802,119.04,76.27,72.79,81.81,74.22,14.35,57.89
2025-03-30 14:15:00,80.657,12211.582,39.431,314.848,117.817,77.19,73.57,83.15,75.77,13.04,57.9
2025-03-30 14:20:00,77.794,12127.504,39.832,323.062,114.086,74.79,71.74,82.0,73.8,12.71,57.9
2025-03-30 14:25:00,78.309,12263.513,39.333,317.403,116.298,75.45,71.14,81.26,72.67,13.44,57.91
2025-03-30 14:30:00,79.798,11924.966,40.267,317.648,114.731,75.94,71.15,80.86,73.03,13.43,57.92
2025-03-30 14:35:00,76.017,12286.439,40.096,327.666,112.139,72.86,69.28,79.34,70.86,12.65,57.92
2025-03-30 14:40:00,72.068,12024.338,40.057,321.695,117.705,71.41,67.72,77.22,69.17,13.08,57.93
2025-03-30 14:45:00,73.3,11933.05,39.529,318.908,117.472,71.69,68.07,78.58,70.38,11.78,57.93
2025-03-30 14:50:00,77.807,12105.063,39.679,323.294,113.341,72.03,68.35,78.4,70.76,12.47,57.94
2025-03-30 14:55:00,72.402,12027.782,39.608,323.156,111.112,71.85,67.7,78.21,69.24,12.22,57.95
2025-03-30 15:00:00,75.735,11757.537,40.058,319.014,116.22,71.81,67.97,77.47,70.37,12.73,57.95
2025-03-30 15:05:00,71.88,11908.073,39.623,325.578,115.957,71.97,67.56,78.19,70.02,13.04,57.96
2025-03-30 15:10:00,74.457,11783.476,39.586,329.939,117.928,72.7,68.46,78.33,70.18,12.54,57.96
2025-03-30 15:15:00,72.73,11878.543,40.088,320.765,114.381,72.51,68.28,78.13,70.0,11.04,57.97
2025-03-30 15:20:00,76.284,12153.297,39.599,325.824,110.829,73.48,68.27,78.78,70.62,11.3,57.98
2025-03-30 15:25:00,71.567,11950.384,39.725,322.425,118.348,71.62,68.16,78.55,70.38,11.11,57.98
2025-03-30 15:30:00,76.041,11678.611,39.787,323.212,116.65,71.59,67.15,76.78,69.03,12.13,57.99
2025-03-30 15:35:00,76.762,11748.169,39.613,329.109,115.764,71.49,67.72,77.52,69.33,12.64,58.0
2025-03-30 15:40:00,77.863,11953.143,40.122,325.999,116.595,71.2,66.96,76.78,68.23,12.9,58.0
2025-03-30 15:45:00,81.459,12130.117,39.742,324.269,112.261,71.16,66.09,77.15,68.8,10.76,58.01
2025-03-30 15:50:00,75.145,11900.365,39.602,326.228,115.092,69.74,66.05,75.82,67.58,12.38,58.02
2025-03-30 15:55:00,72.735,11873.474,39.264,326.192,117.502,69.94,65.93,76.14,68.47,12.55,58.02
2025-03-30 16:00:00,70.293,11838.224,40.449,332.357,112.866,69.92,65.56,76.19,67.65,11.25,58.03
2025-03-30 16:05:00,71.812,11986.088,39.335,325.847,113.521,68.78,64.69,74.63,66.23,13.62,58.04
2025-03-30 16:10:00,71.649,12004.504,39.748,319.925,112.863,69.18,65.25,74.95,67.14,10.31,58.04
2025-03-30 16:15:00,72.748,12092.231,40.551,327.894,114.803,69.4,65.9,75.33,67.14,13.58,58.05
2025-03-30 16:20:00,74.212,12127.02,39.699,325.837,112.942,69.38,65.02,74.5,67.36,11.24,58.06
2025-03-30 16:25:00,71.285,11917.559,39.363,321.347,113.158,68.69,64.69,74.33,67.35,11.33,58.06
2025-03-30 16:30:00,72.95,11784.572,39.382,332.19,111.748,68.02,65.04,74.02,66.54,11.95,58.07
2025-03-30 16:35:00,68.48,11721.972,39.758,324.739,113.811,69.19,64.65,74.65,67.41,11.91,58.08
2025-03-30 16:40:00,72.555,11883.621,40.241,329.137,111.242,67.96,64.54,75.1,67.03,12.47,58.08
2025-03-30 16:45:00,72.768,11829.442,38.97,325.445,116.12,67.99,64.12,74.43,66.56,9.67,58.09
2025-03-30 16:50:00,73.249,11906.566,40.121,327.232,109.643,67.8,62.86,73.51,65.15,11.4,58.1
2025-03-30 16:55:00,73.233,11794.829,39.752,327.474,115.327,65.97,62.82,73.68,64.98,11.33,58.1
2025-03-30 17:00:00,73.637,11794.28,39.622,323.912,112.048,67.09,63.25,72.67,65.46,11.35,58.11
2025-03-30 17:05:00,69.087,12006.801,39.801,331.255,112.35,66.81,62.8,73.08,64.8,11.82,58.12
2025-03-30 17:10:00,71.75,12041.604,40.457,330.065,108.718,67.35,63.6,73.89,65.37,11.89,58.13
2025-03-30 17:15:00,68.372,11914.198,39.987,332.259,111.591,68.5,63.39,73.89,65.94,10.86,58.13
2025-03-30 17:20:00,69.045,12032.284,40.24,327.74,113.972,67.41,62.75,73.08,65.82,11.35,58.14
2025-03-30 17:25:00,70.022,12019.481,39.668,324.815,109.308,67.71,64.42,73.91,66.55,10.58,58.15
2025-03-30 17:30:00,70.302,12058.682,39.981,326.08,110.464,67.31,63.08,72.91,64.23,10.33,58.16
2025-03-30 17:35:00,73.468,11715.006,39.563,325.743,109.366,67.45,64.04,74.46,64.79,10.2,58.16
2025-03-30 17:40:00,73.544,11877.695,39.843,332.053,112.273,68.11,63.54,73.99,65.9,9.28,58.17
2025-03-30 17:45:00,78.736,11933.475,39.662,336.143,115.059,68.77,64.32,74.53,66.49,11.4,58.18
2025-03-30 17:50:00,71.92,12111.259,39.552,335.07,113.057,67.77,63.6,74.32,66.19,9.61,58.18
2025-03-30 17:55:00,69.685,11758.748,39.836,325.534,115.272,68.87,65.13,75.65,67.14,10.43,58.19
2025-03-30 18:00:00,74.695,12147.829,38.852,326.713,115.805,69.39,65.49,75.32,67.03,9.93,58.2
2025-03-30 18:05:00,74.823,11964.815,39.201,335.21,110.57,69.25,65.27,75.32,67.51,8.5,58.21
2025-03-30 18:10:00,68.887,11951.212,39.436,326.736,113.789,70.25,66.22,76.22,68.74,10.77,58.22
2025-03-30 18:15:00,73.463,12301.883,39.081,333.932,113.892,71.18,67.33,77.56,68.85,7.9,58.22
2025-03-30 18:20:00,71.792,11590.368,39.214,337.038,119.748,71.39,67.89,77.08,69.67,8.29,58.23
2025-03-30 18:25:00,72.903,12238.671,39.755,324.957,119.421,71.12,67.51,77.16,70.24,9.67,58.24
2025-03-30 18:30:00,76.564,11953.896,39.156,330.293,113.75,71.39,67.1,77.39,69.65,8.18,58.25
2025-03-30 18:35:00,75.813,12290.038,39.696,331.964,115.901,70.89,67.11,76.82,68.31,6.48,58.25
2025-03-30 18:40:00,73.3,12057.891,39.643,333.9,113.742,70.8,66.93,77.87,69.01,8.29,58.26
2025-03-30 18:45:00,74.201,11928.089,39.888,330.417,115.33,70.34,66.89,76.4,68.97,9.88,58.27
2025-03-30 18:50:00,67.522,12235.337,39.654,328.63,116.076,71.14,65.99,76.15,68.2,7.42,58.28
2025-03-30 18:55:00,72.697,11919.846,39.113,330.101,117.969,70.07,66.81,76.12,68.44,8.45,58.28
2025-03-30 19:00:00,73.149,11949.338,39.261,325.16,115.566,71.09,66.79,76.65,69.4,8.29,58.29
2025-03-30 19:05:00,75.04,12001.763,39.499,326.279,116.662,70.59,67.1,78.23,69.57,8.42,58.3
2025-03-30 19:10:00,79.191,12060.899,39.069,327.014,121.679,71.92,67.23,76.8,70.14,7.05,58.31
2025-03-30 19:15:00,75.876,11785.438,39.712,324.065,116.026,71.62,67.15,77.5,69.07,7.56,58.32
2025-03-30 19:20:00,76.341,12036.167,39.2,330.795,112.596,70.23,66.87,77.7,67.83,6.93,58.32
2025-03-30 19:25:00,77.915,12004.556,38.977,325.925,121.368,70.47,67.92,77.55,70.25,7.26,58.33
2025-03-30 19:30:00,71.267,11390.806,39.051,329.749,113.547,70.98,66.99,78.28,69.68,7.53,58.34
2025-03-30 19:35:00,74.899,11902.367,39.816,329.489,117.026,70.79,66.75,77.79,68.77,9.03,58.35
2025-03-30 19:40:00,75.49,11858.405,40.343,332.121,116.545,70.26,67.21,76.31,68.47,6.18,58.36
2025-03-30 19:45:00,73.669,11888.487,39.534,328.65,116.754,71.05,68.19,78.19,69.37,7.88,58.37
2025-03-30 19:50:00,74.032,12412.782,39.043,324.234,120.982,70.9,65.92,77.0,68.62,5.65,58.37
2025-03-30 19:55:00,76.824,11964.845,39.939,329.758,116.458,70.91,67.14,77.09,69.29,7.76,58.38
2025-03-30 20:00:00,75.563,12124.146,39.116,335.913,116.951,71.77,67.75,77.64,69.96,5.23,58.39
2025-03-30 20:05:00,76.008,11987.297,39.426,326.83,116.733,71.39,67.53,77.6,70.27,6.58,58.4
2025-03-30 20:10:00,76.243,11923.066,40.144,327.507,115.375,72.31,68.19,77.58,69.5,7.01,58.41
2025-03-30 20:15:00,71.943,12040.505,39.428,330.939,120.088,72.24,67.29,78.19,70.34,6.63,58.41
2025-03-30 20:20:00,77.762,12126.327,39.497,328.954,112.465,71.99,67.14,77.55,69.68,5.5,58.42
2025-03-30 20:25:00,71.861,12353.33,39.159,332.503,117.453,71.58,66.6,76.3,69.23,5.23,58.43
2025-03-30 20:30:00,77.527,12135.282,39.061,335.458,117.895,70.95,66.48,76.53,68.64,5.64,58.44
2025-03-30 20:35:00,73.546,12047.674,39.531,329.624,119.27,69.46,65.48,75.08,68.14,5.43,58.45
2025-03-30 20:40:00,67.434,12243.477,39.672,334.441,117.243,69.91,66.62,75.81,67.95,6.29,58.46
2025-03-30 20:45:00,73.921,12028.399,39.437,333.772,121.231,70.03,66.79,75.49,68.68,5.62,58.46
2025-03-30 20:50:00,73.364,12137.669,39.071,332.033,111.079,69.36,65.47,74.38,66.37,6.48,58.47
2025-03-30 20:55:00,72.391,11853.995,39.035,330.404,114.049,69.51,64.31,74.59,66.83,5.27,58.48
2025-03-30 21:00:00,74.683,12287.75,39.925,332.024,115.572,68.1,64.88,74.31,66.21,5.33,58.49
2025-03-30 21:05:00,74.412,11825.374,39.391,324.028,113.05,68.62,65.16,75.14,66.13,6.05,58.5
2025-03-30 21:10:00,73.284,11681.514,39.304,338.136,116.936,69.01,64.89,75.4,67.17,5.06,58.51
2025-03-30 21:15:00,71.283,12114.346,39.322,338.448,117.229,68.88,65.0,75.34,66.9,4.29,58.51
2025-03-30 21:20:00,78.867,12285.63,39.474,339.978,115.485,69.02,65.98,75.62,67.37,5.92,58.52
2025-03-30 21:25:00,78.637,11935.144,39.421,333.456,117.187,68.96,64.86,75.02,66.98,4.47,58.53
2025-03-30 21:30:00,73.82,11894.937,39.48,325.948,112.731,69.09,66.08,75.95,67.16,4.27,58.54
2025-03-30 21:35:00,68.716,11789.576,39.725,332.694,112.926,68.58,64.86,74.9,66.94,4.99,58.55
2025-03-30 21:40:00,75.288,12079.82,39.587,333.8,117.366,69.69,66.05,75.79,67.44,4.89,58.56
2025-03-30 21:45:00,75.312,11724.62,39.37,330.217,115.66,70.55,65.99,75.75,67.86,5.63,58.57
2025-03-30 21:50:00,73.714,12029.283,39.85,331.951,115.37,69.84,65.72,75.89,67.81,5.46,58.57
2025-03-30 21:55:00,72.753,12010.963,39.51,326.085,118.447,70.31,66.01,75.08,67.36,3.5,58.58
2025-03-30 22:00:00,76.615,12140.644,39.506,335.066,118.832,71.51,66.86,77.08,69.43,3.71,58.59
2025-03-30 22:05:00,69.554,11978.01,40.029,342.534,111.342,70.43,66.26,76.62,68.83,4.92,58.6
2025-03-30 22:10:00,69.125,11960.863,38.595,333.223,117.677,70.4,66.61,75.57,67.56,4.96,58.61
2025-03-30 22:15:00,73.68,12006.001,39.135,338.871,116.136,69.0,65.18,76.05,68.64,3.44,58.62
2025-03-30 22:20:00,76.174,12063.783,39.098,339.356,114.936,69.91,66.07,75.36,67.88,3.87,58.63
2025-03-30 22:25:00,72.452,12026.673,39.035,324.33,111.323,69.95,66.19,75.92,68.9,3.4,58.63
2025-03-30 22:30:00,76.144,12227.742,38.889,328.601,112.208,70.05,66.02,76.72,68.2,3.89,58.64
2025-03-30 22:35:00,70.987,12091.588,39.25,326.873,115.404,71.13,66.35,77.37,68.34,4.17,58.65
2025-03-30 22:40:00,74.656,12248.623,39.391,331.117,114.229,70.29,65.53,75.67,67.94,2.66,58.66
2025-03-30 22:45:00,73.556,11974.229,38.807,333.398,114.138,70.21,65.5,74.99,66.98,3.38,58.67
2025-03-30 22:50:00,73.321,12095.472,38.995,329.713,114.545,70.03,65.79,76.03,67.6,2.5,58.68
2025-03-30 22:55:00,76.998,11748.914,39.756,334.117,116.645,69.85,65.92,75.77,67.89,3.67,58.69
2025-03-30 23:00:00,71.03,12155.422,39.275,334.387,117.783,69.83,64.98,75.96,67.94,3.54,58.7
2025-03-30 23:05:00,72.572,11947.672,39.754,334.069,115.624,68.97,65.46,75.68,67.63,3.28,58.7
2025-03-30 23:10:00,72.324,12376.936,38.961,330.927,115.706,70.05,66.12,76.68,67.96,3.23,58.71
2025-03-30 23:15:00,73.083,12059.467,39.332,330.685,114.954,69.45,65.21,75.56,67.67,3.07,58.72
2025-03-30 23:20:00,71.969,11813.569,39.213,334.075,114.125,68.84,64.23,74.43,66.91,2.55,58.73
2025-03-30 23:25:00,74.57,12046.442,39.238,334.617,112.922,68.04,64.09,73.84,65.27,4.68,58.74
2025-03-30 23:30:00,73.26,11907.127,38.71,332.231,115.111,67.49,63.67,73.12,65.07,1.94,58.75
2025-03-30 23:35:00,67.201,12092.749,39.033,342.949,110.954,66.75,63.26,73.54,65.78,2.16,58.76
2025-03-30 23:40:00,68.065,12099.222,39.056,343.736,114.336,66.0,62.26,71.92,64.51,2.09,58.77
2025-03-30 23:45:00,70.833,12275.392,38.548,338.533,111.908,66.6,62.65,72.89,65.36,2.19,58.77
2025-03-30 23:50:00,66.675,11734.277,39.177,337.196,112.989,67.64,64.08,73.95,66.11,3.16,58.78
2025-03-30 23:55:00,71.738,11838.013,38.986,338.837,111.417,66.26,63.05,72.66,65.08,3.84,58.79
